10500,1,376.12,428.19,27.480000000000018,67.98000000000002,1,1,1.0
10500,2,418.07,426.75,33.25999999999999,44.829999999999984,1,1,1.0
10500,3,446.99,451.33,30.379999999999995,63.64000000000004,1,1,1.0
10500,4,759.4,538.1,43.389999999999986,81.00999999999999,1,1,1.0
10500,5,1076.15,449.89,37.59999999999991,76.64999999999998,1,1,1.0
10500,6,886.68,593.07,34.710000000000036,66.52999999999997,1,1,1.0
10505,1,403.6,444.1,27.47999999999996,67.98000000000002,1,1,1.0
10505,2,441.21,433.98,33.26000000000005,44.829999999999984,1,1,1.0
10505,3,467.24,475.92,30.379999999999995,63.63999999999993,1,1,1.0
10505,4,804.24,562.69,33.25999999999999,70.90999999999997,1,1,1.0
10505,5,1131.1,477.37,30.38000000000011,73.73000000000002,1,1,1.0
10505,6,935.85,622.0,34.70999999999992,66.52999999999997,1,1,1.0
10510,1,426.74,455.67,27.480000000000018,67.97999999999996,1,1,1.0
10510,2,457.12,454.23,33.25999999999999,44.829999999999984,1,1,1.0
10510,3,486.04,484.6,30.37999999999994,63.639999999999986,1,1,1.0
10510,4,836.06,575.7,33.260000000000105,70.91999999999996,1,1,1.0
10510,5,1162.92,493.28,30.37999999999988,73.73000000000002,1,1,1.0
10510,6,980.69,643.7,34.70999999999992,66.52999999999997,1,1,1.0
10515,1,442.65,467.24,27.480000000000018,67.98000000000002,1,1,1.0
10515,2,462.9,454.23,27.480000000000018,62.16999999999996,1,1,1.0
10515,3,509.19,504.85,30.369999999999948,63.639999999999986,1,1,1.0
10515,4,869.32,594.51,33.25999999999999,70.90999999999997,1,1,1.0
10515,5,1206.31,500.51,30.38000000000011,73.73000000000002,1,1,1.0
10515,6,1021.19,653.82,34.710000000000036,66.17999999999995,1,1,1.0
10520,1,460.01,477.37,27.480000000000018,67.97000000000003,1,1,1.0
10520,2,513.57,488.26,25.469999999999914,60.799999999999955,1,1,1.0
10520,3,527.99,514.97,30.370000000000005,63.639999999999986,1,1,1.0
10520,4,899.7,607.52,33.25999999999999,70.92000000000007,1,1,1.0
10520,5,1249.7,513.53,30.299999999999955,73.73000000000002,1,1,1.0
10520,6,1063.13,669.73,34.70999999999981,50.26999999999998,1,1,1.0
10525,1,493.31,482.29,16.689999999999998,50.44999999999999,1,1,1.0
10525,2,564.24,522.3,23.460000000000036,59.42000000000007,1,1,1.0
10525,3,550.4,533.04,28.590000000000032,55.06000000000006,1,1,1.0
10525,4,946.55,609.2,33.25999999999999,70.90999999999997,1,1,1.0
10525,5,1241.96,511.57,30.299999999999955,73.72999999999996,1,1,1.0
10525,6,1125.05,681.44,34.710000000000036,38.559999999999945,1,1,1.0
10530,1,493.33,485.64,33.410000000000025,50.440000000000055,1,1,1.0
10530,2,587.67,512.26,23.460000000000036,59.41999999999996,1,1,1.0
10530,3,570.48,534.71,28.590000000000032,55.059999999999945,1,1,1.0
10530,4,968.31,625.93,33.260000000000105,70.91000000000008,1,1,1.0
10530,5,1234.23,509.61,30.299999999999955,73.73000000000002,1,1,1.0
10530,6,1144.01,681.72,34.710000000000036,38.27999999999997,1,1,1.0
10535,1,508.4,492.33,33.39999999999998,50.44999999999999,1,1,1.0
10535,2,604.4,510.59,23.460000000000036,59.410000000000025,1,1,1.0
10535,3,592.24,534.71,28.590000000000032,55.059999999999945,1,1,1.0
10535,4,1010.14,620.91,33.270000000000095,70.91000000000008,1,1,1.0
10535,5,1226.49,507.65,30.299999999999955,73.74000000000001,1,1,1.0
10535,6,1162.98,682.0,34.710000000000036,38.0,1,1,1.0
10540,1,520.11,488.99,33.39999999999998,50.43999999999994,1,1,1.0
10540,2,617.8,507.24,35.16000000000008,59.40999999999997,1,1,1.0
10540,3,610.64,534.71,33.57000000000005,55.059999999999945,1,1,1.0
10540,4,1035.25,639.32,33.25999999999999,70.90999999999997,1,1,1.0
10540,5,1218.76,505.7,30.299999999999955,73.72999999999996,1,1,1.0
10540,6,1181.94,682.28,34.72000000000003,37.72000000000003,1,1,1.0
10545,1,531.83,483.97,33.39999999999998,50.43999999999994,1,1,1.0
10545,2,619.47,510.58,35.16999999999996,59.420000000000016,1,1,1.0
10545,3,640.77,548.1,33.56000000000006,55.059999999999945,1,1,1.0
10545,4,1063.69,632.62,33.26999999999998,70.91999999999996,1,1,1.0
10545,5,1211.02,503.74,30.299999999999955,73.73000000000002,1,1,1.0
10545,6,1200.91,682.56,34.70999999999981,37.440000000000055,1,1,1.0
10550,1,543.54,480.62,33.40000000000009,50.43999999999994,1,1,1.0
10550,2,636.21,508.91,35.15999999999997,59.420000000000016,1,1,1.0
10550,3,664.19,543.08,33.569999999999936,55.059999999999945,1,1,1.0
10550,4,1087.12,642.66,33.27000000000021,69.11000000000001,1,1,1.0
10550,5,1203.28,501.78,30.309999999999945,73.73000000000002,1,1,1.0
10550,6,1219.88,682.84,34.70999999999981,37.15999999999997,1,1,1.0
10555,1,560.27,487.31,33.40999999999997,50.44999999999999,1,1,1.0
10555,2,647.92,527.32,35.17000000000007,59.41999999999996,1,1,1.0
10555,3,687.62,538.06,33.57000000000005,55.06000000000006,1,1,1.0
10555,4,1110.55,652.71,33.25999999999999,67.28999999999996,1,1,1.0
10555,5,1195.55,499.82,30.299999999999955,73.73999999999995,1,1,1.0
10555,6,1238.84,683.12,34.710000000000036,36.879999999999995,1,1,1.0
10560,1,578.68,490.62,41.73000000000002,52.15999999999997,1,1,1.0
10560,2,664.66,540.71,35.16000000000008,59.40999999999997,1,1,1.0
10560,3,706.03,543.08,33.56000000000006,55.059999999999945,1,1,1.0
10560,4,1110.55,652.7,41.65000000000009,67.29999999999995,1,1,1.0
10560,5,1187.81,497.87,30.299999999999955,73.73000000000002,1,1,1.0
10560,6,1094.92,584.38,105.83999999999992,118.88999999999999,1,1,1.0
10565,1,592.07,493.97,48.41999999999996,52.14999999999998,1,1,1.0
10565,2,673.02,541.54,35.17000000000007,59.42000000000007,1,1,1.0
10565,3,739.5,544.75,33.559999999999945,55.059999999999945,1,1,1.0
10565,4,1135.65,656.05,41.649999999999864,63.950000000000045,1,1,1.0
10565,5,1180.08,495.91,30.300000000000182,73.72999999999996,1,1,1.0
10565,6,951.01,485.65,176.96000000000004,200.88,1,1,1.0
10570,1,620.52,498.99,48.42000000000007,52.14999999999998,1,1,1.0
10570,2,681.39,542.38,35.16999999999996,59.41999999999996,1,1,1.0
10570,3,769.62,548.1,33.559999999999945,55.059999999999945,1,1,1.0
10570,4,1140.67,657.72,41.649999999999864,62.27999999999997,1,1,1.0
10570,5,1172.34,493.95,30.300000000000182,73.72999999999996,1,1,1.0
10570,6,807.09,386.91,248.09000000000003,282.88999999999993,1,1,1.0
10575,1,657.33,500.66,41.76999999999998,52.160000000000025,1,1,1.0
10575,2,693.11,565.81,35.15999999999997,59.42000000000007,1,1,1.0
10575,3,793.0,551.44,40.309999999999945,73.45999999999992,1,1,1.0
10575,4,1145.69,659.39,41.649999999999864,60.610000000000014,1,1,1.0
10575,5,1164.61,491.99,30.300000000000182,73.74000000000001,1,1,1.0
10575,6,663.17,288.17,319.21000000000004,364.90000000000003,1,1,1.0
10580,1,684.11,500.66,41.76999999999998,52.160000000000025,1,1,1.0
10580,2,350.05,497.2,35.15999999999997,59.410000000000025,1,1,1.0
10580,3,816.43,548.1,40.30000000000007,73.44999999999993,1,1,1.0
10580,4,652.03,659.39,41.64999999999998,60.610000000000014,1,1,1.0
10580,5,1156.87,490.03,30.300000000000182,73.74000000000001,1,1,1.0
10580,6,519.26,189.44,390.33000000000004,446.89000000000004,1,1,1.0
10585,1,29.79,649.6,41.77,52.14999999999998,1,1,1.0
10585,2,6.99,428.59,35.169999999999995,59.410000000000025,1,1,1.0
10585,3,6.48,273.65,40.31,73.46000000000004,1,1,1.0
10585,4,158.36,659.39,41.64999999999998,60.610000000000014,1,1,1.0
10585,5,1149.13,488.08,30.309999999999945,73.72999999999996,1,1,1.0
10585,6,375.34,90.7,461.46,528.9,1,1,1.0
10590,1,40.5,641.77,41.769999999999996,52.15999999999997,1,1,1.0
10590,2,8.87,430.97,35.17,59.41999999999996,1,1,1.0
10590,3,16.06,274.4,40.099999999999994,73.08000000000004,1,1,1.0
10590,4,169.91,654.42,41.650000000000006,60.60000000000002,1,1,1.0
10590,5,1141.4,486.12,30.299999999999955,73.73000000000002,1,1,1.0
10590,6,366.97,91.45,461.4599999999999,528.89,1,1,1.0
10595,1,51.21,633.95,41.77,52.15999999999997,1,1,1.0
10595,2,10.76,433.36,35.160000000000004,59.40999999999997,1,1,1.0
10595,3,25.64,275.16,39.89,72.69999999999999,1,1,1.0
10595,4,181.45,649.44,41.650000000000006,60.59999999999991,1,1,1.0
10595,5,1133.66,484.16,30.299999999999955,73.72999999999996,1,1,1.0
10595,6,358.61,92.19,461.46000000000004,528.9000000000001,1,1,1.0
10600,1,61.92,626.13,41.769999999999996,52.14999999999998,1,1,1.0
10600,2,12.64,435.74,35.16,59.420000000000016,1,1,1.0
10600,3,35.22,275.91,39.68000000000001,72.32999999999998,1,1,1.0
10600,4,193.0,644.46,41.650000000000006,60.59999999999991,1,1,1.0
10600,5,1125.93,482.2,30.299999999999955,73.74000000000007,1,1,1.0
10600,6,350.24,92.93,461.46000000000004,528.9000000000001,1,1,1.0
10605,1,72.63,618.3,41.77000000000001,52.16000000000008,1,1,1.0
10605,2,14.52,438.13,35.17,59.410000000000025,1,1,1.0
10605,3,44.8,276.67,39.47,71.94,1,1,1.0
10605,4,204.55,639.48,41.64999999999998,60.610000000000014,1,1,1.0
10605,5,1118.19,480.25,30.299999999999955,73.73000000000002,1,1,1.0
10605,6,341.87,93.68,461.46000000000004,528.8900000000001,1,1,1.0
10610,1,83.34,610.48,41.769999999999996,52.15999999999997,1,1,1.0
10610,2,16.41,440.51,35.16,59.420000000000016,1,1,1.0
10610,3,54.38,277.42,39.26,71.57,1,1,1.0
10610,4,216.09,634.5,41.650000000000006,60.610000000000014,1,1,1.0
10610,5,1110.46,478.29,30.299999999999955,73.72999999999996,1,1,1.0
10610,6,333.5,94.42,461.46000000000004,528.9000000000001,1,1,1.0
10615,1,94.05,602.66,41.769999999999996,52.14999999999998,1,1,1.0
10615,2,18.29,442.9,35.160000000000004,59.410000000000025,1,1,1.0
10615,3,63.96,278.17,39.050000000000004,71.19999999999999,1,1,1.0
10615,4,227.64,629.52,41.650000000000034,60.610000000000014,1,1,1.0
10615,5,1102.72,476.33,30.299999999999955,73.72999999999996,1,1,1.0
10615,6,325.14,95.16,461.46000000000004,528.9,1,1,1.0
10620,1,104.76,594.83,41.769999999999996,52.15999999999997,1,1,1.0
10620,2,20.17,445.28,35.16,59.420000000000016,1,1,1.0
10620,3,73.54,278.93,38.83999999999999,70.81,1,1,1.0
10620,4,239.19,624.54,41.64999999999998,60.610000000000014,1,1,1.0
10620,5,1094.98,474.37,30.309999999999945,73.74000000000001,1,1,1.0
10620,6,316.77,95.91,461.46000000000004,528.9,1,1,1.0
10625,1,115.47,587.01,41.77000000000001,52.15999999999997,1,1,1.0
10625,2,22.05,447.67,35.17,59.40999999999997,1,1,1.0
10625,3,83.12,279.68,38.629999999999995,70.44,1,1,1.0
10625,4,250.73,619.57,41.650000000000006,60.59999999999991,1,1,1.0
10625,5,1087.25,472.42,30.299999999999955,73.72999999999996,1,1,1.0
10625,6,308.4,96.65,461.46000000000004,528.9,1,1,1.0
10630,1,126.18,579.19,41.76999999999998,52.14999999999998,1,1,1.0
10630,2,23.94,450.05,35.16,59.420000000000016,1,1,1.0
10630,3,92.7,280.43,38.42,70.07,1,1,1.0
10630,4,262.28,614.59,41.650000000000034,60.60000000000002,1,1,1.0
10630,5,1079.51,470.46,30.299999999999955,73.73000000000008,1,1,1.0
10630,6,300.03,97.4,461.46000000000004,528.89,1,1,1.0
10635,1,136.89,571.36,41.77000000000001,52.15999999999997,1,1,1.0
10635,2,25.82,452.43,35.16,59.420000000000016,1,1,1.0
10635,3,102.28,281.19,38.21000000000001,69.68,1,1,1.0
10635,4,273.83,609.61,41.650000000000034,60.610000000000014,1,1,1.0
10635,5,1071.78,468.5,30.299999999999955,73.73000000000002,1,1,1.0
10635,6,1215.41,657.97,64.58999999999992,58.68999999999994,1,1,1.0
10640,1,147.6,563.54,41.77000000000001,52.16000000000008,1,1,1.0
10640,2,27.7,454.82,35.16,59.410000000000025,1,1,1.0
10640,3,111.86,281.94,38.000000000000014,69.31,1,1,1.0
10640,4,285.37,604.63,41.64999999999998,60.610000000000014,1,1,1.0
10640,5,1064.04,466.54,30.299999999999955,73.73999999999995,1,1,1.0
10640,6,1190.14,648.87,64.58999999999992,58.700000000000045,1,1,1.0
10645,1,158.31,555.72,41.77000000000001,52.14999999999998,1,1,1.0
10645,2,29.58,457.2,35.17,59.420000000000016,1,1,1.0
10645,3,121.45,282.7,37.77999999999999,68.93,1,1,1.0
10645,4,296.92,599.65,41.64999999999998,60.610000000000014,1,1,1.0
10645,5,1056.31,464.59,30.299999999999955,73.73000000000008,1,1,1.0
10645,6,1164.87,639.78,64.59000000000015,58.690000000000055,1,1,1.0
10650,1,169.02,547.89,41.76999999999998,52.15999999999997,1,1,1.0
10650,2,31.47,459.59,35.16,59.410000000000025,1,1,1.0
10650,3,131.03,283.45,37.56999999999999,68.55000000000001,1,1,1.0
10650,4,308.47,594.67,41.64999999999998,60.610000000000014,1,1,1.0
10650,5,1048.57,462.63,30.299999999999955,73.73000000000002,1,1,1.0
10650,6,1139.6,630.69,64.59000000000015,58.68999999999994,1,1,1.0
10655,1,179.73,540.07,41.77000000000001,52.15999999999997,1,1,1.0
10655,2,33.35,461.97,35.160000000000004,59.41999999999996,1,1,1.0
10655,3,140.61,284.2,37.359999999999985,68.18,1,1,1.0
10655,4,320.02,589.69,41.64000000000004,60.6099999999999,1,1,1.0
10655,5,1040.83,460.67,30.310000000000173,73.72999999999996,1,1,1.0
10655,6,1114.33,621.6,64.59000000000015,58.68999999999994,1,1,1.0
10660,1,190.44,532.25,41.77000000000001,52.14999999999998,1,1,1.0
10660,2,35.23,464.36,35.17000000000001,59.40999999999997,1,1,1.0
10660,3,150.19,284.96,37.150000000000006,67.80000000000001,1,1,1.0
10660,4,331.56,584.72,41.64999999999998,60.60000000000002,1,1,1.0
10660,5,1033.1,458.71,30.300000000000182,73.74000000000007,1,1,1.0
10660,6,1089.06,612.5,64.59000000000015,58.700000000000045,1,1,1.0
10665,1,201.15,524.42,41.76999999999998,52.16000000000008,1,1,1.0
10665,2,37.11,466.74,35.17,59.41999999999996,1,1,1.0
10665,3,159.77,285.71,36.94,67.42000000000002,1,1,1.0
10665,4,343.11,579.74,41.64999999999998,60.60000000000002,1,1,1.0
10665,5,1025.36,456.76,30.300000000000182,73.73000000000002,1,1,1.0
10665,6,1063.79,603.41,64.60000000000014,58.690000000000055,1,1,1.0
10670,1,211.86,516.6,41.76999999999998,52.15999999999997,1,1,1.0
10670,2,39.0,469.13,35.16,59.40999999999997,1,1,1.0
10670,3,169.35,286.46,36.73000000000002,67.05000000000001,1,1,1.0
10670,4,354.66,574.76,41.639999999999986,60.610000000000014,1,1,1.0
10670,5,1017.63,454.8,30.300000000000068,73.72999999999996,1,1,1.0
10670,6,1038.52,594.32,64.59999999999991,58.68999999999994,1,1,1.0
10675,1,222.57,508.78,41.76999999999998,52.14999999999998,1,1,1.0
10675,2,40.88,471.51,35.160000000000004,59.41999999999996,1,1,1.0
10675,3,178.93,287.22,36.51999999999998,66.66999999999996,1,1,1.0
10675,4,366.2,569.78,41.650000000000034,60.610000000000014,1,1,1.0
10675,5,1009.89,452.84,30.300000000000068,73.73000000000008,1,1,1.0
10675,6,1013.26,585.23,64.58999999999992,58.68999999999994,1,1,1.0
10680,1,233.28,500.95,41.77000000000001,52.160000000000025,1,1,1.0
10680,2,42.76,473.9,35.17000000000001,59.40999999999997,1,1,1.0
10680,3,188.51,287.97,36.31,66.28999999999996,1,1,1.0
10680,4,377.75,564.8,41.64999999999998,60.610000000000014,1,1,1.0
10680,5,1002.16,450.88,30.300000000000068,73.74000000000001,1,1,1.0
10680,6,987.99,576.13,64.58999999999992,58.700000000000045,1,1,1.0
10685,1,243.99,493.13,41.76999999999998,52.15999999999997,1,1,1.0
10685,2,44.64,476.28,35.17,59.42000000000007,1,1,1.0
10685,3,198.09,288.73,36.099999999999994,65.90999999999997,1,1,1.0
10685,4,389.3,559.82,41.64999999999998,60.6099999999999,1,1,1.0
10685,5,994.42,448.92,30.300000000000068,73.73999999999995,1,1,1.0
10685,6,962.72,567.04,64.58999999999992,58.700000000000045,1,1,1.0
10690,1,254.7,485.31,41.77000000000004,52.150000000000034,1,1,1.0
10690,2,46.53,478.67,35.16,59.410000000000025,1,1,1.0
10690,3,207.67,289.48,35.890000000000015,65.53999999999996,1,1,1.0
10690,4,400.84,554.85,41.650000000000034,60.60000000000002,1,1,1.0
10690,5,986.68,446.97,30.300000000000068,73.73000000000002,1,1,1.0
10690,6,937.45,557.95,64.58999999999992,58.68999999999994,1,1,1.0
10695,1,265.41,477.48,41.76999999999998,52.15999999999997,1,1,1.0
10695,2,48.41,481.05,35.16,59.420000000000016,1,1,1.0
10695,3,217.25,290.23,35.68000000000001,65.15999999999997,1,1,1.0
10695,4,412.39,549.87,41.650000000000034,60.60000000000002,1,1,1.0
10695,5,978.95,445.01,30.299999999999955,73.73000000000002,1,1,1.0
10695,6,912.18,548.86,64.59000000000003,58.68999999999994,1,1,1.0
10700,1,276.12,469.66,41.76999999999998,52.160000000000025,1,1,1.0
10700,2,50.29,483.43,35.169999999999995,59.420000000000016,1,1,1.0
10700,3,226.83,290.99,35.47,64.77999999999997,1,1,1.0
10700,4,423.94,544.89,41.64999999999998,60.60000000000002,1,1,1.0
10700,5,971.21,443.05,30.299999999999955,73.72999999999996,1,1,1.0
10700,6,886.91,539.76,64.59000000000003,58.700000000000045,1,1,1.0
10705,1,286.83,461.84,41.77000000000004,52.150000000000034,1,1,1.0
10705,2,52.18,485.82,35.160000000000004,59.410000000000025,1,1,1.0
10705,3,236.41,291.74,35.26000000000002,64.39999999999998,1,1,1.0
10705,4,435.48,539.91,41.64999999999998,60.610000000000014,1,1,1.0
10705,5,963.48,441.09,30.299999999999955,73.74000000000007,1,1,1.0
10705,6,861.64,530.67,64.59000000000003,58.700000000000045,1,1,1.0
10710,1,297.54,454.01,41.76999999999998,52.160000000000025,1,1,1.0
10710,2,54.06,488.2,35.16,59.420000000000016,1,1,1.0
10710,3,245.99,292.49,35.05000000000001,64.02999999999997,1,1,1.0
10710,4,447.03,534.93,41.650000000000034,60.610000000000014,1,1,1.0
10710,5,955.74,439.14,30.299999999999955,73.73000000000002,1,1,1.0
10710,6,836.37,521.58,64.59000000000003,58.68999999999994,1,1,1.0
10715,1,308.25,446.19,41.76999999999998,52.160000000000025,1,1,1.0
10715,2,55.94,490.59,35.16,59.410000000000025,1,1,1.0
10715,3,255.57,293.25,34.85000000000002,63.64999999999998,1,1,1.0
10715,4,458.58,529.95,41.650000000000034,60.6099999999999,1,1,1.0
10715,5,948.01,437.18,30.299999999999955,73.73000000000002,1,1,1.0
10715,6,811.1,512.49,64.60000000000002,58.68999999999994,1,1,1.0
10720,1,318.96,438.37,41.77000000000004,52.14999999999998,1,1,1.0
10720,2,57.82,492.97,35.169999999999995,59.41999999999996,1,1,1.0
10720,3,265.15,294.0,34.64000000000004,63.26999999999998,1,1,1.0
10720,4,470.12,524.97,41.64999999999998,60.610000000000014,1,1,1.0
10720,5,940.27,435.22,30.300000000000068,73.72999999999996,1,1,1.0
10720,6,785.83,503.4,64.59999999999991,58.690000000000055,1,1,1.0
10725,1,329.67,430.54,41.76999999999998,52.15999999999997,1,1,1.0
10725,2,59.71,495.36,35.160000000000004,59.40999999999997,1,1,1.0
10725,3,274.73,294.76,34.43000000000001,62.889999999999986,1,1,1.0
10725,4,481.67,520.0,41.650000000000034,60.60000000000002,1,1,1.0
10725,5,932.53,433.26,30.300000000000068,73.74000000000001,1,1,1.0
10725,6,760.57,494.3,64.58999999999992,58.69999999999999,1,1,1.0
10730,1,340.38,422.72,41.76999999999998,52.15999999999997,1,1,1.0
10730,2,61.59,497.74,35.16,59.41999999999996,1,1,1.0
10730,3,284.31,295.51,34.21999999999997,62.51999999999998,1,1,1.0
10730,4,493.22,515.02,41.64999999999998,60.60000000000002,1,1,1.0
10730,5,924.8,431.31,30.300000000000068,73.73000000000002,1,1,1.0
10730,6,735.3,485.21,64.59000000000003,58.69,1,1,1.0
10735,1,351.09,414.9,41.77000000000004,52.150000000000034,1,1,1.0
10735,2,63.47,500.13,35.16,59.40999999999997,1,1,1.0
10735,3,293.89,296.26,34.00999999999999,62.139999999999986,1,1,1.0
10735,4,504.76,510.04,41.64999999999998,60.60999999999996,1,1,1.0
10735,5,917.06,429.35,30.300000000000068,73.72999999999996,1,1,1.0
10735,6,710.03,476.12,64.59000000000003,58.68999999999994,1,1,1.0
10740,1,361.8,407.07,41.76999999999998,52.160000000000025,1,1,1.0
10740,2,65.35,502.51,35.17,59.41999999999996,1,1,1.0
10740,3,303.47,297.02,33.799999999999955,61.75999999999999,1,1,1.0
10740,4,516.31,505.06,41.65000000000009,60.60999999999996,1,1,1.0
10740,5,909.33,427.39,30.299999999999955,73.73000000000002,1,1,1.0
10740,6,684.76,467.03,64.59000000000003,58.690000000000055,1,1,1.0
10745,1,372.51,399.25,41.76999999999998,52.160000000000025,1,1,1.0
10745,2,67.24,504.9,35.16000000000001,59.40999999999997,1,1,1.0
10745,3,313.06,297.77,33.579999999999984,61.39000000000004,1,1,1.0
10745,4,527.86,500.08,41.64999999999998,60.61000000000007,1,1,1.0
10745,5,901.59,425.43,30.299999999999955,73.74000000000001,1,1,1.0
10745,6,659.49,457.93,64.59000000000003,58.69999999999999,1,1,1.0
10750,1,383.22,391.43,41.76999999999998,52.14999999999998,1,1,1.0
10750,2,69.12,507.28,35.16,59.42000000000007,1,1,1.0
10750,3,322.64,298.52,33.370000000000005,61.00999999999999,1,1,1.0
10750,4,539.4,495.1,41.64999999999998,60.610000000000014,1,1,1.0
10750,5,893.86,423.48,30.299999999999955,73.72999999999996,1,1,1.0
10750,6,634.22,448.84,64.58999999999992,58.69,1,1,1.0
10755,1,393.93,383.6,41.76999999999998,52.15999999999997,1,1,1.0
10755,2,71.0,509.67,35.16,59.410000000000025,1,1,1.0
10755,3,332.22,299.28,33.15999999999997,60.63000000000005,1,1,1.0
10755,4,550.95,490.12,41.64999999999998,60.610000000000014,1,1,1.0
10755,5,886.12,421.52,30.299999999999955,73.73000000000002,1,1,1.0
10755,6,608.95,439.75,64.58999999999992,58.69,1,1,1.0
10760,1,404.65,375.78,41.76000000000005,52.160000000000025,1,1,1.0
10760,2,72.88,512.05,35.17,59.42000000000007,1,1,1.0
10760,3,341.8,300.03,32.94999999999999,60.26000000000005,1,1,1.0
10760,4,562.5,485.15,41.64999999999998,60.60000000000002,1,1,1.0
10760,5,878.38,419.56,30.299999999999955,73.73000000000002,1,1,1.0
10760,6,583.68,430.66,64.59000000000003,58.69,1,1,1.0
10765,1,415.36,367.96,41.75999999999999,52.150000000000034,1,1,1.0
10765,2,74.77,514.44,35.16000000000001,59.40999999999997,1,1,1.0
10765,3,351.38,300.79,32.74000000000001,59.870000000000005,1,1,1.0
10765,4,574.04,480.17,41.65000000000009,60.599999999999966,1,1,1.0
10765,5,870.65,417.6,30.300000000000068,73.73999999999995,1,1,1.0
10765,6,558.41,421.56,64.59000000000003,58.69999999999999,1,1,1.0
10770,1,426.07,360.13,41.75999999999999,52.160000000000025,1,1,1.0
10770,2,76.65,516.82,35.16,59.41999999999996,1,1,1.0
10770,3,360.96,301.54,32.53000000000003,59.5,1,1,1.0
10770,4,585.59,475.19,41.64999999999998,60.60999999999996,1,1,1.0
10770,5,862.91,415.65,30.300000000000068,73.73000000000002,1,1,1.0
10770,6,533.14,412.47,64.60000000000002,58.69,1,1,1.0
10775,1,436.78,352.31,41.76000000000005,52.160000000000025,1,1,1.0
10775,2,78.53,519.2,35.17,59.41999999999996,1,1,1.0
10775,3,370.54,302.29,32.31999999999999,59.129999999999995,1,1,1.0
10775,4,597.14,470.21,41.64999999999998,60.61000000000007,1,1,1.0
10775,5,855.18,413.69,30.300000000000068,73.73000000000002,1,1,1.0
10775,6,507.88,403.38,64.59000000000003,58.69,1,1,1.0
10780,1,447.49,344.49,41.75999999999999,52.14999999999998,1,1,1.0
10780,2,80.41,521.59,35.17,59.40999999999997,1,1,1.0
10780,3,380.12,303.05,32.110000000000014,58.74000000000001,1,1,1.0
10780,4,608.68,465.23,41.65000000000009,60.610000000000014,1,1,1.0
10780,5,847.44,411.73,30.299999999999955,73.72999999999996,1,1,1.0
10780,6,482.61,394.29,64.59000000000003,58.69,1,1,1.0
10785,1,458.2,336.66,41.75999999999999,52.15999999999997,1,1,1.0
10785,2,82.3,523.97,35.16,59.41999999999996,1,1,1.0
10785,3,389.7,303.8,31.900000000000034,58.370000000000005,1,1,1.0
10785,4,620.23,460.25,41.64999999999998,60.610000000000014,1,1,1.0
10785,5,839.71,409.77,30.299999999999955,73.74000000000001,1,1,1.0
10785,6,457.34,385.19,64.58999999999997,58.69999999999999,1,1,1.0
10785,7,656.85,271.95,46.85000000000002,53.55000000000001,1,1,1.0
10785,8,722.11,281.99,40.15999999999997,61.920000000000016,1,1,1.0
10790,1,473.24,341.7,36.75999999999999,47.120000000000005,1,1,1.0
10790,2,129.15,522.3,35.16999999999999,59.42000000000007,1,1,1.0
10790,3,393.6,298.22,31.899999999999977,58.36999999999995,1,1,1.0
10790,4,606.84,461.93,41.64999999999998,60.599999999999966,1,1,1.0
10790,5,854.77,414.79,30.300000000000068,73.73999999999995,1,1,1.0
10790,6,487.5,385.19,34.42999999999995,43.610000000000014,1,1,1.0
10790,7,671.9,278.6,31.800000000000068,46.89999999999998,1,1,1.0
10790,8,724.91,281.99,37.360000000000014,59.68000000000001,1,1,1.0
10795,1,466.55,348.39,36.75999999999999,47.120000000000005,1,1,1.0
10795,2,169.32,505.57,35.16,59.410000000000025,1,1,1.0
10795,3,397.51,292.64,31.900000000000034,58.370000000000005,1,1,1.0
10795,4,585.09,454.4,41.64999999999998,60.60000000000002,1,1,1.0
10795,5,854.77,405.59,30.300000000000068,73.73000000000002,1,1,1.0
10795,6,493.64,381.85,34.41999999999996,43.599999999999966,1,1,1.0
10795,7,672.46,275.25,31.799999999999955,46.910000000000025,1,1,1.0
10795,8,727.7,281.99,34.569999999999936,57.44999999999999,1,1,1.0
10800,1,469.34,348.67,36.76000000000005,47.120000000000005,1,1,1.0
10800,2,209.48,493.85,35.16,59.41999999999996,1,1,1.0
10800,3,401.41,287.07,31.899999999999977,58.360000000000014,1,1,1.0
10800,4,563.33,446.87,41.64999999999998,60.60000000000002,1,1,1.0
10800,5,854.77,396.39,30.300000000000068,73.73000000000002,1,1,1.0
10800,6,499.77,378.5,34.430000000000064,43.610000000000014,1,1,1.0
10800,7,673.02,271.91,31.800000000000068,46.89999999999998,1,1,1.0
10800,8,730.5,281.99,31.769999999999982,55.20999999999998,1,1,1.0
10805,1,472.12,348.95,36.76999999999998,47.120000000000005,1,1,1.0
10805,2,244.62,475.44,35.170000000000016,59.420000000000016,1,1,1.0
10805,3,405.6,282.88,31.899999999999977,58.370000000000005,1,1,1.0
10805,4,544.93,443.52,41.65000000000009,60.610000000000014,1,1,1.0
10805,5,854.77,391.37,30.300000000000068,73.73000000000002,1,1,1.0
10805,6,505.91,375.15,34.43000000000001,43.610000000000014,1,1,1.0
10805,7,673.57,268.56,31.809999999999945,46.89999999999998,1,1,1.0
10805,8,743.89,273.63,31.769999999999982,55.19999999999999,1,1,1.0
10810,1,474.91,349.23,36.75999999999999,47.120000000000005,1,1,1.0
10810,2,274.74,467.08,35.170000000000016,59.410000000000025,1,1,1.0
10810,3,409.78,278.7,31.900000000000034,58.370000000000005,1,1,1.0
10810,4,519.82,443.52,41.64999999999998,60.610000000000014,1,1,1.0
10810,5,854.77,386.35,30.300000000000068,73.72999999999996,1,1,1.0
10810,6,510.93,370.12,36.650000000000034,45.29000000000002,1,1,1.0
10810,7,673.57,264.1,31.809999999999945,46.89999999999998,1,1,1.0
10810,8,753.09,270.28,31.769999999999982,55.210000000000036,1,1,1.0
10815,1,477.7,349.51,36.76000000000005,47.120000000000005,1,1,1.0
10815,2,294.83,455.36,35.160000000000025,59.41999999999996,1,1,1.0
10815,3,408.94,271.17,31.899999999999977,58.370000000000005,1,1,1.0
10815,4,492.21,438.5,41.650000000000034,60.610000000000014,1,1,1.0
10815,5,854.77,381.33,30.300000000000068,73.73000000000002,1,1,1.0
10815,6,515.95,365.09,38.870000000000005,46.98000000000002,1,1,1.0
10815,7,673.57,259.63,31.809999999999945,46.910000000000025,1,1,1.0
10815,8,762.3,266.93,31.770000000000095,55.20999999999998,1,1,1.0
10820,1,480.49,349.79,36.75999999999999,47.120000000000005,1,1,1.0
10820,2,304.87,441.97,35.15999999999997,59.41999999999996,1,1,1.0
10820,3,408.11,263.64,31.899999999999977,58.370000000000005,1,1,1.0
10820,4,469.62,438.5,41.64999999999998,60.610000000000014,1,1,1.0
10820,5,858.67,379.09,30.300000000000068,73.74000000000001,1,1,1.0
10820,6,520.97,360.06,41.08999999999992,48.660000000000025,1,1,1.0
10820,7,673.57,255.17,31.809999999999945,46.91,1,1,1.0
10820,8,771.5,264.42,31.769999999999982,55.20999999999998,1,1,1.0
10825,1,483.28,350.07,36.75999999999999,47.120000000000005,1,1,1.0
10825,2,305.7,429.42,35.170000000000016,59.41999999999996,1,1,1.0
10825,3,407.27,257.78,31.900000000000034,58.370000000000005,1,1,1.0
10825,4,431.13,426.79,41.64999999999998,60.599999999999966,1,1,1.0
10825,5,862.57,376.86,30.309999999999945,73.74000000000001,1,1,1.0
10825,6,531.01,370.1,41.09000000000003,48.65999999999997,1,1,1.0
10825,7,671.9,256.43,31.800000000000068,46.89999999999998,1,1,1.0
10825,8,780.7,261.91,31.779999999999973,55.20999999999998,1,1,1.0
10830,1,486.09,353.97,36.18000000000001,47.11999999999995,1,1,1.0
10830,2,306.54,416.87,35.15999999999997,59.420000000000016,1,1,1.0
10830,3,406.43,251.92,31.909999999999968,58.37000000000003,1,1,1.0
10830,4,402.68,421.77,41.64999999999998,60.60000000000002,1,1,1.0
10830,5,866.48,374.63,30.299999999999955,73.73000000000002,1,1,1.0
10830,6,549.42,370.1,41.09000000000003,48.65999999999997,1,1,1.0
10830,7,670.23,257.68,31.799999999999955,46.90999999999997,1,1,1.0
10830,8,797.44,261.91,31.769999999999982,55.20999999999998,1,1,1.0
10835,1,488.89,357.88,35.610000000000014,47.120000000000005,1,1,1.0
10835,2,304.87,408.5,35.15999999999997,59.420000000000016,1,1,1.0
10835,3,404.76,250.25,31.900000000000034,58.370000000000005,1,1,1.0
10835,4,380.93,420.09,41.64999999999998,60.610000000000014,1,1,1.0
10835,5,866.48,374.63,35.309999999999945,73.73000000000002,1,1,1.0
10835,6,557.79,365.08,41.09000000000003,48.660000000000025,1,1,1.0
10835,7,668.55,258.94,31.81000000000006,46.89999999999998,1,1,1.0
10835,8,804.97,261.08,31.769999999999982,55.19999999999999,1,1,1.0
10840,1,491.69,361.78,35.05000000000001,47.120000000000005,1,1,1.0
10840,2,309.33,400.7,35.160000000000025,59.410000000000025,1,1,1.0
10840,3,403.09,248.58,31.900000000000034,58.369999999999976,1,1,1.0
10840,4,362.52,415.07,41.650000000000034,60.610000000000014,1,1,1.0
10840,5,866.48,374.63,40.319999999999936,73.73000000000002,1,1,1.0
10840,6,572.85,370.1,41.09000000000003,48.65999999999997,1,1,1.0
10840,7,666.88,260.19,31.799999999999955,46.910000000000025,1,1,1.0
10840,8,812.5,260.24,31.769999999999982,55.20999999999998,1,1,1.0
10845,1,495.04,364.29,35.87999999999994,52.96999999999997,1,1,1.0
10845,2,313.79,392.89,35.15999999999997,59.410000000000025,1,1,1.0
10845,3,401.41,246.9,31.909999999999968,58.369999999999976,1,1,1.0
10845,4,342.44,413.4,41.64999999999998,60.610000000000014,1,1,1.0
10845,5,878.19,384.67,40.319999999999936,73.72999999999996,1,1,1.0
10845,6,586.23,378.47,41.10000000000002,48.65999999999997,1,1,1.0
10845,7,665.21,261.45,31.799999999999955,46.900000000000034,1,1,1.0
10845,8,821.7,263.59,31.769999999999982,55.200000000000045,1,1,1.0
10850,1,498.39,366.8,36.700000000000045,58.81999999999999,1,1,1.0
10850,2,318.25,385.08,35.170000000000016,59.410000000000025,1,1,1.0
10850,3,399.74,245.23,31.899999999999977,58.37000000000003,1,1,1.0
10850,4,335.75,410.05,41.64999999999998,60.610000000000014,1,1,1.0
10850,5,883.21,389.69,40.319999999999936,73.74000000000001,1,1,1.0
10850,6,607.99,386.83,46.059999999999945,55.34000000000003,1,1,1.0
10850,7,663.53,262.7,31.81000000000006,46.910000000000025,1,1,1.0
10850,8,830.91,266.93,31.769999999999982,55.20999999999998,1,1,1.0
10855,1,498.39,383.54,36.700000000000045,58.81,1,1,1.0
10855,2,333.31,375.02,35.170000000000016,61.10000000000002,1,1,1.0
10855,3,398.07,243.56,31.900000000000034,58.370000000000005,1,1,1.0
10855,4,335.75,410.05,34.94999999999999,48.849999999999966,1,1,1.0
10855,5,894.93,396.39,40.32000000000005,73.73000000000002,1,1,1.0
10855,6,624.72,393.53,46.069999999999936,55.33000000000004,1,1,1.0
10855,7,661.86,263.96,31.799999999999955,46.900000000000034,1,1,1.0
10855,8,828.67,270.84,31.780000000000086,55.200000000000045,1,1,1.0
10860,1,490.02,391.9,36.710000000000036,58.82000000000005,1,1,1.0
10860,2,348.37,364.97,35.170000000000016,62.789999999999964,1,1,1.0
10860,3,393.88,248.58,31.899999999999977,58.369999999999976,1,1,1.0
10860,4,320.69,411.73,34.94999999999999,48.839999999999975,1,1,1.0
10860,5,899.96,404.74,35.289999999999964,65.38,1,1,1.0
10860,6,634.76,401.06,46.07000000000005,55.329999999999984,1,1,1.0
10860,7,660.19,265.21,31.799999999999955,46.910000000000025,1,1,1.0
10860,8,826.44,274.74,31.779999999999973,55.20999999999998,1,1,1.0
10865,1,481.65,400.27,36.710000000000036,58.81999999999999,1,1,1.0
10865,2,360.1,380.0,23.439999999999998,59.47000000000003,1,1,1.0
10865,3,389.7,253.6,31.900000000000034,58.37000000000003,1,1,1.0
10865,4,329.05,393.32,34.95999999999998,48.85000000000002,1,1,1.0
10865,5,905.0,413.1,30.25,57.01999999999998,1,1,1.0
10865,6,644.81,408.59,46.06000000000006,55.33000000000004,1,1,1.0
10865,7,646.8,273.58,31.800000000000068,46.900000000000034,1,1,1.0
10865,8,824.21,278.65,31.769999999999982,55.200000000000045,1,1,1.0
10870,1,473.29,423.7,36.69999999999999,58.81999999999999,1,1,1.0
10870,2,368.47,378.33,23.42999999999995,59.47000000000003,1,1,1.0
10870,3,387.61,262.66,31.899999999999977,58.36999999999995,1,1,1.0
10870,4,333.24,393.32,34.94999999999999,48.85000000000002,1,1,1.0
10870,5,913.37,423.14,30.25,57.02000000000004,1,1,1.0
10870,6,663.21,416.96,46.069999999999936,55.33000000000004,1,1,1.0
10870,7,633.41,281.95,31.800000000000068,46.900000000000034,1,1,1.0
10870,8,817.52,285.34,31.769999999999982,55.210000000000036,1,1,1.0
10875,1,466.31,432.77,36.70999999999998,58.81999999999999,1,1,1.0
10875,2,380.32,389.49,23.439999999999998,59.46999999999997,1,1,1.0
10875,3,385.51,271.73,31.910000000000025,58.370000000000005,1,1,1.0
10875,4,338.82,393.32,34.94999999999999,48.85000000000002,1,1,1.0
10875,5,912.1,423.14,31.519999999999982,72.06,1,1,1.0
10875,6,669.49,433.7,46.069999999999936,55.329999999999984,1,1,1.0
10875,7,624.34,291.01,31.809999999999945,46.910000000000025,1,1,1.0
10875,8,810.54,294.41,31.780000000000086,55.19999999999999,1,1,1.0
10880,1,466.31,445.27,36.70999999999998,58.81999999999999,1,1,1.0
10880,2,396.58,399.49,23.430000000000007,59.46999999999997,1,1,1.0
10880,3,389.26,279.23,31.910000000000025,58.370000000000005,1,1,1.0
10880,4,357.57,398.32,34.94999999999999,48.85000000000002,1,1,1.0
10880,5,913.35,431.87,30.269999999999982,63.329999999999984,1,1,1.0
10880,6,695.74,452.45,46.069999999999936,55.329999999999984,1,1,1.0
10880,7,610.59,301.01,31.809999999999945,46.910000000000025,1,1,1.0
10880,8,810.54,316.91,31.780000000000086,55.19999999999999,1,1,1.0
10885,1,460.06,461.52,36.70999999999998,58.82000000000005,1,1,1.0
10885,2,414.08,395.74,23.430000000000007,59.46999999999997,1,1,1.0
10885,3,388.01,295.48,31.910000000000025,58.370000000000005,1,1,1.0
10885,4,370.07,403.32,34.94999999999999,48.85000000000002,1,1,1.0
10885,5,914.6,440.6,29.019999999999982,54.599999999999966,1,1,1.0
10885,6,704.49,461.2,46.069999999999936,55.329999999999984,1,1,1.0
10885,7,598.09,317.26,31.809999999999945,46.910000000000025,1,1,1.0
10885,8,808.67,326.28,31.770000000000095,55.210000000000036,1,1,1.0
10890,1,456.31,482.77,36.70999999999998,58.82000000000005,1,1,1.0
10890,2,427.83,405.74,23.430000000000007,59.46999999999997,1,1,1.0
10890,3,388.01,305.48,31.910000000000025,58.370000000000005,1,1,1.0
10890,4,387.57,410.82,34.94999999999999,48.85000000000002,1,1,1.0
10890,5,914.6,440.6,29.019999999999982,59.599999999999966,1,1,1.0
10890,6,734.49,472.45,46.069999999999936,55.329999999999984,1,1,1.0
10890,7,584.34,324.77,31.809999999999945,46.900000000000034,1,1,1.0
10890,8,806.79,335.66,31.780000000000086,55.20999999999998,1,1,1.0
10895,1,457.14,486.52,36.710000000000036,58.82000000000005,1,1,1.0
10895,2,442.83,410.74,23.430000000000007,59.46999999999997,1,1,1.0
10895,3,386.76,315.48,31.910000000000025,58.370000000000005,1,1,1.0
10895,4,398.82,409.57,34.94999999999999,48.85000000000002,1,1,1.0
10895,5,907.72,441.22,29.019999999999982,59.60999999999996,1,1,1.0
10895,6,747.0,472.45,33.559999999999945,55.329999999999984,1,1,1.0
10895,7,576.84,336.02,31.809999999999945,46.900000000000034,1,1,1.0
10895,8,800.54,343.78,31.780000000000086,55.210000000000036,1,1,1.0
10900,1,457.98,490.27,36.69999999999999,58.82000000000005,1,1,1.0
10900,2,464.08,411.99,23.430000000000007,59.46999999999997,1,1,1.0
10900,3,385.51,325.48,31.910000000000025,58.370000000000005,1,1,1.0
10900,4,417.57,413.32,34.94999999999999,48.85000000000002,1,1,1.0
10900,5,900.85,441.85,29.00999999999999,59.599999999999966,1,1,1.0
10900,6,775.75,469.95,33.559999999999945,55.329999999999984,1,1,1.0
10900,7,556.84,342.27,31.799999999999955,46.900000000000034,1,1,1.0
10900,8,794.29,351.91,31.780000000000086,55.20999999999998,1,1,1.0
10905,1,458.81,494.02,36.70999999999998,58.82000000000005,1,1,1.0
10905,2,479.08,414.49,23.430000000000007,59.46999999999997,1,1,1.0
10905,3,388.64,325.48,31.900000000000034,58.370000000000005,1,1,1.0
10905,4,430.1,417.07,24.91999999999996,48.85000000000002,1,1,1.0
10905,5,893.35,443.1,29.00999999999999,59.599999999999966,1,1,1.0
10905,6,787.0,481.2,33.559999999999945,55.329999999999984,1,1,1.0
10905,7,548.09,349.77,31.799999999999955,46.900000000000034,1,1,1.0
10905,8,785.54,359.41,31.780000000000086,55.20999999999998,1,1,1.0
10910,1,459.64,497.77,36.710000000000036,58.82000000000005,1,1,1.0
10910,2,491.58,419.49,23.430000000000007,59.46999999999997,1,1,1.0
10910,3,391.76,325.48,31.910000000000025,58.370000000000005,1,1,1.0
10910,4,446.35,417.07,24.91999999999996,48.85000000000002,1,1,1.0
10910,5,885.85,443.1,29.00999999999999,59.599999999999966,1,1,1.0
10910,6,809.5,483.7,33.559999999999945,55.329999999999984,1,1,1.0
10910,7,531.84,357.27,31.799999999999955,46.900000000000034,1,1,1.0
10910,8,771.79,364.41,31.780000000000086,55.20999999999998,1,1,1.0
10915,1,460.48,501.52,36.69999999999999,58.82000000000005,1,1,1.0
10915,2,507.83,424.49,23.430000000000007,59.46999999999997,1,1,1.0
10915,3,406.76,329.23,31.910000000000025,58.370000000000005,1,1,1.0
10915,4,446.35,417.07,36.14999999999998,48.85000000000002,1,1,1.0
10915,5,870.85,444.35,29.00999999999999,59.599999999999966,1,1,1.0
10915,6,827.0,483.7,33.559999999999945,55.329999999999984,1,1,1.0
10915,7,504.34,363.52,31.80000000000001,46.900000000000034,1,1,1.0
10915,8,750.54,374.41,31.780000000000086,55.20999999999998,1,1,1.0
10915,9,1079.02,310.25,37.5,80.0,1,1,1.0
10920,1,461.31,505.27,36.70999999999998,58.82000000000005,1,1,1.0
10920,2,517.83,423.24,23.42999999999995,59.46999999999997,1,1,1.0
10920,3,407.41,331.11,35.00999999999999,58.370000000000005,1,1,1.0
10920,4,458.85,423.32,36.14999999999998,48.85000000000002,1,1,1.0
10920,5,862.1,436.85,29.00999999999999,59.599999999999966,1,1,1.0
10920,6,833.25,487.45,33.559999999999945,55.329999999999984,1,1,1.0
10920,7,476.84,373.52,31.80000000000001,46.900000000000034,1,1,1.0
10920,8,730.54,378.16,31.780000000000086,55.20999999999998,1,1,1.0
10920,9,1069.02,327.75,31.279999999999973,63.75,1,1,1.0
10925,1,448.81,505.27,36.70999999999998,58.82000000000005,1,1,1.0
10925,2,524.08,425.74,23.42999999999995,59.46999999999997,1,1,1.0
10925,3,408.05,332.98,38.120000000000005,58.370000000000005,1,1,1.0
10925,4,458.85,423.32,42.349999999999966,56.379999999999995,1,1,1.0
10925,5,845.85,435.6,29.00999999999999,59.599999999999966,1,1,1.0
10925,6,844.5,493.7,33.559999999999945,55.329999999999984,1,1,1.0
10925,7,448.09,381.02,31.80000000000001,46.900000000000034,1,1,1.0
10925,8,719.29,374.41,31.780000000000086,55.20999999999998,1,1,1.0
10925,9,1050.27,327.75,31.279999999999973,63.75,1,1,1.0
10930,1,436.31,512.77,36.70999999999998,58.82000000000005,1,1,1.0
10930,2,527.2,430.11,23.43999999999994,59.47999999999996,1,1,1.0
10930,3,410.55,332.36,38.120000000000005,58.370000000000005,1,1,1.0
10930,4,461.98,428.32,42.349999999999966,56.379999999999995,1,1,1.0
10930,5,817.1,438.1,29.00999999999999,59.599999999999966,1,1,1.0
10930,6,846.69,493.7,33.559999999999945,55.329999999999984,1,1,1.0
10930,7,398.09,387.27,31.80000000000001,46.900000000000034,1,1,1.0
10930,8,691.79,383.16,31.769999999999982,55.20999999999998,1,1,1.0
10930,9,1022.8,327.75,32.5,63.75,1,1,1.0
10935,1,426.31,522.77,36.70999999999998,58.82000000000005,1,1,1.0
10935,2,530.33,434.49,23.42999999999995,59.46999999999997,1,1,1.0
10935,3,413.05,331.73,38.120000000000005,58.370000000000005,1,1,1.0
10935,4,465.1,433.32,42.349999999999966,56.379999999999995,1,1,1.0
10935,5,804.6,438.1,29.00999999999999,59.599999999999966,1,1,1.0
10935,6,848.88,493.7,33.56000000000006,55.329999999999984,1,1,1.0
10935,7,368.09,392.27,31.80000000000001,46.900000000000034,1,1,1.0
10935,8,684.3,383.16,25.5,55.20999999999998,1,1,1.0
10935,9,999.05,322.75,32.5,63.75,1,1,1.0
10940,1,412.56,516.52,36.70999999999998,58.82000000000005,1,1,1.0
10940,2,526.16,435.74,23.440000000000055,59.46999999999997,1,1,1.0
10940,3,415.55,331.11,38.120000000000005,58.370000000000005,1,1,1.0
10940,4,464.48,435.19,42.349999999999966,56.389999999999986,1,1,1.0
10940,5,784.6,433.1,29.00999999999999,59.599999999999966,1,1,1.0
10940,6,851.07,493.7,33.549999999999955,55.329999999999984,1,1,1.0
10940,7,329.34,396.02,31.80000000000001,46.900000000000034,1,1,1.0
10940,8,666.8,396.91,34.25,55.20999999999998,1,1,1.0
10940,9,984.0,322.75,26.299999999999955,63.75,1,1,1.0
10940,10,1004.01,615.25,53.75999999999999,96.25999999999999,1,1,1.0
10945,1,403.81,524.02,36.70999999999998,58.82000000000005,1,1,1.0
10945,2,521.99,436.99,23.43999999999994,59.46999999999997,1,1,1.0
10945,3,418.05,330.48,38.120000000000005,58.370000000000005,1,1,1.0
10945,4,463.85,437.07,42.349999999999966,56.379999999999995,1,1,1.0
10945,5,767.1,434.35,29.00999999999999,59.599999999999966,1,1,1.0
10945,6,853.25,493.7,33.559999999999945,55.329999999999984,1,1,1.0
10945,7,299.33,394.77,31.810000000000002,46.900000000000034,1,1,1.0
10945,8,655.55,395.03,34.25,55.210000000000036,1,1,1.0
10945,9,965.25,320.25,26.299999999999955,63.75,1,1,1.0
10945,10,995.3,622.8,41.22000000000003,93.71000000000004,1,1,1.0
10950,1,390.06,527.77,36.69999999999999,58.82000000000005,1,1,1.0
10950,2,517.83,438.24,23.42999999999995,59.46999999999997,1,1,1.0
10950,3,420.53,332.56,35.64000000000004,56.29000000000002,1,1,1.0
10950,4,463.85,437.07,36.75,56.379999999999995,1,1,1.0
10950,5,747.09,434.35,29.019999999999982,59.599999999999966,1,1,1.0
10950,6,852.63,492.45,33.56000000000006,55.329999999999984,1,1,1.0
10950,7,255.58,398.52,31.809999999999974,46.900000000000034,1,1,1.0
10950,8,644.3,393.16,34.25,55.20999999999998,1,1,1.0
10950,9,939.0,320.25,26.299999999999955,63.75,1,1,1.0
10950,10,965.3,631.5,34.960000000000036,86.25999999999999,1,1,1.0
10955,1,368.81,527.77,36.69999999999999,58.82000000000005,1,1,1.0
10955,2,512.83,438.24,23.42999999999995,59.46999999999997,1,1,1.0
10955,3,423.02,334.63,33.150000000000034,54.22000000000003,1,1,1.0
10955,4,463.85,437.07,31.149999999999977,56.379999999999995,1,1,1.0
10955,5,723.3,434.35,30.300000000000068,59.599999999999966,1,1,1.0
10955,6,852.0,491.2,33.559999999999945,55.329999999999984,1,1,1.0
10955,7,206.83,399.77,31.809999999999974,46.900000000000034,1,1,1.0
10955,8,626.8,398.16,34.25,55.20999999999998,1,1,1.0
10955,9,912.75,320.25,26.299999999999955,63.75,1,1,1.0
10955,10,930.3,637.75,34.960000000000036,82.25,1,1,1.0
10960,1,360.06,532.77,36.69999999999999,58.82000000000005,1,1,1.0
10960,2,505.33,436.99,23.430000000000007,59.46999999999997,1,1,1.0
10960,3,425.5,336.7,30.670000000000016,52.150000000000034,1,1,1.0
10960,4,461.35,452.07,31.149999999999977,56.379999999999995,1,1,1.0
10960,5,713.3,430.6,30.300000000000068,59.599999999999966,1,1,1.0
10960,6,851.38,489.95,33.56000000000006,55.329999999999984,1,1,1.0
10960,7,191.85,398.52,30.53,46.900000000000034,1,1,1.0
10960,8,619.3,391.28,34.25,55.210000000000036,1,1,1.0
10960,9,899.0,316.5,26.299999999999955,63.75,1,1,1.0
10960,10,925.3,655.3,27.460000000000036,64.70000000000005,1,1,1.0
10965,1,336.31,535.27,36.69999999999999,58.82000000000005,1,1,1.0
10965,2,490.33,433.24,23.430000000000007,59.46999999999997,1,1,1.0
10965,3,435.45,332.95,26.970000000000027,52.150000000000034,1,1,1.0
10965,4,457.6,455.82,31.149999999999977,56.38000000000005,1,1,1.0
10965,5,690.8,421.85,30.300000000000068,59.599999999999966,1,1,1.0
10965,6,850.75,488.7,33.559999999999945,55.329999999999984,1,1,1.0
10965,7,148.1,401.02,30.53,46.900000000000034,1,1,1.0
10965,8,611.8,384.41,34.25,55.20999999999998,1,1,1.0
10965,9,879.0,316.5,26.299999999999955,63.75,1,1,1.0
10965,10,896.5,659.05,35.00999999999999,60.950000000000045,1,1,1.0
10970,1,321.31,535.27,36.69999999999999,58.82000000000005,1,1,1.0
10970,2,482.83,433.24,23.430000000000007,59.46999999999997,1,1,1.0
10970,3,435.45,328.0,33.25,57.10000000000002,1,1,1.0
10970,4,453.85,459.57,31.149999999999977,56.38000000000005,1,1,1.0
10970,5,672.05,420.6,30.300000000000068,59.599999999999966,1,1,1.0
10970,6,844.5,486.2,33.559999999999945,55.329999999999984,1,1,1.0
10970,7,134.35,397.27,30.53,46.900000000000034,1,1,1.0
10970,8,599.3,388.16,34.25,55.20999999999998,1,1,1.0
10970,9,862.75,312.75,26.299999999999955,63.75,1,1,1.0
10970,10,881.5,666.55,35.00999999999999,53.450000000000045,1,1,1.0
10970,11,924.01,250.24,36.25,61.25999999999999,1,1,1.0
10975,1,293.81,536.52,36.69999999999999,58.82000000000005,1,1,1.0
10975,2,469.08,425.74,23.430000000000007,59.46999999999997,1,1,1.0
10975,3,432.33,328.0,36.370000000000005,57.10000000000002,1,1,1.0
10975,4,450.1,463.32,31.149999999999977,56.38000000000005,1,1,1.0
10975,5,647.05,425.6,30.300000000000068,59.599999999999966,1,1,1.0
10975,6,832.0,486.2,33.559999999999945,55.329999999999984,1,1,1.0
10975,7,135.77,400.47,30.53,46.89999999999998,1,1,1.0
10975,8,589.3,381.91,34.25,55.19999999999999,1,1,1.0
10975,9,840.25,312.75,26.299999999999955,63.75,1,1,1.0
10975,10,855.2,681.6,27.559999999999945,38.39999999999998,1,1,1.0
10975,11,896.51,256.5,36.25,61.25,1,1,1.0
10980,1,268.8,537.77,36.70999999999998,58.82000000000005,1,1,1.0
10980,2,452.8,429.49,29.70999999999998,59.46999999999997,1,1,1.0
10980,3,429.2,328.0,39.5,57.10000000000002,1,1,1.0
10980,4,440.1,468.32,31.149999999999977,56.38000000000005,1,1,1.0
10980,5,619.55,424.35,30.300000000000068,59.599999999999966,1,1,1.0
10980,6,832.0,481.2,33.559999999999945,60.329999999999984,1,1,1.0
10980,7,137.18,403.67,30.539999999999992,46.89999999999998,1,1,1.0
10980,8,574.3,383.16,34.25,55.19999999999999,1,1,1.0
10980,9,821.5,319.0,26.299999999999955,63.75,1,1,1.0
10980,10,836.45,684.1,27.559999999999945,35.89999999999998,1,1,1.0
10980,11,875.26,261.5,23.74000000000001,50.0,1,1,1.0
10985,1,233.8,537.77,43.0,58.82000000000005,1,1,1.0
10985,2,434.05,426.99,29.70999999999998,59.46999999999997,1,1,1.0
10985,3,420.45,333.0,39.5,57.10000000000002,1,1,1.0
10985,4,435.1,471.44,31.149999999999977,56.39000000000004,1,1,1.0
10985,5,595.8,424.35,27.800000000000068,59.599999999999966,1,1,1.0
10985,6,820.75,478.7,33.559999999999945,60.329999999999984,1,1,1.0
10985,7,138.6,406.87,30.539999999999992,46.89999999999998,1,1,1.0
10985,8,554.3,375.66,34.25,55.19999999999999,1,1,1.0
10985,9,804.0,312.75,26.299999999999955,63.75,1,1,1.0
10985,10,826.5,684.1,23.799999999999955,35.89999999999998,1,1,1.0
10985,11,849.05,262.75,33.700000000000045,50.0,1,1,1.0
10990,1,213.8,545.27,43.0,58.82000000000005,1,1,1.0
10990,2,422.8,425.74,29.70999999999998,59.46999999999997,1,1,1.0
10990,3,417.01,333.0,39.5,57.10000000000002,1,1,1.0
10990,4,430.1,474.57,31.149999999999977,56.38000000000005,1,1,1.0
10990,5,572.04,426.85,27.81000000000006,59.599999999999966,1,1,1.0
10990,6,812.0,477.45,33.559999999999945,60.329999999999984,1,1,1.0
10990,7,140.02,410.07,30.53,46.910000000000025,1,1,1.0
10990,8,543.67,375.66,34.25,55.19999999999999,1,1,1.0
10990,9,788.99,316.5,26.299999999999955,63.75,1,1,1.0
10990,10,810.87,684.72,23.799999999999955,35.27999999999997,1,1,1.0
10990,11,827.8,260.25,33.700000000000045,50.0,1,1,1.0
10995,1,198.8,546.52,43.0,58.82000000000005,1,1,1.0
10995,2,414.05,439.49,29.70999999999998,59.46999999999997,1,1,1.0
10995,3,413.57,333.0,39.5,57.10000000000002,1,1,1.0
10995,4,425.1,477.69,31.149999999999977,56.39000000000004,1,1,1.0
10995,5,549.54,426.85,27.81000000000006,59.599999999999966,1,1,1.0
10995,6,795.75,474.95,33.559999999999945,60.329999999999984,1,1,1.0
10995,7,141.44,413.27,30.53,46.910000000000025,1,1,1.0
10995,8,533.05,375.66,34.25,55.19999999999999,1,1,1.0
10995,9,775.24,317.75,26.299999999999955,63.75,1,1,1.0
10995,10,795.25,685.35,23.799999999999955,34.64999999999998,1,1,1.0
10995,11,814.05,262.75,33.700000000000045,50.0,1,1,1.0
11000,1,157.55,549.02,43.0,58.82000000000005,1,1,1.0
11000,2,394.05,434.49,29.70999999999998,59.46999999999997,1,1,1.0
11000,3,410.14,333.0,39.5,57.10000000000002,1,1,1.0
11000,4,420.1,480.82,31.149999999999977,56.38000000000005,1,1,1.0
11000,5,520.79,420.6,27.81000000000006,59.599999999999966,1,1,1.0
11000,6,783.88,470.58,33.56000000000006,60.329999999999984,1,1,1.0
11000,7,142.85,416.47,30.539999999999992,46.90999999999997,1,1,1.0
11000,8,510.55,370.66,34.24999999999994,55.19999999999999,1,1,1.0
11000,9,760.24,317.75,26.299999999999955,63.75,1,1,1.0
11000,10,774.0,690.35,23.799999999999955,29.649999999999977,1,1,1.0
11000,11,789.05,270.25,33.700000000000045,50.0,1,1,1.0
11005,1,115.05,551.52,43.000000000000014,58.82000000000005,1,1,1.0
11005,2,374.05,443.24,29.70999999999998,59.46999999999997,1,1,1.0
11005,3,406.7,333.0,39.5,57.10000000000002,1,1,1.0
11005,4,411.35,493.32,31.149999999999977,56.38000000000005,1,1,1.0
11005,5,484.54,426.85,27.810000000000002,59.599999999999966,1,1,1.0
11005,6,772.0,466.2,33.559999999999945,60.329999999999984,1,1,1.0
11005,7,144.27,419.68,30.539999999999992,46.89999999999998,1,1,1.0
11005,8,476.8,365.66,34.25,55.19999999999999,1,1,1.0
11005,9,735.24,320.25,26.299999999999955,63.75,1,1,1.0
11005,10,759.0,700.35,23.799999999999955,19.649999999999977,1,1,1.0
11005,11,769.05,259.0,33.700000000000045,50.0,1,1,1.0
11010,1,139.02,547.24,43.0,58.819999999999936,1,1,1.0
11010,2,362.8,441.99,29.70999999999998,59.46999999999997,1,1,1.0
11010,3,397.95,332.38,39.5,57.10000000000002,1,1,1.0
11010,4,409.68,496.24,31.149999999999977,56.379999999999995,1,1,1.0
11010,5,469.54,425.6,27.810000000000002,59.599999999999966,1,1,1.0
11010,6,760.75,462.45,33.559999999999945,60.329999999999984,1,1,1.0
11010,7,145.69,422.88,30.539999999999992,46.89999999999998,1,1,1.0
11010,8,458.05,358.16,34.25,55.19999999999999,1,1,1.0
11010,9,718.99,320.25,26.299999999999955,63.75,1,1,1.0
11010,10,792.57,698.39,25.589999999999918,21.610000000000014,1,1,1.0
11010,11,754.05,266.5,33.700000000000045,50.0,1,1,1.0
11015,1,163.0,542.97,42.99000000000001,58.819999999999936,1,1,1.0
11015,2,344.05,438.24,29.70999999999998,59.46999999999997,1,1,1.0
11015,3,389.2,331.75,39.5,57.10000000000002,1,1,1.0
11015,4,408.02,499.15,31.150000000000034,56.379999999999995,1,1,1.0
11015,5,442.04,433.1,27.810000000000002,59.599999999999966,1,1,1.0
11015,6,754.5,466.2,33.559999999999945,60.329999999999984,1,1,1.0
11015,7,147.11,426.08,30.529999999999973,46.900000000000034,1,1,1.0
11015,8,434.3,364.41,34.25,55.19999999999999,1,1,1.0
11015,9,706.49,320.25,26.299999999999955,63.75,1,1,1.0
11015,10,826.14,696.44,27.379999999999995,23.559999999999945,1,1,1.0
11015,11,739.05,271.5,33.700000000000045,50.0,1,1,1.0
11020,1,186.97,538.69,43.0,58.819999999999936,1,1,1.0
11020,2,329.05,441.99,29.70999999999998,59.46999999999997,1,1,1.0
11020,3,381.7,336.75,39.5,57.10000000000002,1,1,1.0
11020,4,406.35,502.07,31.149999999999977,56.38000000000005,1,1,1.0
11020,5,418.3,433.1,26.539999999999964,59.599999999999966,1,1,1.0
11020,6,742.0,464.95,33.559999999999945,60.329999999999984,1,1,1.0
11020,7,148.53,429.28,30.53,46.900000000000034,1,1,1.0
11020,8,411.79,364.41,34.25,55.19999999999999,1,1,1.0
11020,9,697.74,329.0,26.299999999999955,63.75,1,1,1.0
11020,10,859.72,694.48,29.149999999999977,25.519999999999982,1,1,1.0
11020,11,722.8,271.5,33.700000000000045,50.0,1,1,1.0
11025,1,210.94,534.41,43.0,58.82000000000005,1,1,1.0
11025,2,277.79,448.24,29.71999999999997,59.46999999999997,1,1,1.0
11025,3,356.7,339.2,22.0,39.650000000000034,1,1,1.0
11025,4,378.85,504.57,31.149999999999977,56.38000000000005,1,1,1.0
11025,5,375.8,439.35,26.539999999999964,59.599999999999966,1,1,1.0
11025,6,705.75,456.2,33.559999999999945,60.329999999999984,1,1,1.0
11025,7,149.94,432.48,30.539999999999992,46.90999999999997,1,1,1.0
11025,8,371.79,365.66,34.25,55.19999999999999,1,1,1.0
11025,9,658.99,326.5,26.299999999999955,63.75,1,1,1.0
11025,10,893.29,692.52,30.940000000000055,27.480000000000018,1,1,1.0
11025,11,686.55,267.75,33.700000000000045,50.0,1,1,1.0
11030,1,234.92,530.13,42.99000000000004,58.82000000000005,1,1,1.0
11030,2,229.04,445.74,29.72,59.46999999999997,1,1,1.0
11030,3,322.95,335.45,22.0,39.650000000000034,1,1,1.0
11030,4,357.6,510.82,31.149999999999977,56.38000000000005,1,1,1.0
11030,5,324.55,436.85,26.539999999999964,59.599999999999966,1,1,1.0
11030,6,675.75,458.7,33.559999999999945,60.329999999999984,1,1,1.0
11030,7,151.36,435.68,30.539999999999992,46.90999999999997,1,1,1.0
11030,8,323.04,376.91,32.95999999999998,43.98999999999995,1,1,1.0
11030,9,623.99,321.5,26.299999999999955,63.75,1,1,1.0
11030,10,926.86,690.56,32.73000000000002,29.440000000000055,1,1,1.0
11030,11,655.3,274.0,33.700000000000045,50.0,1,1,1.0
11035,1,258.89,525.86,42.99000000000001,58.809999999999945,1,1,1.0
11035,2,187.79,445.74,29.72,59.46999999999997,1,1,1.0
11035,3,286.7,337.95,22.0,39.650000000000034,1,1,1.0
11035,4,327.6,507.07,31.149999999999977,56.38000000000005,1,1,1.0
11035,5,285.8,435.6,26.539999999999964,59.599999999999966,1,1,1.0
11035,6,644.5,461.2,33.559999999999945,60.329999999999984,1,1,1.0
11035,7,152.78,438.88,30.53,46.910000000000025,1,1,1.0
11035,8,289.29,376.91,32.95999999999998,43.98999999999995,1,1,1.0
11035,9,596.49,321.5,26.299999999999955,63.75,1,1,1.0
11035,10,960.43,688.61,34.520000000000095,31.389999999999986,1,1,1.0
11035,11,626.54,274.0,33.700000000000045,50.0,1,1,1.0
11040,1,282.86,521.58,43.0,58.819999999999936,1,1,1.0
11040,2,120.29,460.74,29.709999999999994,59.47000000000003,1,1,1.0
11040,3,225.45,334.2,21.99000000000001,39.650000000000034,1,1,1.0
11040,4,300.1,522.07,31.149999999999977,56.379999999999995,1,1,1.0
11040,5,214.54,450.6,40.31,59.599999999999966,1,1,1.0
11040,6,614.5,457.45,33.559999999999945,60.329999999999984,1,1,1.0
11040,7,154.2,442.08,30.53,46.910000000000025,1,1,1.0
11040,8,231.79,369.41,32.96000000000001,43.98999999999995,1,1,1.0
11040,9,561.49,322.75,26.299999999999955,63.75,1,1,1.0
11040,10,994.0,686.65,36.309999999999945,33.35000000000002,1,1,1.0
11040,11,591.54,275.25,33.700000000000045,50.0,1,1,1.0
11040,12,994.01,246.49,36.25999999999999,60.00999999999999,1,1,1.0
11040,13,1159.02,339.0,35.0,65.0,1,1,1.0
11040,14,1130.27,540.25,51.25,101.25999999999999,1,1,1.0
11045,1,306.83,517.3,43.0,58.82000000000005,1,1,1.0
11045,2,142.12,460.42,29.710000000000008,59.46999999999997,1,1,1.0
11045,3,184.2,336.7,21.99000000000001,39.650000000000034,1,1,1.0
11045,4,290.1,526.45,31.149999999999977,56.379999999999995,1,1,1.0
11045,5,192.04,436.85,40.31,59.599999999999966,1,1,1.0
11045,6,602.0,457.45,33.559999999999945,60.329999999999984,1,1,1.0
11045,7,155.61,445.29,30.539999999999992,46.89999999999998,1,1,1.0
11045,8,199.29,370.03,32.96000000000001,43.99000000000001,1,1,1.0
11045,9,545.24,329.0,26.299999999999955,63.75,1,1,1.0
11045,10,975.25,686.65,36.309999999999945,33.35000000000002,1,1,1.0
11045,11,579.04,284.0,33.700000000000045,50.0,1,1,1.0
11045,12,961.51,251.49,36.25,60.00999999999999,1,1,1.0
11045,13,1137.75,336.5,35.01999999999998,65.0,1,1,1.0
11045,14,1109.0,551.5,47.51999999999998,82.5,1,1,1.0
11050,1,330.81,513.02,42.99000000000001,58.82000000000005,1,1,1.0
11050,2,163.94,460.09,29.72,59.46999999999997,1,1,1.0
11050,3,142.95,339.2,21.99000000000001,39.650000000000034,1,1,1.0
11050,4,280.1,530.82,31.149999999999977,56.379999999999995,1,1,1.0
11050,5,135.79,449.35,40.31,59.599999999999966,1,1,1.0
11050,6,577.0,457.45,33.559999999999945,60.329999999999984,1,1,1.0
11050,7,157.03,448.49,30.539999999999992,46.89999999999998,1,1,1.0
11050,8,166.79,370.66,32.96000000000001,43.98999999999995,1,1,1.0
11050,9,530.24,324.0,26.299999999999955,63.75,1,1,1.0
11050,10,989.63,686.2,36.30000000000007,33.34999999999991,1,1,1.0
11050,11,551.54,285.25,33.700000000000045,50.0,1,1,1.0
11050,12,891.5,247.7,36.25999999999999,51.30000000000001,1,1,1.0
11050,13,1097.75,344.0,28.75,52.5,1,1,1.0
11050,14,1072.75,559.0,40.049999999999955,75.0,1,1,1.0
11055,1,354.78,508.74,43.0,58.819999999999936,1,1,1.0
11055,2,185.77,459.77,29.70999999999998,59.47000000000003,1,1,1.0
11055,3,141.76,338.94,22.100000000000023,39.870000000000005,1,1,1.0
11055,4,258.85,535.82,31.149999999999977,56.379999999999995,1,1,1.0
11055,5,158.72,449.59,40.30000000000001,59.950000000000045,1,1,1.0
11055,6,567.0,454.95,33.559999999999945,60.329999999999984,1,1,1.0
11055,7,158.45,451.69,30.54000000000002,46.89999999999998,1,1,1.0
11055,8,146.79,361.91,32.96000000000001,43.98999999999995,1,1,1.0
11055,9,513.99,326.5,26.299999999999955,63.75,1,1,1.0
11055,10,1004.01,685.76,36.299999999999955,33.35000000000002,1,1,1.0
11055,11,541.54,285.25,33.700000000000045,50.0,1,1,1.0
11055,12,849.0,255.2,36.25999999999999,51.30000000000001,1,1,1.0
11055,13,1076.5,342.75,28.75,52.5,1,1,1.0
11055,14,1050.25,555.25,40.049999999999955,75.0,1,1,1.0
11060,1,378.75,504.47,43.0,58.809999999999945,1,1,1.0
11060,2,207.59,459.44,29.72,59.46999999999997,1,1,1.0
11060,3,140.58,338.68,22.20999999999998,40.099999999999966,1,1,1.0
11060,4,250.72,538.32,31.150000000000006,56.379999999999995,1,1,1.0
11060,5,181.64,449.83,40.31,60.29000000000002,1,1,1.0
11060,6,556.37,456.82,33.559999999999945,60.339999999999975,1,1,1.0
11060,7,159.87,454.89,30.53,46.900000000000034,1,1,1.0
11060,8,145.75,363.26,32.94999999999999,43.99000000000001,1,1,1.0
11060,9,506.49,325.87,26.299999999999955,63.75,1,1,1.0
11060,10,1018.38,685.31,36.30000000000007,33.35000000000002,1,1,1.0
11060,11,534.04,289.62,33.700000000000045,50.00999999999999,1,1,1.0
11060,12,802.75,252.7,36.25999999999999,51.30000000000001,1,1,1.0
11060,13,1060.25,339.0,28.75,52.5,1,1,1.0
11060,14,1030.25,556.5,40.049999999999955,75.0,1,1,1.0
11065,1,402.73,500.19,42.99000000000001,58.81999999999999,1,1,1.0
11065,2,229.42,459.12,29.710000000000008,59.47000000000003,1,1,1.0
11065,3,139.4,338.43,22.310000000000002,40.31999999999999,1,1,1.0
11065,4,242.6,540.82,31.150000000000006,56.379999999999995,1,1,1.0
11065,5,204.57,450.07,40.30000000000001,60.639999999999986,1,1,1.0
11065,6,545.75,458.7,33.559999999999945,60.329999999999984,1,1,1.0
11065,7,161.29,458.09,30.53,46.910000000000025,1,1,1.0
11065,8,144.7,364.62,32.96000000000001,43.99000000000001,1,1,1.0
11065,9,498.99,325.25,26.299999999999955,63.75,1,1,1.0
11065,10,1032.76,684.86,36.299999999999955,33.35000000000002,1,1,1.0
11065,11,526.54,294.0,33.700000000000045,50.0,1,1,1.0
11065,12,761.5,256.45,22.5,48.75,1,1,1.0
11065,13,1039.0,335.25,28.75,52.5,1,1,1.0
11065,14,1007.75,560.25,40.049999999999955,75.0,1,1,1.0
11070,1,426.7,495.91,42.99000000000001,58.81999999999999,1,1,1.0
11070,2,251.24,458.79,29.71999999999997,59.46999999999997,1,1,1.0
11070,3,138.22,338.17,22.409999999999997,40.539999999999964,1,1,1.0
11070,4,238.85,548.95,31.140000000000015,56.379999999999995,1,1,1.0
11070,5,227.5,450.31,40.30000000000001,60.98000000000002,1,1,1.0
11070,6,539.5,458.7,33.559999999999945,60.329999999999984,1,1,1.0
11070,7,162.7,461.29,30.54000000000002,46.90999999999997,1,1,1.0
11070,8,143.66,365.97,32.96000000000001,43.98999999999995,1,1,1.0
11070,9,491.49,322.0,26.299999999999955,63.75,1,1,1.0
11070,10,1047.13,684.42,36.299999999999955,33.35000000000002,1,1,1.0
11070,11,525.8,292.5,27.40000000000009,47.89999999999998,1,1,1.0
11070,12,710.24,252.7,22.50999999999999,48.75,1,1,1.0
11070,13,1020.25,331.5,28.75,52.5,1,1,1.0
11070,14,985.25,560.25,40.049999999999955,75.0,1,1,1.0
11075,1,450.67,491.63,43.0,58.82000000000005,1,1,1.0
11075,2,273.07,458.47,29.70999999999998,59.47000000000003,1,1,1.0
11075,3,137.04,337.91,22.51000000000002,40.76999999999998,1,1,1.0
11075,4,235.09,557.07,31.150000000000006,56.379999999999995,1,1,1.0
11075,5,250.42,450.55,40.31000000000003,61.329999999999984,1,1,1.0
11075,6,527.0,458.7,33.549999999999955,60.329999999999984,1,1,1.0
11075,7,164.12,464.49,30.539999999999992,46.90999999999997,1,1,1.0
11075,8,142.62,367.32,32.96000000000001,44.0,1,1,1.0
11075,9,496.17,320.62,26.30000000000001,63.75,1,1,1.0
11075,10,1061.51,683.97,36.299999999999955,33.35000000000002,1,1,1.0
11075,11,521.65,288.55,23.930000000000064,58.0,1,1,1.0
11075,12,661.49,256.45,22.50999999999999,48.75,1,1,1.0
11075,13,1006.5,329.0,28.75,52.5,1,1,1.0
11075,14,962.75,560.25,40.049999999999955,75.0,1,1,1.0
11080,1,474.64,487.35,43.0,58.819999999999936,1,1,1.0
11080,2,294.9,458.14,29.710000000000036,59.47000000000003,1,1,1.0
11080,3,135.85,337.65,22.620000000000005,40.99000000000001,1,1,1.0
11080,4,231.34,558.95,31.150000000000006,56.379999999999995,1,1,1.0
11080,5,273.35,450.78,40.299999999999955,61.690000000000055,1,1,1.0
11080,6,518.25,458.7,33.549999999999955,60.329999999999984,1,1,1.0
11080,7,165.54,467.7,30.53,46.900000000000034,1,1,1.0
11080,8,141.58,368.68,32.95999999999998,43.99000000000001,1,1,1.0
11080,9,491.28,323.83,26.300000000000068,63.75,1,1,1.0
11080,10,1075.88,683.53,36.299999999999955,33.35000000000002,1,1,1.0
11080,11,521.2,280.75,29.25,76.52999999999997,1,1,1.0
11080,12,613.99,258.95,22.50999999999999,48.75,1,1,1.0
11080,13,991.5,332.75,28.75,52.5,1,1,1.0
11080,14,948.37,562.12,40.049999999999955,75.0,1,1,1.0
11085,1,498.62,483.08,42.99000000000001,58.81,1,1,1.0
11085,2,316.72,457.82,29.71999999999997,59.46999999999997,1,1,1.0
11085,3,134.67,337.4,22.72,41.210000000000036,1,1,1.0
11085,4,227.59,560.82,31.150000000000006,56.379999999999995,1,1,1.0
11085,5,296.27,451.02,40.31,62.02999999999997,1,1,1.0
11085,6,509.5,458.7,33.549999999999955,60.329999999999984,1,1,1.0
11085,7,166.96,470.9,30.53,46.89999999999998,1,1,1.0
11085,8,140.54,370.03,32.95000000000002,43.99000000000001,1,1,1.0
11085,9,498.25,330.16,26.299999999999955,63.75999999999999,1,1,1.0
11085,10,1090.26,683.08,36.299999999999955,33.34999999999991,1,1,1.0
11085,11,523.9,284.84,26.399999999999977,71.26000000000005,1,1,1.0
11085,12,577.74,263.95,22.5,48.75,1,1,1.0
11085,13,974.0,334.0,28.75,52.5,1,1,1.0
11085,14,934.0,564.0,40.049999999999955,75.0,1,1,1.0
11090,1,522.59,478.8,43.0,58.81999999999999,1,1,1.0
11090,2,338.55,457.49,29.70999999999998,59.47000000000003,1,1,1.0
11090,3,133.49,337.14,22.819999999999993,41.44,1,1,1.0
11090,4,145.09,628.32,31.150000000000006,56.379999999999995,1,1,1.0
11090,5,319.2,451.26,40.30000000000001,62.379999999999995,1,1,1.0
11090,6,166.99,517.45,33.54999999999998,60.33999999999992,1,1,1.0
11090,7,168.37,474.1,30.539999999999992,46.89999999999998,1,1,1.0
11090,8,139.5,371.39,32.94999999999999,43.99000000000001,1,1,1.0
11090,9,155.23,221.49,26.30000000000001,63.75999999999999,1,1,1.0
11090,10,1104.63,682.63,36.299999999999955,33.35000000000002,1,1,1.0
11090,11,254.03,561.5,133.67,158.5,1,1,1.0
11090,12,577.74,235.2,192.46000000000004,303.8,1,1,1.0
11090,13,1011.91,342.33,28.750000000000114,52.5,1,1,1.0
11090,14,967.33,566.08,42.95999999999992,75.0,1,1,1.0
11095,1,546.56,474.52,43.0,58.82000000000005,1,1,1.0
11095,2,360.37,457.17,29.71999999999997,59.46999999999997,1,1,1.0
11095,3,132.31,336.88,22.919999999999987,41.660000000000025,1,1,1.0
11095,4,156.25,624.71,31.610000000000014,56.93999999999994,1,1,1.0
11095,5,342.13,451.5,40.30000000000001,62.72000000000003,1,1,1.0
11095,6,186.29,518.28,34.02000000000001,60.75,1,1,1.0
11095,7,169.79,477.3,30.54000000000002,46.900000000000034,1,1,1.0
11095,8,138.45,372.74,32.96000000000001,43.99000000000001,1,1,1.0
11095,9,212.87,260.66,39.75999999999999,72.64999999999998,1,1,1.0
11095,10,1119.01,682.19,36.299999999999955,33.34999999999991,1,1,1.0
11095,11,474.04,529.0,133.67000000000002,158.5,1,1,1.0
11095,12,543.99,194.57,192.46000000000004,303.8,1,1,1.0
11095,13,1049.83,350.67,28.75,52.5,1,1,1.0
11095,14,1000.66,568.17,45.870000000000005,75.0,1,1,1.0
11100,1,570.54,470.24,42.99000000000001,58.819999999999936,1,1,1.0
11100,2,382.2,456.84,29.710000000000036,59.46999999999997,1,1,1.0
11100,3,131.12,336.62,23.03,41.889999999999986,1,1,1.0
11100,4,167.41,621.1,32.06999999999999,57.49000000000001,1,1,1.0
11100,5,365.05,451.74,40.31,63.069999999999936,1,1,1.0
11100,6,205.59,519.12,34.49000000000001,61.15999999999997,1,1,1.0
11100,7,171.21,480.5,30.53,46.89999999999998,1,1,1.0
11100,8,137.41,374.09,32.96000000000001,44.0,1,1,1.0
11100,9,270.51,299.83,53.23000000000002,81.54000000000002,1,1,1.0
11100,10,1133.38,681.74,36.299999999999955,33.35000000000002,1,1,1.0
11100,11,580.29,482.75,184.91000000000008,234.75,1,1,1.0
11100,12,510.24,153.95,192.46000000000004,303.8,1,1,1.0
11100,13,1087.75,359.0,28.75,52.5,1,1,1.0
11100,14,1034.0,570.25,48.77999999999997,75.0,1,1,1.0
11105,1,594.51,465.96,42.99000000000001,58.81999999999999,1,1,1.0
11105,2,404.02,456.52,29.720000000000027,59.47000000000003,1,1,1.0
11105,3,129.94,336.37,23.140000000000015,42.10000000000002,1,1,1.0
11105,4,178.57,617.49,32.53,58.049999999999955,1,1,1.0
11105,5,387.98,451.98,40.299999999999955,63.41999999999996,1,1,1.0
11105,6,224.9,519.95,34.95000000000002,61.57999999999993,1,1,1.0
11105,7,172.63,483.7,30.53,46.910000000000025,1,1,1.0
11105,8,136.37,375.45,32.96000000000001,43.99000000000001,1,1,1.0
11105,9,328.15,339.0,66.70000000000005,90.43,1,1,1.0
11105,10,1147.76,681.29,36.299999999999955,33.35000000000002,1,1,1.0
11105,11,685.3,411.5,204.9000000000001,279.70000000000005,1,1,1.0
11105,12,457.74,133.95,192.46000000000004,303.8,1,1,1.0
11105,13,1125.67,367.33,28.75,52.5,1,1,1.0
11105,14,1067.33,572.33,51.690000000000055,75.0,1,1,1.0
11110,1,618.48,461.69,43.0,58.81999999999999,1,1,1.0
11110,2,425.85,456.19,29.70999999999998,59.46999999999997,1,1,1.0
11110,3,128.76,336.11,23.24000000000001,42.329999999999984,1,1,1.0
11110,4,189.73,613.88,33.0,58.60000000000002,1,1,1.0
11110,5,410.9,452.22,40.31,63.75999999999999,1,1,1.0
11110,6,244.2,520.78,35.420000000000016,62.0,1,1,1.0
11110,7,174.04,486.9,30.54000000000002,46.90999999999997,1,1,1.0
11110,8,135.33,376.8,32.95999999999998,44.0,1,1,1.0
11110,9,385.79,378.16,80.16999999999996,99.32999999999998,1,1,1.0
11110,10,1162.13,680.85,36.309999999999945,33.35000000000002,1,1,1.0
11110,11,743.42,410.25,204.91000000000008,279.70000000000005,1,1,1.0
11110,12,406.49,137.7,192.46000000000004,303.8,1,1,1.0
11110,13,1163.58,375.67,28.75999999999999,52.5,1,1,1.0
11110,14,1100.67,574.42,54.58999999999992,75.0,1,1,1.0
11115,1,642.45,457.41,43.0,58.81999999999999,1,1,1.0
11115,2,447.67,455.87,29.71999999999997,59.47000000000003,1,1,1.0
11115,3,127.58,335.85,23.33999999999999,42.549999999999955,1,1,1.0
11115,4,200.89,610.26,33.46000000000001,59.16999999999996,1,1,1.0
11115,5,433.83,452.46,40.31,64.11000000000007,1,1,1.0
11115,6,263.51,521.62,35.879999999999995,62.40999999999997,1,1,1.0
11115,7,175.46,490.1,30.539999999999992,46.90999999999997,1,1,1.0
11115,8,134.29,378.16,32.95000000000002,43.98999999999995,1,1,1.0
11115,9,443.43,417.33,93.64000000000004,108.21999999999997,1,1,1.0
11115,10,1176.51,680.4,36.299999999999955,33.35000000000002,1,1,1.0
11115,11,801.55,409.0,204.9000000000001,279.70000000000005,1,1,1.0
11115,12,381.48,140.2,192.47000000000003,303.8,1,1,1.0
11115,13,1201.5,384.0,28.75,52.5,1,1,1.0
11115,14,1134.0,576.5,57.50999999999999,75.0,1,1,1.0
11120,1,666.43,453.13,42.99000000000001,58.81999999999999,1,1,1.0
11120,2,469.5,455.54,29.70999999999998,59.46999999999997,1,1,1.0
11120,3,126.4,335.59,23.439999999999998,42.78000000000003,1,1,1.0
11120,4,212.05,606.65,33.91999999999999,59.72000000000003,1,1,1.0
11120,5,456.76,452.7,40.30000000000001,64.45999999999998,1,1,1.0
11120,6,282.81,522.45,36.35000000000002,62.82999999999993,1,1,1.0
11120,7,176.88,493.31,30.539999999999992,46.900000000000034,1,1,1.0
11120,8,133.25,379.51,32.94999999999999,43.99000000000001,1,1,1.0
11120,9,501.07,456.5,107.10999999999996,117.12,1,1,1.0
11120,10,1163.67,663.86,36.52999999999997,34.889999999999986,1,1,1.0
11120,11,850.3,380.25,204.9000000000001,279.70000000000005,1,1,1.0
11120,12,366.48,147.7,192.46000000000004,303.8,1,1,1.0
11120,13,1191.25,379.06,34.569999999999936,66.44,1,1,1.0
11120,14,1118.49,562.41,56.539999999999964,74.14999999999998,1,1,1.0
11125,1,690.4,448.85,43.0,58.81999999999999,1,1,1.0
11125,2,491.33,455.22,29.70999999999998,59.47000000000003,1,1,1.0
11125,3,125.21,335.34,23.549999999999997,43.0,1,1,1.0
11125,4,223.21,603.04,34.37999999999997,60.280000000000086,1,1,1.0
11125,5,479.68,452.94,40.31,64.80000000000001,1,1,1.0
11125,6,302.12,523.28,36.81,63.25,1,1,1.0
11125,7,178.3,496.51,30.53,46.89999999999998,1,1,1.0
11125,8,132.2,380.87,32.96000000000001,43.99000000000001,1,1,1.0
11125,9,558.71,495.67,120.56999999999994,126.00999999999993,1,1,1.0
11125,10,1150.83,647.33,36.75,36.41999999999996,1,1,1.0
11125,11,855.3,366.81,204.9000000000001,279.7,1,1,1.0
11125,12,351.48,155.2,192.46000000000004,303.8,1,1,1.0
11125,13,1181.0,374.12,40.38000000000011,80.38,1,1,1.0
11125,14,1102.97,548.32,55.57999999999993,73.28999999999996,1,1,1.0
11130,1,714.37,444.57,43.0,58.81999999999999,1,1,1.0
11130,2,513.15,454.89,29.720000000000027,59.47000000000003,1,1,1.0
11130,3,124.03,335.08,23.650000000000006,43.22000000000003,1,1,1.0
11130,4,234.37,599.43,34.839999999999975,60.83000000000004,1,1,1.0
11130,5,502.61,453.18,40.299999999999955,65.15000000000003,1,1,1.0
11130,6,321.42,524.12,37.27999999999997,63.65999999999997,1,1,1.0
11130,7,179.72,499.71,30.53,46.900000000000034,1,1,1.0
11130,8,131.16,382.22,32.96000000000001,43.98999999999995,1,1,1.0
11130,9,616.35,534.84,134.03999999999996,134.89999999999998,1,1,1.0
11130,10,1137.99,630.79,36.98000000000002,37.950000000000045,1,1,1.0
11130,11,860.3,353.38,204.9000000000001,279.69000000000005,1,1,1.0
11130,12,308.98,165.2,192.45999999999998,303.8,1,1,1.0
11130,13,1170.75,369.19,46.190000000000055,94.31,1,1,1.0
11130,14,1087.46,534.23,54.6099999999999,72.43999999999994,1,1,1.0
11135,1,738.35,440.3,42.99000000000001,58.81999999999999,1,1,1.0
11135,2,534.98,454.57,29.710000000000036,59.46999999999997,1,1,1.0
11135,3,122.85,334.82,23.75,43.44999999999999,1,1,1.0
11135,4,245.53,595.82,35.29999999999998,61.379999999999995,1,1,1.0
11135,5,525.54,453.42,40.30000000000007,65.48999999999995,1,1,1.0
11135,6,340.72,524.95,37.75,64.06999999999994,1,1,1.0
11135,7,181.13,502.91,30.539999999999992,46.89999999999992,1,1,1.0
11135,8,130.12,383.57,32.96000000000001,44.0,1,1,1.0
11135,9,673.99,574.0,147.51,143.79999999999995,1,1,1.0
11135,10,1125.14,614.25,37.20999999999981,39.49000000000001,1,1,1.0
11135,11,865.3,339.94,204.9000000000001,279.7,1,1,1.0
11135,12,301.48,177.7,192.45999999999998,303.8,1,1,1.0
11135,13,1160.5,364.25,52.0,108.25,1,1,1.0
11135,14,1071.95,520.14,53.63999999999987,71.59000000000003,1,1,1.0
11140,1,762.32,436.02,42.989999999999895,58.81999999999999,1,1,1.0
11140,2,556.8,454.24,29.720000000000027,59.47000000000003,1,1,1.0
11140,3,121.67,334.56,23.85000000000001,43.670000000000016,1,1,1.0
11140,4,256.69,592.2,35.75999999999999,61.94999999999993,1,1,1.0
11140,5,548.46,453.66,40.309999999999945,65.83999999999997,1,1,1.0
11140,6,360.03,525.78,38.200000000000045,64.49000000000001,1,1,1.0
11140,7,182.55,506.11,30.539999999999992,46.90999999999997,1,1,1.0
11140,8,129.08,384.93,32.95999999999998,43.99000000000001,1,1,1.0
11140,9,648.36,552.13,163.14,165.07000000000005,1,1,1.0
11140,10,1112.3,597.72,37.440000000000055,41.01999999999998,1,1,1.0
11140,11,870.3,326.5,204.9000000000001,279.70000000000005,1,1,1.0
11140,12,293.98,190.2,192.45999999999998,303.8,1,1,1.0
11140,13,1150.25,359.31,57.809999999999945,122.19,1,1,1.0
11140,14,1056.43,506.05,52.68999999999983,70.72999999999996,1,1,1.0
11145,1,786.29,431.74,43.0,58.81999999999999,1,1,1.0
11145,2,578.63,453.92,29.710000000000036,59.46999999999997,1,1,1.0
11145,3,120.49,334.31,23.959999999999994,43.889999999999986,1,1,1.0
11145,4,267.85,588.59,36.21999999999997,62.5,1,1,1.0
11145,5,571.39,453.9,40.30000000000007,66.19000000000005,1,1,1.0
11145,6,379.33,526.62,38.670000000000016,64.89999999999998,1,1,1.0
11145,7,183.97,509.31,30.53,46.910000000000025,1,1,1.0
11145,8,128.04,386.28,32.95000000000002,43.99000000000001,1,1,1.0
11145,9,622.74,530.25,178.76,186.35000000000002,1,1,1.0
11145,10,1099.46,581.18,37.67000000000007,42.56000000000006,1,1,1.0
11145,11,840.93,328.38,204.89999999999998,279.69000000000005,1,1,1.0
11145,12,280.23,191.14,192.45999999999998,303.8,1,1,1.0
11145,13,1140.0,354.37,63.63000000000011,136.13,1,1,1.0
11145,14,1040.92,491.95,51.72000000000003,69.89000000000004,1,1,1.0
11150,1,810.26,427.46,43.0,58.81999999999999,1,1,1.0
11150,2,600.45,453.59,29.719999999999914,59.46999999999997,1,1,1.0
11150,3,119.3,334.05,24.070000000000007,44.110000000000014,1,1,1.0
11150,4,279.01,584.98,36.68000000000001,63.059999999999945,1,1,1.0
11150,5,594.31,454.14,40.31000000000006,66.52999999999997,1,1,1.0
11150,6,398.64,527.45,39.129999999999995,65.31999999999994,1,1,1.0
11150,7,185.39,512.51,30.53,46.90999999999997,1,1,1.0
11150,8,127.0,387.64,32.94999999999999,43.99000000000001,1,1,1.0
11150,9,611.49,497.75,178.76,186.35000000000002,1,1,1.0
11150,10,1086.62,564.65,37.8900000000001,44.08000000000004,1,1,1.0
11150,11,811.55,330.25,204.9000000000001,279.70000000000005,1,1,1.0
11150,12,266.48,192.07,192.45999999999998,303.8,1,1,1.0
11150,13,1129.75,349.44,69.44000000000005,150.06,1,1,1.0
11150,14,1025.41,477.86,50.75,69.02999999999997,1,1,1.0
11155,1,834.24,423.19,42.99000000000001,58.81,1,1,1.0
11155,2,622.28,453.27,29.710000000000036,59.47000000000003,1,1,1.0
11155,3,118.12,333.79,24.169999999999987,44.339999999999975,1,1,1.0
11155,4,290.17,581.37,37.139999999999986,63.610000000000014,1,1,1.0
11155,5,617.24,454.38,40.299999999999955,66.88,1,1,1.0
11155,6,417.94,528.28,39.60000000000002,65.74000000000001,1,1,1.0
11155,7,186.8,515.71,30.539999999999992,46.90999999999997,1,1,1.0
11155,8,125.95,388.99,32.959999999999994,43.99000000000001,1,1,1.0
11155,9,560.24,494.0,178.76,186.35000000000002,1,1,1.0
11155,10,1073.78,548.11,38.12000000000012,45.620000000000005,1,1,1.0
11155,11,770.3,326.5,204.9000000000001,279.70000000000005,1,1,1.0
11155,12,252.73,193.01,192.46,303.8,1,1,1.0
11155,13,1119.5,344.5,75.25,164.0,1,1,1.0
11155,14,1009.89,463.77,49.79000000000008,68.18000000000006,1,1,1.0
11160,1,858.21,418.91,43.0,58.81999999999999,1,1,1.0
11160,2,644.11,452.94,29.710000000000036,59.46999999999997,1,1,1.0
11160,3,116.94,333.53,24.27000000000001,44.57000000000005,1,1,1.0
11160,4,301.33,577.75,37.610000000000014,64.17999999999995,1,1,1.0
11160,5,640.17,454.61,40.30000000000007,67.24000000000001,1,1,1.0
11160,6,437.24,529.12,40.06999999999999,66.14999999999998,1,1,1.0
11160,7,188.22,518.92,30.539999999999992,46.90000000000009,1,1,1.0
11160,8,124.91,390.35,32.96000000000001,43.98999999999995,1,1,1.0
11160,9,535.24,455.25,178.76,186.35000000000002,1,1,1.0
11160,10,1060.94,531.57,38.33999999999992,47.15999999999997,1,1,1.0
11160,11,727.8,322.75,204.9000000000001,279.70000000000005,1,1,1.0
11160,12,238.98,193.95,192.46,303.8,1,1,1.0
11160,13,1109.25,339.56,81.05999999999995,177.94,1,1,1.0
11160,14,994.38,449.68,48.83000000000004,67.32999999999998,1,1,1.0
11165,1,882.18,414.63,43.0,58.81999999999999,1,1,1.0
11165,2,665.93,452.62,29.710000000000036,59.47000000000003,1,1,1.0
11165,3,115.76,333.28,24.36999999999999,44.78000000000003,1,1,1.0
11165,4,312.49,574.14,38.06999999999999,64.73000000000002,1,1,1.0
11165,5,663.09,454.85,40.309999999999945,67.57999999999993,1,1,1.0
11165,6,456.55,529.95,40.52999999999997,66.56999999999994,1,1,1.0
11165,7,189.64,522.12,30.53,46.89999999999998,1,1,1.0
11165,8,123.87,391.7,32.96000000000001,43.99000000000001,1,1,1.0
11165,9,496.48,417.75,178.76999999999998,186.35000000000002,1,1,1.0
11165,10,1048.1,515.04,38.570000000000164,48.690000000000055,1,1,1.0
11165,11,701.55,316.5,204.9000000000001,279.70000000000005,1,1,1.0
11165,12,254.81,176.03,192.45999999999998,303.79999999999995,1,1,1.0
11165,13,1099.0,334.62,86.88000000000011,191.88,1,1,1.0
11165,14,978.86,435.59,47.870000000000005,66.47000000000003,1,1,1.0
11170,1,906.16,410.35,42.99000000000001,58.81999999999999,1,1,1.0
11170,2,687.76,452.29,29.710000000000036,59.46999999999997,1,1,1.0
11170,3,114.57,333.02,24.480000000000018,45.00999999999999,1,1,1.0
11170,4,323.64,570.53,38.54000000000002,65.27999999999997,1,1,1.0
11170,5,686.02,455.09,40.30000000000007,67.93,1,1,1.0
11170,6,475.85,530.79,41.0,66.97000000000003,1,1,1.0
11170,7,191.06,525.32,30.53,46.89999999999998,1,1,1.0
11170,8,122.83,393.05,32.959999999999994,44.0,1,1,1.0
11170,9,478.98,384.0,178.76999999999998,186.35000000000002,1,1,1.0
11170,10,1035.25,498.5,38.809999999999945,50.22000000000003,1,1,1.0
11170,11,675.3,310.25,204.9000000000001,279.70000000000005,1,1,1.0
11170,12,270.65,158.11,192.46000000000004,303.8,1,1,1.0
11170,13,1088.75,329.69,92.69000000000005,205.81,1,1,1.0
11170,14,963.35,421.5,46.89999999999998,65.62,1,1,1.0
11175,1,930.13,406.07,42.99000000000001,58.81999999999999,1,1,1.0
11175,2,709.58,451.97,29.719999999999914,59.46999999999997,1,1,1.0
11175,3,113.39,332.76,24.58,45.23000000000002,1,1,1.0
11175,4,334.8,566.92,39.0,65.84000000000003,1,1,1.0
11175,5,708.94,455.33,40.309999999999945,68.27000000000004,1,1,1.0
11175,6,495.16,531.62,41.45999999999998,67.38999999999999,1,1,1.0
11175,7,192.48,528.52,30.53,46.89999999999998,1,1,1.0
11175,8,121.79,394.41,32.95,43.98999999999995,1,1,1.0
11175,9,468.98,365.25,178.76999999999998,186.35000000000002,1,1,1.0
11175,10,1022.41,481.96,39.030000000000086,51.76000000000005,1,1,1.0
11175,11,657.8,309.0,204.9000000000001,279.70000000000005,1,1,1.0
11175,12,286.48,140.2,192.45999999999998,303.8,1,1,1.0
11175,13,1078.5,324.75,98.5,219.75,1,1,1.0
11175,14,947.84,407.41,45.92999999999995,64.76999999999998,1,1,1.0
11180,1,954.1,401.8,43.0,58.81,1,1,1.0
11180,2,731.41,451.64,29.710000000000036,59.47000000000003,1,1,1.0
11180,3,112.21,332.5,24.679999999999993,45.45999999999998,1,1,1.0
11180,4,345.96,563.31,39.460000000000036,66.3900000000001,1,1,1.0
11180,5,731.87,455.57,40.309999999999945,68.62000000000006,1,1,1.0
11180,6,514.46,532.45,41.92999999999995,67.80999999999995,1,1,1.0
11180,7,193.89,531.72,30.54000000000002,46.90999999999997,1,1,1.0
11180,8,120.75,395.76,32.94999999999999,43.99000000000001,1,1,1.0
11180,9,486.48,339.0,178.76999999999998,186.35000000000002,1,1,1.0
11180,10,1009.57,465.43,39.25999999999988,53.29000000000002,1,1,1.0
11180,11,640.29,307.75,204.91000000000008,279.70000000000005,1,1,1.0
11180,12,312.74,140.2,166.2,303.8,1,1,1.0
11180,13,1068.25,319.81,104.30999999999995,233.69,1,1,1.0
11180,14,932.32,393.32,44.979999999999905,63.910000000000025,1,1,1.0
11185,1,978.07,397.52,43.0,58.81999999999999,1,1,1.0
11185,2,753.23,451.32,29.720000000000027,59.47000000000003,1,1,1.0
11185,3,111.03,332.25,24.789999999999992,45.670000000000016,1,1,1.0
11185,4,357.12,559.69,39.920000000000016,66.95999999999992,1,1,1.0
11185,5,754.8,455.81,40.30000000000007,68.96999999999997,1,1,1.0
11185,6,533.77,533.29,42.389999999999986,68.22000000000003,1,1,1.0
11185,7,195.31,534.92,30.539999999999992,46.91000000000008,1,1,1.0
11185,8,119.7,397.12,32.959999999999994,43.99000000000001,1,1,1.0
11185,9,486.48,339.0,133.72000000000003,186.35000000000002,1,1,1.0
11185,10,996.73,448.89,39.48000000000002,54.83000000000004,1,1,1.0
11185,11,640.29,307.75,141.11,282.15,1,1,1.0
11185,12,339.0,140.2,139.94,303.8,1,1,1.0
11185,13,1058.0,314.87,110.13000000000011,247.63,1,1,1.0
11185,14,916.81,379.23,44.010000000000105,63.06,1,1,1.0
11190,1,1002.05,393.24,42.99000000000001,58.81999999999999,1,1,1.0
11190,2,775.06,450.99,29.710000000000036,59.46999999999997,1,1,1.0
11190,3,109.85,331.99,24.890000000000015,45.89999999999998,1,1,1.0
11190,4,368.28,556.08,40.38000000000005,67.50999999999999,1,1,1.0
11190,5,777.72,456.05,40.309999999999945,69.31,1,1,1.0
11190,6,553.07,534.12,42.84999999999991,68.63999999999999,1,1,1.0
11190,7,196.73,538.12,30.53,46.90999999999997,1,1,1.0
11190,8,118.66,398.47,32.96000000000001,43.98999999999995,1,1,1.0
11190,9,461.48,316.5,133.72000000000003,186.35000000000002,1,1,1.0
11190,10,983.89,432.35,39.710000000000036,56.370000000000005,1,1,1.0
11190,11,592.79,344.0,141.11,282.15,1,1,1.0
11190,12,424.0,135.2,139.94000000000005,303.8,1,1,1.0
11190,13,1047.75,309.94,115.94000000000005,261.56,1,1,1.0
11190,14,901.3,365.14,43.04000000000008,62.210000000000036,1,1,1.0
11195,1,1026.02,388.96,43.0,58.81999999999999,1,1,1.0
11195,2,796.88,450.67,29.720000000000027,59.46999999999997,1,1,1.0
11195,3,108.66,331.73,25.0,46.129999999999995,1,1,1.0
11195,4,379.44,552.47,40.839999999999975,68.06999999999994,1,1,1.0
11195,5,800.65,456.29,40.30000000000007,69.66000000000003,1,1,1.0
11195,6,572.37,534.95,43.32000000000005,69.05999999999995,1,1,1.0
11195,7,198.15,541.33,30.53,46.89999999999998,1,1,1.0
11195,8,117.62,399.82,32.96000000000001,44.0,1,1,1.0
11195,9,351.48,332.75,133.71999999999997,311.35,1,1,1.0
11195,10,971.05,415.82,39.930000000000064,57.889999999999986,1,1,1.0
11195,11,521.54,362.75,141.11,282.15,1,1,1.0
11195,12,420.25,127.7,139.94000000000005,303.8,1,1,1.0
11195,13,1037.5,305.0,121.75,275.5,1,1,1.0
11195,14,885.78,351.05,42.08000000000004,61.349999999999966,1,1,1.0
11200,1,1049.99,384.68,43.0,58.81999999999999,1,1,1.0
11200,2,818.71,450.34,29.709999999999923,59.47000000000003,1,1,1.0
11200,3,107.48,331.47,25.10000000000001,46.349999999999966,1,1,1.0
11200,4,390.6,548.86,41.299999999999955,68.62,1,1,1.0
11200,5,823.58,456.53,40.299999999999955,70.0,1,1,1.0
11200,6,591.68,535.79,43.780000000000086,69.47000000000003,1,1,1.0
11200,7,199.56,544.53,30.539999999999992,46.89999999999998,1,1,1.0
11200,8,116.58,401.18,32.959999999999994,43.99000000000001,1,1,1.0
11200,9,220.23,346.5,133.71,311.35,1,1,1.0
11200,10,958.21,399.28,40.15999999999997,59.43000000000001,1,1,1.0
11200,11,364.04,392.75,141.09999999999997,282.15,1,1,1.0
11200,12,379.0,106.45,139.94000000000005,303.8,1,1,1.0
11200,13,1027.25,300.06,127.55999999999995,289.44,1,1,1.0
11200,14,870.27,336.95,41.110000000000014,60.50999999999999,1,1,1.0
11205,1,1073.97,380.41,42.99000000000001,58.81,1,1,1.0
11205,2,840.54,450.02,29.710000000000036,59.47000000000003,1,1,1.0
11205,3,106.3,331.22,25.200000000000003,46.56999999999999,1,1,1.0
11205,4,401.76,545.25,41.75999999999999,69.17999999999995,1,1,1.0
11205,5,846.5,456.77,40.309999999999945,70.35000000000002,1,1,1.0
11205,6,610.98,536.62,44.25,69.88999999999999,1,1,1.0
11205,7,200.98,547.73,30.54000000000002,46.89999999999998,1,1,1.0
11205,8,115.54,402.53,32.95,43.99000000000001,1,1,1.0
11205,9,131.47,314.0,133.72,311.35,1,1,1.0
11205,10,945.37,382.75,40.389999999999986,60.95999999999998,1,1,1.0
11205,11,227.78,436.5,141.10999999999999,282.15,1,1,1.0
11205,12,340.25,135.2,139.94,303.8,1,1,1.0
11205,13,1017.0,295.12,133.3800000000001,303.38,1,1,1.0
11205,14,854.75,322.86,40.15999999999997,59.64999999999998,1,1,1.0
11210,1,1097.94,376.13,42.99000000000001,58.81999999999999,1,1,1.0
11210,2,862.36,449.69,29.710000000000036,59.47000000000003,1,1,1.0
11210,3,105.12,330.96,25.299999999999983,46.79000000000002,1,1,1.0
11210,4,412.92,541.63,42.21999999999997,69.74000000000001,1,1,1.0
11210,5,869.43,457.01,40.30000000000007,70.70000000000005,1,1,1.0
11210,6,630.29,537.45,44.710000000000036,70.29999999999995,1,1,1.0
11210,7,202.4,550.93,30.53,46.90000000000009,1,1,1.0
11210,8,114.5,403.89,32.94999999999999,43.99000000000001,1,1,1.0
11210,9,185.22,312.76,108.41,249.46000000000004,1,1,1.0
11210,10,932.52,366.21,40.620000000000005,62.5,1,1,1.0
11210,11,105.28,441.5,141.1,278.5,1,1,1.0
11210,12,324.62,147.7,139.95,303.8,1,1,1.0
11210,13,1006.75,290.18,139.19000000000005,317.32,1,1,1.0
11210,14,839.24,308.77,39.18999999999994,58.80000000000001,1,1,1.0
11215,1,1121.91,371.85,43.0,58.81999999999999,1,1,1.0
11215,2,884.19,449.37,29.709999999999923,59.46999999999997,1,1,1.0
11215,3,103.93,330.7,25.409999999999997,47.02000000000004,1,1,1.0
11215,4,424.08,538.02,42.69,70.28999999999996,1,1,1.0
11215,5,892.35,457.25,40.309999999999945,71.03999999999996,1,1,1.0
11215,6,649.59,538.29,45.17999999999995,70.71000000000004,1,1,1.0
11215,7,203.82,554.13,30.53,46.89999999999998,1,1,1.0
11215,8,113.45,405.24,32.959999999999994,43.99000000000001,1,1,1.0
11215,9,238.96,311.52,83.10999999999999,187.58000000000004,1,1,1.0
11215,10,919.68,349.67,40.85000000000002,64.02999999999997,1,1,1.0
11215,11,177.77,413.18,105.70000000000002,201.82,1,1,1.0
11215,12,309.0,160.2,139.94,303.8,1,1,1.0
11215,13,996.5,285.25,145.0,331.25,1,1,1.0
11215,14,823.73,294.68,38.22000000000003,57.94999999999999,1,1,1.0
11220,1,1145.88,367.57,43.0,58.81999999999999,1,1,1.0
11220,2,906.01,449.04,29.720000000000027,59.46999999999997,1,1,1.0
11220,3,102.75,330.44,25.50999999999999,47.25,1,1,1.0
11220,4,435.24,534.41,43.14999999999998,70.85000000000002,1,1,1.0
11220,5,915.28,457.49,40.30000000000007,71.38999999999999,1,1,1.0
11220,6,668.9,539.12,45.639999999999986,71.13,1,1,1.0
11220,7,205.23,557.33,30.54000000000002,46.90999999999997,1,1,1.0
11220,8,112.41,406.6,32.96000000000001,43.98999999999995,1,1,1.0
11220,9,292.7,310.28,57.81,125.69000000000005,1,1,1.0
11220,10,906.84,333.14,41.069999999999936,65.56,1,1,1.0
11220,11,250.26,384.86,70.29000000000002,125.13,1,1,1.0
11220,12,246.5,143.95,139.94,303.8,1,1,1.0
11220,13,810.24,281.5,145.01,331.25,1,1,1.0
11220,14,808.21,280.59,37.25999999999999,57.09000000000003,1,1,1.0
11225,1,1169.86,363.29,42.99000000000001,58.81999999999999,1,1,1.0
11225,2,927.84,448.72,29.709999999999923,59.46999999999997,1,1,1.0
11225,3,101.57,330.19,25.610000000000014,47.45999999999998,1,1,1.0
11225,4,446.4,530.8,43.610000000000014,71.40000000000009,1,1,1.0
11225,5,938.21,457.73,40.299999999999955,71.74000000000001,1,1,1.0
11225,6,688.2,539.95,46.1099999999999,71.54999999999995,1,1,1.0
11225,7,206.65,560.53,30.539999999999992,46.91000000000008,1,1,1.0
11225,8,111.37,407.95,32.96000000000001,43.99000000000001,1,1,1.0
11225,9,346.45,309.04,32.49000000000001,63.799999999999955,1,1,1.0
11225,10,894.0,316.6,41.299999999999955,67.09999999999997,1,1,1.0
11225,11,322.75,356.54,34.889999999999986,48.44999999999999,1,1,1.0
11225,12,422.7,286.5,31.24000000000001,61.25,1,1,1.0
11225,13,491.49,294.04,36.24000000000001,74.94999999999999,1,1,1.0
11225,14,792.7,266.5,36.299999999999955,56.24000000000001,1,1,1.0
11230,1,1193.83,359.02,43.0,58.81999999999999,1,1,1.0
11230,2,949.66,448.39,29.720000000000027,59.47000000000003,1,1,1.0
11230,3,100.39,329.93,25.72,47.69,1,1,1.0
11230,4,403.9,525.8,43.610000000000014,71.40000000000009,1,1,1.0
11230,5,961.13,457.97,40.31000000000006,72.07999999999993,1,1,1.0
11230,6,640.7,543.7,46.1099999999999,71.54999999999995,1,1,1.0
11230,7,208.07,563.73,30.54000000000002,46.90999999999997,1,1,1.0
11230,8,110.33,409.3,32.959999999999994,44.0,1,1,1.0
11230,9,306.45,330.29,32.49000000000001,63.799999999999955,1,1,1.0
11230,10,866.5,317.85,41.299999999999955,67.09999999999997,1,1,1.0
11230,11,279.0,361.54,34.889999999999986,48.44999999999999,1,1,1.0
11230,12,398.95,290.25,31.24000000000001,61.25,1,1,1.0
11230,13,458.99,300.29,36.24000000000001,74.94999999999999,1,1,1.0
11230,14,752.7,271.5,36.299999999999955,56.24000000000001,1,1,1.0
11235,1,1166.33,357.77,43.0,58.81999999999999,1,1,1.0
11235,2,971.49,448.07,29.710000000000036,59.47000000000003,1,1,1.0
11235,3,99.21,329.67,25.820000000000007,47.90999999999997,1,1,1.0
11235,4,367.65,523.3,43.610000000000014,71.40000000000009,1,1,1.0
11235,5,984.06,458.21,40.299999999999955,72.43,1,1,1.0
11235,6,619.45,546.2,46.1099999999999,71.54999999999995,1,1,1.0
11235,7,209.49,566.94,30.53,46.89999999999998,1,1,1.0
11235,8,109.29,410.66,32.95,43.98999999999995,1,1,1.0
11235,9,278.95,327.79,32.49000000000001,63.799999999999955,1,1,1.0
11235,10,840.25,317.85,41.299999999999955,67.09999999999997,1,1,1.0
11235,11,257.75,366.54,34.889999999999986,48.44999999999999,1,1,1.0
11235,12,383.95,292.75,31.24000000000001,61.25,1,1,1.0
11235,13,445.24,302.79,36.24000000000001,74.94999999999999,1,1,1.0
11235,14,727.7,271.5,32.5,56.24000000000001,1,1,1.0
11240,1,1128.83,351.52,42.99000000000001,58.81,1,1,1.0
11240,2,993.31,447.74,29.720000000000027,59.46999999999997,1,1,1.0
11240,3,98.02,329.41,25.930000000000007,48.139999999999986,1,1,1.0
11240,4,340.15,529.55,43.610000000000014,71.40000000000009,1,1,1.0
11240,5,1006.98,458.44,40.309999999999945,72.78000000000003,1,1,1.0
11240,6,586.95,536.2,46.1099999999999,71.54999999999995,1,1,1.0
11240,7,210.91,570.14,30.53,46.89999999999998,1,1,1.0
11240,8,108.25,412.01,32.94999999999999,43.99000000000001,1,1,1.0
11240,9,238.95,332.79,32.49000000000001,63.799999999999955,1,1,1.0
11240,10,801.5,316.6,41.299999999999955,67.09999999999997,1,1,1.0
11240,11,207.74,370.29,34.889999999999986,48.44999999999999,1,1,1.0
11240,12,372.7,290.25,31.24000000000001,61.25,1,1,1.0
11240,13,419.0,306.5,33.73000000000002,64.99000000000001,1,1,1.0
11240,14,683.95,270.25,32.5,56.24000000000001,1,1,1.0
11245,1,1095.08,361.52,42.99000000000001,58.81999999999999,1,1,1.0
11245,2,1015.14,447.42,29.709999999999923,59.46999999999997,1,1,1.0
11245,3,96.84,329.16,26.03,48.349999999999966,1,1,1.0
11245,4,316.4,537.05,43.610000000000014,71.40000000000009,1,1,1.0
11245,5,1029.91,458.68,40.309999999999945,73.12999999999994,1,1,1.0
11245,6,560.7,551.2,46.1099999999999,71.54999999999995,1,1,1.0
11245,7,212.32,573.34,30.54000000000002,46.89999999999998,1,1,1.0
11245,8,107.2,413.37,32.959999999999994,43.99000000000001,1,1,1.0
11245,9,206.44,364.05,32.5,56.30000000000001,1,1,1.0
11245,10,767.75,315.35,41.299999999999955,67.09999999999997,1,1,1.0
11245,11,176.49,380.29,34.889999999999986,48.44999999999999,1,1,1.0
11245,12,352.7,289.0,31.24000000000001,61.25,1,1,1.0
11245,13,399.0,302.75,33.73000000000002,64.99000000000001,1,1,1.0
11245,14,661.45,279.0,32.5,56.24000000000001,1,1,1.0
11250,1,1062.58,365.27,42.99000000000001,58.81999999999999,1,1,1.0
11250,2,1036.97,447.09,29.710000000000036,59.47000000000003,1,1,1.0
11250,3,95.66,328.9,26.13000000000001,48.58000000000004,1,1,1.0
11250,4,287.65,542.05,43.60000000000002,71.40000000000009,1,1,1.0
11250,5,1052.84,458.92,40.30000000000018,73.47999999999996,1,1,1.0
11250,6,518.2,542.45,46.09999999999991,71.54999999999995,1,1,1.0
11250,7,213.74,576.54,30.539999999999992,46.90000000000009,1,1,1.0
11250,8,106.16,414.72,32.96000000000001,43.98999999999995,1,1,1.0
11250,9,156.44,365.3,32.5,56.30000000000001,1,1,1.0
11250,10,731.5,315.35,41.299999999999955,67.09999999999997,1,1,1.0
11250,11,133.99,396.54,34.889999999999986,48.44999999999999,1,1,1.0
11250,12,331.45,294.0,31.24000000000001,61.25,1,1,1.0
11250,13,376.5,306.5,33.73000000000002,64.99000000000001,1,1,1.0
11250,14,618.95,281.5,32.5,56.24000000000001,1,1,1.0
11255,1,1032.58,360.27,42.99000000000001,58.81999999999999,1,1,1.0
11255,2,1058.79,446.77,29.720000000000027,59.47000000000003,1,1,1.0
11255,3,94.48,328.64,26.22999999999999,48.81,1,1,1.0
11255,4,247.65,544.55,43.599999999999994,71.40000000000009,1,1,1.0
11255,5,1075.76,459.16,40.309999999999945,73.82,1,1,1.0
11255,6,495.7,544.95,46.099999999999966,71.54999999999995,1,1,1.0
11255,7,215.16,579.74,30.53,46.90999999999997,1,1,1.0
11255,8,105.12,416.07,32.96000000000001,44.0,1,1,1.0
11255,9,159.97,376.01,32.5,56.25,1,1,1.0
11255,10,706.5,314.1,41.299999999999955,67.09999999999997,1,1,1.0
11255,11,171.3,407.02,34.889999999999986,48.450000000000045,1,1,1.0
11255,12,317.7,299.0,31.24000000000001,61.25,1,1,1.0
11255,13,364.0,304.0,33.73000000000002,64.99000000000001,1,1,1.0
11255,14,578.95,276.5,32.5,56.24000000000001,1,1,1.0
11260,1,1015.08,361.52,42.989999999999895,58.81999999999999,1,1,1.0
11260,2,1080.62,446.44,29.710000000000036,59.47000000000003,1,1,1.0
11260,3,93.3,328.38,26.33,49.03000000000003,1,1,1.0
11260,4,236.39,543.3,43.610000000000014,71.40000000000009,1,1,1.0
11260,5,1098.69,459.4,40.299999999999955,74.17000000000007,1,1,1.0
11260,6,479.45,542.45,46.099999999999966,71.54999999999995,1,1,1.0
11260,7,216.58,582.94,30.53,46.90999999999997,1,1,1.0
11260,8,104.08,417.43,32.959999999999994,43.99000000000001,1,1,1.0
11260,9,163.5,386.73,32.49000000000001,56.19,1,1,1.0
11260,10,687.75,311.6,41.299999999999955,67.09999999999997,1,1,1.0
11260,11,208.61,417.51,34.889999999999986,48.44,1,1,1.0
11260,12,313.95,295.87,31.24000000000001,61.25,1,1,1.0
11260,13,354.0,304.62,33.73000000000002,65.0,1,1,1.0
11260,14,565.19,285.25,32.5,56.24000000000001,1,1,1.0
11265,1,986.32,360.27,42.999999999999886,58.81999999999999,1,1,1.0
11265,2,1102.44,446.12,29.720000000000027,59.46999999999997,1,1,1.0
11265,3,92.11,328.13,26.439999999999998,49.25,1,1,1.0
11265,4,208.89,538.3,43.610000000000014,71.40000000000009,1,1,1.0
11265,5,1121.62,459.64,40.30000000000018,74.51999999999998,1,1,1.0
11265,6,463.2,539.95,46.10000000000002,71.54999999999995,1,1,1.0
11265,7,217.99,586.14,30.539999999999992,46.90999999999997,1,1,1.0
11265,8,103.04,418.78,32.95,44.0,1,1,1.0
11265,9,167.02,397.44,32.5,56.129999999999995,1,1,1.0
11265,10,656.49,305.35,41.299999999999955,67.09999999999997,1,1,1.0
11265,11,245.92,427.99,34.890000000000015,48.44,1,1,1.0
11265,12,310.2,292.75,31.24000000000001,61.25,1,1,1.0
11265,13,344.0,305.25,33.73000000000002,64.99000000000001,1,1,1.0
11265,14,531.44,276.5,32.5,56.24000000000001,1,1,1.0
11270,1,960.07,352.77,43.0,58.81,1,1,1.0
11270,2,1124.27,445.79,29.710000000000036,59.46999999999997,1,1,1.0
11270,3,90.93,327.87,26.549999999999997,49.46999999999997,1,1,1.0
11270,4,193.89,534.55,43.610000000000014,71.40000000000009,1,1,1.0
11270,5,1144.54,459.88,40.309999999999945,74.86000000000001,1,1,1.0
11270,6,453.19,537.45,46.110000000000014,71.54999999999995,1,1,1.0
11270,7,219.41,589.34,30.539999999999992,46.90999999999997,1,1,1.0
11270,8,102.0,420.14,32.94999999999999,43.99000000000001,1,1,1.0
11270,9,170.55,408.15,32.5,56.08000000000004,1,1,1.0
11270,10,633.99,302.85,41.299999999999955,67.09999999999997,1,1,1.0
11270,11,283.23,438.47,34.889999999999986,48.44999999999999,1,1,1.0
11270,12,315.2,289.0,31.24000000000001,61.25,1,1,1.0
11270,13,345.25,301.92,33.73000000000002,64.99000000000001,1,1,1.0
11270,14,503.94,271.5,32.50000000000006,56.24000000000001,1,1,1.0
11275,1,945.07,352.77,43.0,58.81,1,1,1.0
11275,2,1146.09,445.47,29.720000000000027,59.46999999999997,1,1,1.0
11275,3,89.75,327.61,26.650000000000006,49.69999999999999,1,1,1.0
11275,4,193.89,534.55,34.910000000000025,71.40000000000009,1,1,1.0
11275,5,1167.47,460.12,40.299999999999955,75.21000000000004,1,1,1.0
11275,6,444.44,534.95,46.110000000000014,71.54999999999995,1,1,1.0
11275,7,220.83,592.55,30.53,46.90000000000009,1,1,1.0
11275,8,100.95,421.49,32.959999999999994,43.99000000000001,1,1,1.0
11275,9,174.08,418.87,32.48999999999998,56.01999999999998,1,1,1.0
11275,10,618.99,301.6,41.299999999999955,67.09999999999997,1,1,1.0
11275,11,320.53,448.95,34.89000000000004,48.44999999999999,1,1,1.0
11275,12,320.2,285.25,31.24000000000001,61.25,1,1,1.0
11275,13,346.5,298.58,33.73000000000002,65.0,1,1,1.0
11275,14,496.44,275.25,32.50000000000006,56.24000000000001,1,1,1.0
11280,1,937.57,350.27,43.0,58.81,1,1,1.0
11280,2,1167.92,445.14,29.710000000000036,59.47000000000003,1,1,1.0
11280,3,88.57,327.35,26.75,49.91999999999996,1,1,1.0
11280,4,193.89,534.04,36.910000000000025,71.91000000000008,1,1,1.0
11280,5,1190.39,460.36,40.309999999999945,75.54999999999995,1,1,1.0
11280,6,448.19,533.95,46.110000000000014,71.54999999999995,1,1,1.0
11280,7,222.25,595.75,30.53,46.89999999999998,1,1,1.0
11280,8,99.91,422.85,32.96000000000001,43.98999999999995,1,1,1.0
11280,9,177.6,429.58,32.5,55.960000000000036,1,1,1.0
11280,10,591.49,300.35,41.299999999999955,67.09999999999997,1,1,1.0
11280,11,357.84,459.43,34.89000000000004,48.44999999999999,1,1,1.0
11280,12,325.2,281.5,31.24000000000001,61.25,1,1,1.0
11280,13,347.75,295.25,33.73000000000002,64.99000000000001,1,1,1.0
11280,14,488.32,275.25,33.72999999999996,56.24000000000001,1,1,1.0
11285,1,930.07,347.77,43.0,58.81,1,1,1.0
11285,2,1189.74,444.82,29.720000000000027,59.47000000000003,1,1,1.0
11285,3,87.38,327.1,26.86,50.139999999999986,1,1,1.0
11285,4,193.89,533.53,38.910000000000025,72.42000000000007,1,1,1.0
11285,5,1213.32,460.6,40.299999999999955,75.89999999999998,1,1,1.0
11285,6,451.94,532.95,46.110000000000014,71.54999999999995,1,1,1.0
11285,7,223.66,598.95,30.539999999999992,46.89999999999998,1,1,1.0
11285,8,98.87,424.2,32.96000000000001,43.99000000000001,1,1,1.0
11285,9,181.13,440.3,32.5,55.89999999999998,1,1,1.0
11285,10,591.49,300.35,35.65999999999997,65.82,1,1,1.0
11285,11,395.15,469.91,34.89000000000004,48.44999999999999,1,1,1.0
11285,12,330.2,277.75,31.24000000000001,61.25,1,1,1.0
11285,13,360.25,296.5,33.73000000000002,64.99000000000001,1,1,1.0
11285,14,480.19,275.25,34.95999999999998,56.24000000000001,1,1,1.0
11290,1,930.07,347.77,43.0,72.53000000000003,1,1,1.0
11290,2,1211.57,444.49,29.710000000000036,59.46999999999997,1,1,1.0
11290,3,86.2,326.84,26.959999999999994,50.370000000000005,1,1,1.0
11290,4,193.89,533.02,40.910000000000025,72.93000000000006,1,1,1.0
11290,5,1148.32,438.1,40.299999999999955,75.89999999999998,1,1,1.0
11290,6,455.69,531.95,46.110000000000014,71.54999999999995,1,1,1.0
11290,7,225.08,602.15,30.539999999999992,46.89999999999998,1,1,1.0
11290,8,97.83,425.55,32.959999999999994,44.0,1,1,1.0
11290,9,184.66,451.01,32.49000000000001,55.85000000000002,1,1,1.0
11290,10,591.49,300.35,30.00999999999999,64.54999999999995,1,1,1.0
11290,11,432.46,480.39,34.89000000000004,48.450000000000045,1,1,1.0
11290,12,357.75,285.25,19.939999999999998,61.25,1,1,1.0
11290,13,374.0,300.25,33.73000000000002,64.99000000000001,1,1,1.0
11290,14,483.51,274.73,33.56000000000006,56.24000000000001,1,1,1.0
11295,1,929.24,345.27,43.0,72.53000000000003,1,1,1.0
11295,2,1162.8,433.24,33.48000000000002,70.70999999999998,1,1,1.0
11295,3,85.02,326.58,27.060000000000002,50.59000000000003,1,1,1.0
11295,4,193.89,532.51,42.910000000000025,73.44000000000005,1,1,1.0
11295,5,1109.57,436.85,40.299999999999955,75.89999999999998,1,1,1.0
11295,6,459.45,530.95,46.10000000000002,71.54999999999995,1,1,1.0
11295,7,226.5,605.35,30.54000000000002,46.90999999999997,1,1,1.0
11295,8,96.79,426.91,32.95,43.98999999999995,1,1,1.0
11295,9,188.18,461.73,32.5,55.77999999999997,1,1,1.0
11295,10,591.49,290.3,27.50999999999999,74.59999999999997,1,1,1.0
11295,11,469.77,490.87,34.89000000000004,48.450000000000045,1,1,1.0
11295,12,370.88,284.62,19.930000000000007,61.25,1,1,1.0
11295,13,384.0,299.62,33.73000000000002,65.0,1,1,1.0
11295,14,486.83,274.2,32.150000000000034,56.24000000000001,1,1,1.0
11300,1,928.41,342.77,42.99000000000001,72.53000000000003,1,1,1.0
11300,2,1110.3,430.74,33.48000000000002,70.70999999999998,1,1,1.0
11300,3,83.84,326.32,27.159999999999997,50.81999999999999,1,1,1.0
11300,4,193.89,532.0,44.910000000000025,73.95000000000005,1,1,1.0
11300,5,1065.82,420.6,40.299999999999955,75.89999999999998,1,1,1.0
11300,6,463.2,529.95,46.10000000000002,71.54999999999995,1,1,1.0
11300,7,227.92,608.55,30.53,46.91000000000008,1,1,1.0
11300,8,95.75,428.26,32.94999999999999,43.99000000000001,1,1,1.0
11300,9,191.71,472.44,32.5,55.72999999999996,1,1,1.0
11300,10,582.74,286.55,28.710000000000036,63.30000000000001,1,1,1.0
11300,11,507.08,501.35,34.89000000000004,48.44999999999993,1,1,1.0
11300,12,384.0,284.0,19.939999999999998,61.25,1,1,1.0
11300,13,394.0,299.0,33.73000000000002,64.99000000000001,1,1,1.0
11300,14,490.15,273.68,30.75,56.24000000000001,1,1,1.0
11305,1,927.57,340.27,43.0,72.53000000000003,1,1,1.0
11305,2,1077.8,416.99,33.48000000000002,70.70999999999998,1,1,1.0
11305,3,82.66,326.07,27.260000000000005,51.03000000000003,1,1,1.0
11305,4,212.65,532.0,44.900000000000006,73.95000000000005,1,1,1.0
11305,5,1028.32,418.1,40.299999999999955,75.89999999999998,1,1,1.0
11305,6,478.2,529.95,46.099999999999966,71.54999999999995,1,1,1.0
11305,7,229.34,611.75,30.53,46.90999999999997,1,1,1.0
11305,8,94.7,429.62,32.959999999999994,43.99000000000001,1,1,1.0
11305,9,195.24,483.16,32.48999999999998,55.670000000000016,1,1,1.0
11305,10,587.74,286.55,28.710000000000036,63.30000000000001,1,1,1.0
11305,11,544.39,511.83,34.889999999999986,48.44999999999999,1,1,1.0
11305,12,414.92,286.93,18.5,61.25,1,1,1.0
11305,13,431.0,297.61,21.80000000000001,46.889999999999986,1,1,1.0
11305,14,493.47,273.16,29.350000000000023,56.23999999999995,1,1,1.0
11310,1,926.74,337.77,43.0,72.53000000000003,1,1,1.0
11310,2,1050.3,413.24,33.48000000000002,70.70999999999998,1,1,1.0
11310,3,81.47,325.81,27.379999999999995,51.25999999999999,1,1,1.0
11310,4,238.9,522.0,44.900000000000006,73.95000000000005,1,1,1.0
11310,5,1007.06,410.6,40.309999999999945,75.89999999999998,1,1,1.0
11310,6,494.45,526.2,46.099999999999966,71.54999999999995,1,1,1.0
11310,7,230.75,614.96,30.54000000000002,46.89999999999998,1,1,1.0
11310,8,93.66,430.97,32.96000000000001,43.98999999999995,1,1,1.0
11310,9,198.77,493.87,32.48999999999998,55.620000000000005,1,1,1.0
11310,10,592.74,286.55,28.710000000000036,63.30000000000001,1,1,1.0
11310,11,581.7,522.32,34.889999999999986,48.43999999999994,1,1,1.0
11310,12,433.67,284.43,18.5,61.25,1,1,1.0
11310,13,446.0,305.11,21.80000000000001,46.889999999999986,1,1,1.0
11310,14,500.97,271.91,29.350000000000023,56.23999999999995,1,1,1.0
11315,1,925.91,335.27,42.99000000000001,72.53000000000003,1,1,1.0
11315,2,1005.29,416.99,33.49000000000001,70.70999999999998,1,1,1.0
11315,3,80.29,325.55,27.47999999999999,51.47999999999996,1,1,1.0
11315,4,247.65,519.5,44.900000000000006,73.95000000000005,1,1,1.0
11315,5,963.31,413.1,40.31000000000006,75.89999999999998,1,1,1.0
11315,6,511.95,521.2,46.099999999999966,71.54999999999995,1,1,1.0
11315,7,232.17,618.16,30.539999999999992,46.89999999999998,1,1,1.0
11315,8,92.62,432.33,32.959999999999994,43.99000000000001,1,1,1.0
11315,9,202.29,504.59,32.5,55.55000000000001,1,1,1.0
11315,10,590.55,281.86,28.710000000000036,63.30000000000001,1,1,1.0
11315,11,619.0,532.8,34.889999999999986,48.440000000000055,1,1,1.0
11315,12,451.17,273.18,27.22999999999996,61.25,1,1,1.0
11315,13,468.5,301.36,21.80000000000001,46.889999999999986,1,1,1.0
11315,14,508.47,270.66,29.350000000000023,56.23999999999995,1,1,1.0
11320,1,925.07,332.77,43.0,72.53000000000003,1,1,1.0
11320,2,985.29,406.99,33.49000000000001,70.70999999999998,1,1,1.0
11320,3,79.11,325.29,27.58,51.70999999999998,1,1,1.0
11320,4,256.4,517.0,44.900000000000034,73.95000000000005,1,1,1.0
11320,5,947.06,418.1,40.31000000000006,75.89999999999998,1,1,1.0
11320,6,525.7,518.7,46.09999999999991,71.54999999999995,1,1,1.0
11320,7,233.59,621.36,30.53,46.89999999999998,1,1,1.0
11320,8,91.58,433.68,32.96000000000001,43.99000000000001,1,1,1.0
11320,9,205.82,515.3,32.49000000000001,55.5,1,1,1.0
11320,10,588.37,277.17,28.710000000000036,63.30000000000001,1,1,1.0
11320,11,656.31,543.28,34.8900000000001,48.450000000000045,1,1,1.0
11320,12,471.17,268.18,27.22999999999996,61.25,1,1,1.0
11320,13,481.0,305.11,21.80000000000001,46.889999999999986,1,1,1.0
11320,14,512.64,270.24,29.350000000000023,56.24000000000001,1,1,1.0
11325,1,928.2,331.93,42.99000000000001,72.54000000000002,1,1,1.0
11325,2,959.0,406.99,24.799999999999955,70.70999999999998,1,1,1.0
11325,3,77.93,325.04,27.679999999999993,51.93000000000001,1,1,1.0
11325,4,265.15,514.5,44.900000000000034,73.95000000000005,1,1,1.0
11325,5,920.81,406.85,40.31000000000006,75.89999999999998,1,1,1.0
11325,6,539.45,516.2,46.1099999999999,71.54999999999995,1,1,1.0
11325,7,235.01,624.56,30.53000000000003,46.90000000000009,1,1,1.0
11325,8,90.54,435.03,32.94999999999999,44.0,1,1,1.0
11325,9,209.35,526.01,32.49000000000001,55.450000000000045,1,1,1.0
11325,10,586.18,272.49,28.710000000000036,63.30000000000001,1,1,1.0
11325,11,693.62,553.76,34.889999999999986,48.450000000000045,1,1,1.0
11325,12,499.92,266.93,27.22999999999996,61.25,1,1,1.0
11325,13,513.5,307.61,21.799999999999955,46.889999999999986,1,1,1.0
11325,14,516.81,269.82,29.350000000000023,56.24000000000001,1,1,1.0
11330,1,931.32,331.1,43.0,72.52999999999997,1,1,1.0
11330,2,936.5,409.49,24.799999999999955,70.70999999999998,1,1,1.0
11330,3,76.75,324.78,27.78,52.150000000000034,1,1,1.0
11330,4,272.65,513.25,44.900000000000034,73.95000000000005,1,1,1.0
11330,5,899.56,418.1,40.31000000000006,75.89999999999998,1,1,1.0
11330,6,548.2,521.2,46.1099999999999,71.54999999999995,1,1,1.0
11330,7,236.42,627.76,30.539999999999992,46.89999999999998,1,1,1.0
11330,8,89.49,436.39,32.96000000000001,43.99000000000001,1,1,1.0
11330,9,212.87,536.73,32.5,55.379999999999995,1,1,1.0
11330,10,583.99,267.8,28.710000000000036,63.30000000000001,1,1,1.0
11330,11,730.93,564.24,34.8900000000001,48.450000000000045,1,1,1.0
11330,12,481.17,264.43,27.22999999999996,61.25,1,1,1.0
11330,13,534.75,302.61,21.799999999999955,46.889999999999986,1,1,1.0
11330,14,520.97,269.41,29.350000000000023,56.23999999999995,1,1,1.0
11335,1,934.45,330.27,42.99000000000001,72.53000000000003,1,1,1.0
11335,2,921.5,406.99,24.799999999999955,70.70999999999998,1,1,1.0
11335,3,75.56,324.52,27.89,52.379999999999995,1,1,1.0
11335,4,280.15,512.0,44.900000000000034,73.95000000000005,1,1,1.0
11335,5,879.56,409.35,40.30000000000007,75.89999999999998,1,1,1.0
11335,6,579.45,513.7,46.1099999999999,71.54999999999995,1,1,1.0
11335,7,237.84,630.96,30.539999999999992,46.90999999999997,1,1,1.0
11335,8,88.45,437.74,32.959999999999994,43.99000000000001,1,1,1.0
11335,9,216.4,547.44,32.5,55.32999999999993,1,1,1.0
11335,10,576.49,267.8,28.710000000000036,63.30000000000001,1,1,1.0
11335,11,768.24,574.72,34.889999999999986,48.44999999999993,1,1,1.0
11335,12,467.42,275.68,27.22999999999996,61.25,1,1,1.0
11335,13,558.5,291.35,23.049999999999955,46.89999999999998,1,1,1.0
11335,14,543.47,268.16,29.350000000000023,56.23999999999995,1,1,1.0
11340,1,937.57,329.43,43.0,72.54000000000002,1,1,1.0
11340,2,912.75,411.99,24.799999999999955,70.70999999999998,1,1,1.0
11340,3,74.38,324.26,27.99000000000001,52.60000000000002,1,1,1.0
11340,4,311.4,510.75,44.900000000000034,73.95000000000005,1,1,1.0
11340,5,858.31,410.6,40.30000000000007,75.89999999999998,1,1,1.0
11340,6,604.45,509.95,46.1099999999999,71.55000000000001,1,1,1.0
11340,7,239.26,634.16,30.54000000000002,46.91000000000008,1,1,1.0
11340,8,87.41,439.1,32.96000000000001,43.98999999999995,1,1,1.0
11340,9,219.93,558.16,32.48999999999998,55.26999999999998,1,1,1.0
11340,10,595.24,275.3,28.710000000000036,63.30000000000001,1,1,1.0
11340,11,805.55,585.2,34.8900000000001,48.44999999999993,1,1,1.0
11340,12,446.2,283.18,35.94999999999999,61.25,1,1,1.0
11340,13,579.75,296.35,23.049999999999955,46.89999999999998,1,1,1.0
11340,14,580.97,275.66,29.350000000000023,56.23999999999995,1,1,1.0
11345,1,940.7,328.6,42.99000000000001,72.52999999999997,1,1,1.0
11345,2,906.5,408.86,31.66999999999996,70.70999999999998,1,1,1.0
11345,3,73.2,324.01,28.090000000000003,52.81999999999999,1,1,1.0
11345,4,331.4,511.38,44.900000000000034,73.95000000000005,1,1,1.0
11345,5,843.31,405.6,40.30000000000007,75.89999999999998,1,1,1.0
11345,6,630.7,504.95,46.1099999999999,71.55000000000001,1,1,1.0
11345,7,240.68,637.36,30.529999999999973,46.90999999999997,1,1,1.0
11345,8,86.37,440.45,32.959999999999994,43.99000000000001,1,1,1.0
11345,9,223.45,568.87,32.5,55.22000000000003,1,1,1.0
11345,10,612.74,269.05,28.710000000000036,63.30000000000001,1,1,1.0
11345,11,842.86,595.68,34.889999999999986,48.450000000000045,1,1,1.0
11345,12,432.45,281.31,35.94999999999999,61.24000000000001,1,1,1.0
11345,13,621.01,290.1,23.039999999999964,46.89999999999998,1,1,1.0
11345,14,588.47,274.41,29.350000000000023,56.23999999999995,1,1,1.0
11350,1,943.82,327.77,43.0,72.53000000000003,1,1,1.0
11350,2,900.25,405.74,38.549999999999955,70.70999999999998,1,1,1.0
11350,3,72.02,323.75,28.200000000000003,53.04000000000002,1,1,1.0
11350,4,351.4,512.0,44.900000000000034,73.95000000000005,1,1,1.0
11350,5,828.31,400.6,40.30000000000007,75.89999999999998,1,1,1.0
11350,6,656.95,499.95,46.1099999999999,71.55000000000001,1,1,1.0
11350,7,242.1,640.57,30.53,46.89999999999998,1,1,1.0
11350,8,85.33,441.8,32.96000000000001,44.0,1,1,1.0
11350,9,226.98,579.59,32.50000000000003,55.14999999999998,1,1,1.0
11350,10,630.24,262.8,28.710000000000036,63.30000000000001,1,1,1.0
11350,11,880.17,606.16,34.889999999999986,48.450000000000045,1,1,1.0
11350,12,418.7,279.43,35.94999999999999,61.25,1,1,1.0
11350,13,662.26,283.85,23.039999999999964,46.89999999999998,1,1,1.0
11350,14,595.97,273.16,29.350000000000023,56.23999999999995,1,1,1.0
11355,1,956.32,324.02,43.0,72.53000000000003,1,1,1.0
11355,2,885.25,394.49,38.549999999999955,70.70999999999998,1,1,1.0
11355,3,70.83,323.49,28.310000000000002,53.26999999999998,1,1,1.0
11355,4,386.4,502.0,44.900000000000034,73.95000000000005,1,1,1.0
11355,5,822.06,385.6,40.30000000000007,75.89999999999998,1,1,1.0
11355,6,683.2,492.45,46.1099999999999,71.55000000000001,1,1,1.0
11355,7,243.51,643.77,30.54000000000002,46.89999999999998,1,1,1.0
11355,8,84.29,443.16,32.94999999999999,43.98999999999995,1,1,1.0
11355,9,230.51,590.3,32.49000000000001,55.10000000000002,1,1,1.0
11355,10,672.74,257.8,28.710000000000036,63.30000000000001,1,1,1.0
11355,11,917.47,616.64,34.889999999999986,48.450000000000045,1,1,1.0
11355,12,408.7,275.68,35.94999999999999,61.25,1,1,1.0
11355,13,714.76,276.35,23.049999999999955,46.89999999999998,1,1,1.0
11355,14,609.73,271.91,29.340000000000032,56.23999999999995,1,1,1.0
11360,1,967.6,321.52,31.720000000000027,72.53000000000003,1,1,1.0
11360,2,879.62,384.49,38.549999999999955,70.70999999999998,1,1,1.0
11360,3,69.65,323.23,28.409999999999997,53.5,1,1,1.0
11360,4,394.52,499.5,44.910000000000025,73.95000000000005,1,1,1.0
11360,5,815.81,376.85,40.30000000000007,75.89999999999998,1,1,1.0
11360,6,723.2,488.7,29.899999999999977,71.55000000000001,1,1,1.0
11360,7,244.93,646.97,30.54000000000002,46.89999999999998,1,1,1.0
11360,8,83.24,444.51,32.96000000000001,43.99000000000001,1,1,1.0
11360,9,234.03,601.02,32.49999999999997,55.039999999999964,1,1,1.0
11360,10,706.5,257.8,28.700000000000045,63.30000000000001,1,1,1.0
11360,11,954.78,627.13,34.889999999999986,48.440000000000055,1,1,1.0
11360,12,398.7,271.93,35.94999999999999,61.25,1,1,1.0
11360,13,744.76,270.1,30.539999999999964,46.89999999999998,1,1,1.0
11360,14,618.48,266.91,29.340000000000032,56.23999999999995,1,1,1.0
11365,1,980.1,327.77,31.720000000000027,72.53000000000003,1,1,1.0
11365,2,874.0,374.49,38.549999999999955,70.70999999999998,1,1,1.0
11365,3,68.47,322.98,28.510000000000005,53.70999999999998,1,1,1.0
11365,4,402.65,497.0,44.900000000000034,73.95000000000005,1,1,1.0
11365,5,812.06,368.1,40.30000000000007,75.89999999999998,1,1,1.0
11365,6,749.45,491.2,29.899999999999977,71.55000000000001,1,1,1.0
11365,7,246.35,650.17,30.53,46.90000000000009,1,1,1.0
11365,8,82.2,445.87,32.959999999999994,43.99000000000001,1,1,1.0
11365,9,237.56,611.73,32.5,54.98000000000002,1,1,1.0
11365,10,740.25,250.3,28.700000000000045,63.30000000000001,1,1,1.0
11365,11,992.09,637.61,34.889999999999986,48.43999999999994,1,1,1.0
11365,12,394.95,283.18,35.94999999999999,61.25,1,1,1.0
11365,13,782.26,275.1,30.539999999999964,46.89999999999998,1,1,1.0
11365,14,630.98,273.16,29.340000000000032,56.23999999999995,1,1,1.0
11370,1,986.97,322.14,31.720000000000027,72.53000000000003,1,1,1.0
11370,2,854.0,373.24,38.549999999999955,70.70999999999998,1,1,1.0
11370,3,67.29,322.72,28.61,53.94,1,1,1.0
11370,4,412.65,510.75,44.910000000000025,73.95000000000005,1,1,1.0
11370,5,808.31,359.35,40.30000000000007,75.89999999999998,1,1,1.0
11370,6,760.7,487.45,29.899999999999977,71.55000000000001,1,1,1.0
11370,7,247.77,653.37,30.53,46.90999999999997,1,1,1.0
11370,8,81.16,447.22,32.96000000000001,43.98999999999995,1,1,1.0
11370,9,241.09,622.45,32.48999999999998,54.91999999999996,1,1,1.0
11370,10,765.25,254.05,28.700000000000045,63.30000000000001,1,1,1.0
11370,11,1029.4,648.09,34.88999999999987,48.44999999999993,1,1,1.0
11370,12,382.45,285.68,35.94999999999999,61.25,1,1,1.0
11370,13,807.26,275.1,30.539999999999964,46.89999999999998,1,1,1.0
11370,14,630.98,273.16,33.73000000000002,56.839999999999975,1,1,1.0
11375,1,993.85,316.51,31.719999999999914,72.54000000000002,1,1,1.0
11375,2,851.5,353.24,38.549999999999955,70.70999999999998,1,1,1.0
11375,3,66.11,322.46,28.709999999999994,54.160000000000025,1,1,1.0
11375,4,404.32,509.92,44.900000000000034,73.94999999999999,1,1,1.0
11375,5,805.81,344.35,40.30000000000007,75.89999999999998,1,1,1.0
11375,6,784.45,496.2,29.899999999999977,71.55000000000001,1,1,1.0
11375,7,249.18,656.57,30.54000000000002,46.90999999999997,1,1,1.0
11375,8,80.12,448.58,32.959999999999994,43.99000000000001,1,1,1.0
11375,9,244.61,633.16,32.5,54.870000000000005,1,1,1.0
11375,10,799.0,250.3,28.710000000000036,63.30000000000001,1,1,1.0
11375,11,1066.71,658.57,34.88999999999987,48.44999999999993,1,1,1.0
11375,12,377.45,284.43,35.94999999999999,61.25,1,1,1.0
11375,13,849.76,265.1,30.539999999999964,46.89999999999998,1,1,1.0
11375,14,630.98,273.16,38.120000000000005,57.44,1,1,1.0
11380,1,996.35,327.76,31.719999999999914,72.54000000000002,1,1,1.0
11380,2,849.0,345.74,29.799999999999955,70.70999999999998,1,1,1.0
11380,3,64.92,322.2,28.819999999999993,54.389999999999986,1,1,1.0
11380,4,395.98,509.08,44.90999999999997,73.94999999999999,1,1,1.0
11380,5,798.31,336.22,40.30000000000007,75.89999999999998,1,1,1.0
11380,6,784.45,496.2,42.44999999999993,71.50000000000006,1,1,1.0
11380,7,250.6,659.77,30.539999999999992,46.90999999999997,1,1,1.0
11380,8,79.08,449.93,32.96000000000001,43.99000000000001,1,1,1.0
11380,9,248.14,643.87,32.5,54.82000000000005,1,1,1.0
11380,10,825.25,246.55,28.710000000000036,63.30000000000001,1,1,1.0
11380,11,1104.02,669.05,34.8900000000001,48.450000000000045,1,1,1.0
11380,12,372.45,283.18,35.94999999999999,61.25,1,1,1.0
11380,13,874.76,268.85,30.539999999999964,46.89999999999998,1,1,1.0
11380,14,629.1,273.16,38.129999999999995,57.44,1,1,1.0
11385,1,996.35,310.26,31.719999999999914,72.54000000000002,1,1,1.0
11385,2,837.75,333.24,29.799999999999955,70.70999999999998,1,1,1.0
11385,3,63.74,321.95,28.919999999999995,54.610000000000014,1,1,1.0
11385,4,387.65,508.25,44.900000000000034,73.95000000000005,1,1,1.0
11385,5,790.81,328.1,40.30000000000007,75.89999999999998,1,1,1.0
11385,6,775.08,493.08,46.16999999999996,78.37000000000006,1,1,1.0
11385,7,259.35,644.75,48.049999999999955,70.64999999999998,1,1,1.0
11385,8,78.04,451.28,32.94999999999999,44.0,1,1,1.0
11385,9,251.67,654.59,32.49000000000004,54.75,1,1,1.0
11385,10,846.5,245.3,28.710000000000036,63.30000000000001,1,1,1.0
11385,11,1115.27,669.05,34.8900000000001,48.450000000000045,1,1,1.0
11385,12,366.2,285.68,35.94999999999999,61.25,1,1,1.0
11385,13,903.51,262.6,30.539999999999964,46.89999999999998,1,1,1.0
11385,14,627.23,273.16,38.120000000000005,57.44,1,1,1.0
11390,1,994.56,310.26,33.50999999999999,72.35000000000002,1,1,1.0
11390,2,830.25,330.11,29.799999999999955,70.70999999999998,1,1,1.0
11390,3,62.56,321.69,29.019999999999996,54.829999999999984,1,1,1.0
11390,4,373.9,499.5,44.900000000000034,73.95000000000005,1,1,1.0
11390,5,784.56,319.35,40.30000000000007,75.89999999999998,1,1,1.0
11390,6,765.7,489.95,49.89999999999998,85.25000000000006,1,1,1.0
11390,7,301.85,648.5,48.049999999999955,70.64999999999998,1,1,1.0
11390,8,76.99,452.64,32.96000000000001,43.99000000000001,1,1,1.0
11390,9,255.2,665.3,32.49000000000001,54.700000000000045,1,1,1.0
11390,10,864.0,237.8,28.710000000000036,63.30000000000001,1,1,1.0
11390,11,1115.27,654.0,42.430000000000064,63.5,1,1,1.0
11390,12,358.7,288.18,35.94999999999999,61.25,1,1,1.0
11390,13,926.01,261.35,30.539999999999964,46.89999999999998,1,1,1.0
11390,14,605.98,270.66,38.120000000000005,57.44,1,1,1.0
11395,1,992.76,310.26,35.309999999999945,72.17000000000002,1,1,1.0
11395,2,822.75,326.99,29.799999999999955,70.70999999999998,1,1,1.0
11395,3,61.38,321.43,29.130000000000003,55.06,1,1,1.0
11395,4,358.9,508.25,44.900000000000034,73.95000000000005,1,1,1.0
11395,5,778.31,310.6,40.30000000000007,75.89999999999998,1,1,1.0
11395,6,759.45,491.2,49.89999999999998,85.25000000000006,1,1,1.0
11395,7,321.85,634.75,48.049999999999955,70.64999999999998,1,1,1.0
11395,8,75.95,453.99,32.959999999999994,43.99000000000001,1,1,1.0
11395,9,231.44,657.8,32.5,54.700000000000045,1,1,1.0
11395,10,862.0,237.55,28.710000000000036,63.30000000000001,1,1,1.0
11395,11,1111.5,644.0,46.200000000000045,73.5,1,1,1.0
11395,12,353.07,288.18,35.94999999999999,61.25,1,1,1.0
11395,13,957.27,262.6,30.539999999999964,46.89999999999998,1,1,1.0
11395,14,593.48,271.91,38.120000000000005,57.44,1,1,1.0
11400,1,990.97,310.26,37.09999999999991,71.98000000000002,1,1,1.0
11400,2,821.5,310.74,29.799999999999955,70.70999999999998,1,1,1.0
11400,3,60.19,321.17,29.24000000000001,55.27999999999997,1,1,1.0
11400,4,340.15,503.25,44.900000000000034,73.95000000000005,1,1,1.0
11400,5,770.81,298.72,40.30000000000007,75.89999999999998,1,1,1.0
11400,6,743.2,488.7,49.89999999999998,85.25000000000006,1,1,1.0
11400,7,338.1,636.0,48.049999999999955,70.64999999999998,1,1,1.0
11400,8,74.91,455.35,32.96000000000001,43.98999999999995,1,1,1.0
11400,9,208.94,644.05,32.5,54.700000000000045,1,1,1.0
11400,10,860.0,237.3,28.710000000000036,63.30000000000001,1,1,1.0
11400,11,1100.87,625.25,46.200000000000045,73.5,1,1,1.0
11400,12,347.45,288.18,35.94999999999999,61.25,1,1,1.0
11400,13,962.3,257.6,40.5,51.89999999999998,1,1,1.0
11400,14,574.73,273.16,38.120000000000005,57.44,1,1,1.0
11405,1,989.18,310.26,38.889999999999986,71.80000000000001,1,1,1.0
11405,2,802.75,304.48,28.5,70.70999999999998,1,1,1.0
11405,3,59.01,320.92,29.339999999999996,55.5,1,1,1.0
11405,4,302.65,494.5,44.900000000000034,73.95000000000005,1,1,1.0
11405,5,763.31,286.84,40.30000000000007,75.91000000000003,1,1,1.0
11405,6,721.95,487.45,49.89999999999998,85.25000000000006,1,1,1.0
11405,7,359.35,619.75,48.049999999999955,70.64999999999998,1,1,1.0
11405,8,73.87,456.7,32.959999999999994,43.99000000000001,1,1,1.0
11405,9,176.4,624.1,35.0,72.14999999999998,1,1,1.0
11405,10,858.0,237.05,28.710000000000036,63.30000000000001,1,1,1.0
11405,11,1090.25,606.5,46.200000000000045,73.5,1,1,1.0
11405,12,346.2,290.68,35.94999999999999,61.25,1,1,1.0
11405,13,991.05,247.6,40.5,51.900000000000006,1,1,1.0
11405,14,567.22,279.41,38.129999999999995,57.44,1,1,1.0
11410,1,987.39,310.26,40.67999999999995,71.61000000000001,1,1,1.0
11410,2,796.5,294.48,28.5,70.70999999999998,1,1,1.0
11410,3,57.83,320.66,29.439999999999998,55.71999999999997,1,1,1.0
11410,4,267.65,497.0,44.900000000000034,73.95000000000005,1,1,1.0
11410,5,759.56,281.84,40.30000000000007,75.91000000000003,1,1,1.0
11410,6,691.95,482.45,49.89999999999998,85.25000000000006,1,1,1.0
11410,7,370.6,612.25,48.049999999999955,70.64999999999998,1,1,1.0
11410,8,72.83,458.05,32.95,44.0,1,1,1.0
11410,9,145.15,612.85,35.0,72.14999999999998,1,1,1.0
11410,10,856.0,236.8,28.710000000000036,63.30000000000001,1,1,1.0
11410,11,1086.5,594.0,46.200000000000045,73.5,1,1,1.0
11410,12,344.95,293.18,35.94999999999999,61.25,1,1,1.0
11410,13,1016.05,256.35,40.5,51.89999999999998,1,1,1.0
11410,14,545.97,278.16,38.129999999999995,57.44,1,1,1.0
11415,1,985.59,310.26,42.479999999999905,71.43,1,1,1.0
11415,2,793.37,286.98,28.5,70.70999999999998,1,1,1.0
11415,3,56.65,320.4,29.54,55.950000000000045,1,1,1.0
11415,4,250.15,499.5,44.900000000000006,73.95000000000005,1,1,1.0
11415,5,757.68,274.97,40.30000000000007,75.89999999999998,1,1,1.0
11415,6,674.45,479.95,49.89999999999998,85.25000000000006,1,1,1.0
11415,7,370.6,601.0,48.049999999999955,70.64999999999998,1,1,1.0
11415,8,71.79,459.41,32.94999999999999,43.98999999999995,1,1,1.0
11415,9,122.65,594.1,35.0,72.14999999999998,1,1,1.0
11415,10,854.0,236.55,28.710000000000036,63.30000000000001,1,1,1.0
11415,11,1081.5,582.75,46.200000000000045,73.5,1,1,1.0
11415,12,344.95,298.18,35.94999999999999,61.25,1,1,1.0
11415,13,1031.05,245.1,40.5,51.900000000000006,1,1,1.0
11415,14,545.97,278.16,38.129999999999995,84.94,1,1,1.0
11420,1,983.8,310.26,44.26999999999998,71.24000000000001,1,1,1.0
11420,2,790.25,279.48,28.5,70.70999999999998,1,1,1.0
11420,3,74.15,312.9,29.539999999999992,55.950000000000045,1,1,1.0
11420,4,223.89,484.5,44.910000000000025,73.95000000000005,1,1,1.0
11420,5,755.8,268.09,40.31000000000006,75.91000000000003,1,1,1.0
11420,6,653.2,478.7,49.89999999999998,85.25000000000006,1,1,1.0
11420,7,384.35,587.25,48.049999999999955,70.64999999999998,1,1,1.0
11420,8,67.41,449.1,32.96000000000001,43.98999999999995,1,1,1.0
11420,9,97.65,582.85,35.0,72.14999999999998,1,1,1.0
11420,10,847.7,231.55,35.00999999999999,77.05000000000001,1,1,1.0
11420,11,1061.5,561.5,46.200000000000045,73.5,1,1,1.0
11420,12,344.95,303.18,35.94999999999999,61.25,1,1,1.0
11420,13,1058.55,245.1,24.25,56.900000000000006,1,1,1.0
11420,14,535.97,283.16,38.129999999999995,84.94,1,1,1.0
11425,1,960.67,317.76,44.270000000000095,71.24000000000001,1,1,1.0
11425,2,777.75,278.23,28.5,70.70999999999998,1,1,1.0
11425,3,73.52,307.9,30.17,60.950000000000045,1,1,1.0
11425,4,182.64,475.75,44.910000000000025,73.95000000000005,1,1,1.0
11425,5,749.55,264.97,40.31000000000006,75.89999999999998,1,1,1.0
11425,6,623.2,476.2,49.89999999999998,85.25000000000006,1,1,1.0
11425,7,378.1,574.7,54.299999999999955,83.19999999999993,1,1,1.0
11425,8,63.04,438.78,32.949999999999996,44.0,1,1,1.0
11425,9,63.9,562.85,35.00000000000001,88.35000000000002,1,1,1.0
11425,10,818.95,229.05,35.00999999999999,77.05000000000001,1,1,1.0
11425,11,1041.5,539.0,46.200000000000045,73.5,1,1,1.0
11425,12,344.95,308.18,35.94999999999999,61.25,1,1,1.0
11425,13,1068.55,237.6,24.25,56.900000000000006,1,1,1.0
11425,14,519.72,284.41,33.07999999999993,77.38999999999999,1,1,1.0
11430,1,937.55,325.26,44.270000000000095,71.24000000000001,1,1,1.0
11430,2,751.5,280.73,28.5,70.70999999999998,1,1,1.0
11430,3,72.9,302.9,30.789999999999992,65.95000000000005,1,1,1.0
11430,4,136.39,479.5,44.910000000000025,73.95000000000005,1,1,1.0
11430,5,743.3,261.84,40.31000000000006,75.90000000000003,1,1,1.0
11430,6,566.95,464.95,49.89999999999998,85.25000000000006,1,1,1.0
11430,7,349.35,565.95,54.299999999999955,83.19999999999993,1,1,1.0
11430,8,58.66,428.47,32.96000000000001,43.98999999999995,1,1,1.0
11430,9,242.65,538.06,34.99999999999997,88.35000000000002,1,1,1.0
11430,10,786.4,234.0,28.81000000000006,64.60000000000002,1,1,1.0
11430,11,997.75,531.5,46.200000000000045,73.5,1,1,1.0
11430,12,324.95,308.18,35.94999999999999,61.25,1,1,1.0
11430,13,1058.6,237.6,34.200000000000045,73.1,1,1,1.0
11430,14,499.72,285.66,33.07999999999993,77.38999999999999,1,1,1.0
11435,1,905.05,322.76,44.270000000000095,71.24000000000001,1,1,1.0
11435,2,722.75,281.98,28.5,70.70999999999998,1,1,1.0
11435,3,114.62,303.63,30.789999999999992,65.94999999999999,1,1,1.0
11435,4,82.64,477.0,44.91,73.95000000000005,1,1,1.0
11435,5,718.3,260.59,40.31000000000006,75.90000000000003,1,1,1.0
11435,6,521.95,467.45,49.889999999999986,85.25000000000006,1,1,1.0
11435,7,309.35,562.2,54.299999999999955,83.19999999999993,1,1,1.0
11435,8,54.29,418.16,32.949999999999996,43.98999999999995,1,1,1.0
11435,9,421.41,513.26,35.0,88.36000000000001,1,1,1.0
11435,10,741.4,236.5,28.81000000000006,64.60000000000002,1,1,1.0
11435,11,951.5,514.0,46.200000000000045,73.5,1,1,1.0
11435,12,301.19,311.93,35.95999999999998,61.25,1,1,1.0
11435,13,1028.6,237.6,34.200000000000045,73.1,1,1,1.0
11435,14,467.22,285.66,33.079999999999984,77.38999999999999,1,1,1.0
11440,1,828.79,327.76,44.26999999999998,71.24000000000001,1,1,1.0
11440,2,662.75,283.23,28.5,70.70999999999998,1,1,1.0
11440,3,156.34,304.36,30.789999999999992,65.94999999999999,1,1,1.0
11440,4,176.16,447.57,44.91,73.94999999999999,1,1,1.0
11440,5,674.55,259.34,40.31000000000006,75.90000000000003,1,1,1.0
11440,6,418.19,462.45,49.89999999999998,85.25000000000006,1,1,1.0
11440,7,230.6,542.2,54.29999999999998,83.19999999999993,1,1,1.0
11440,8,262.55,410.16,35.69999999999999,56.0,1,1,1.0
11440,9,600.16,488.47,35.0,88.35000000000002,1,1,1.0
11440,10,642.65,234.0,28.800000000000068,64.60000000000002,1,1,1.0
11440,11,867.74,494.0,46.200000000000045,73.5,1,1,1.0
11440,12,242.44,299.43,35.94999999999999,61.25,1,1,1.0
11440,13,961.1,248.85,34.19999999999993,73.1,1,1,1.0
11440,14,398.47,288.16,33.079999999999984,77.38999999999999,1,1,1.0
11445,1,781.29,322.76,44.26999999999998,71.24000000000001,1,1,1.0
11445,2,616.49,271.98,23.50999999999999,49.41999999999996,1,1,1.0
11445,3,198.06,305.09,30.789999999999992,65.95000000000005,1,1,1.0
11445,4,269.69,418.13,44.910000000000025,73.95999999999998,1,1,1.0
11445,5,639.55,250.59,40.31000000000006,75.9,1,1,1.0
11445,6,370.69,459.95,49.89999999999998,85.25000000000006,1,1,1.0
11445,7,173.09,529.7,54.31,83.19999999999993,1,1,1.0
11445,8,470.81,402.16,38.44,68.00999999999999,1,1,1.0
11445,9,778.92,463.68,35.0,88.34999999999997,1,1,1.0
11445,10,577.65,231.5,28.800000000000068,64.60000000000002,1,1,1.0
11445,11,791.49,485.25,46.200000000000045,73.5,1,1,1.0
11445,12,201.19,310.68,35.94999999999999,61.25,1,1,1.0
11445,13,909.85,245.1,34.19999999999993,73.1,1,1,1.0
11445,14,352.22,296.91,33.06999999999999,77.38999999999999,1,1,1.0
11450,1,715.04,329.01,44.26999999999998,71.24000000000001,1,1,1.0
11450,2,560.24,255.73,23.50999999999999,49.41999999999999,1,1,1.0
11450,3,239.78,305.82,30.789999999999992,65.94999999999999,1,1,1.0
11450,4,363.22,388.7,44.89999999999998,73.94999999999999,1,1,1.0
11450,5,582.05,231.84,40.30000000000007,75.9,1,1,1.0
11450,6,288.19,439.95,49.89999999999998,85.25000000000006,1,1,1.0
11450,7,79.34,518.45,54.29999999999998,83.19999999999993,1,1,1.0
11450,8,679.07,394.16,41.18999999999994,80.01999999999998,1,1,1.0
11450,9,957.67,438.89,35.0,88.35000000000002,1,1,1.0
11450,10,481.39,227.75,28.810000000000002,64.60000000000002,1,1,1.0
11450,11,711.49,474.0,46.200000000000045,73.5,1,1,1.0
11450,12,136.19,316.93,35.94999999999999,61.25,1,1,1.0
11450,13,837.34,243.85,25.459999999999923,68.04999999999998,1,1,1.0
11450,14,288.47,299.41,33.06999999999999,77.38999999999999,1,1,1.0
11455,1,656.29,312.76,44.26999999999998,71.24000000000001,1,1,1.0
11455,2,517.74,243.23,23.50999999999999,49.41999999999999,1,1,1.0
11455,3,281.5,306.55,30.79000000000002,65.94,1,1,1.0
11455,4,456.74,359.27,44.90999999999997,73.95000000000005,1,1,1.0
11455,5,530.8,233.09,22.800000000000068,55.91,1,1,1.0
11455,6,235.7,439.95,47.400000000000034,85.25000000000006,1,1,1.0
11455,7,83.59,512.45,54.29999999999998,83.19999999999993,1,1,1.0
11455,8,887.34,386.16,43.91999999999996,92.02999999999997,1,1,1.0
11455,9,1136.42,414.09,35.00999999999999,88.36000000000001,1,1,1.0
11455,10,415.14,226.5,28.810000000000002,64.60000000000002,1,1,1.0
11455,11,643.99,451.5,46.200000000000045,73.49000000000001,1,1,1.0
11455,12,106.19,303.18,35.94999999999999,61.25,1,1,1.0
11455,13,776.09,233.85,25.459999999999923,68.04999999999998,1,1,1.0
11455,14,249.71,286.91,33.08000000000001,77.38999999999999,1,1,1.0
11460,1,618.79,316.51,44.26999999999998,71.24000000000001,1,1,1.0
11460,2,481.49,239.48,23.50999999999999,49.41999999999999,1,1,1.0
11460,3,323.22,307.28,30.789999999999964,65.94000000000005,1,1,1.0
11460,4,550.27,329.84,44.89999999999998,73.95000000000005,1,1,1.0
11460,5,507.05,229.34,22.80000000000001,55.91,1,1,1.0
11460,6,188.2,416.2,47.400000000000006,85.25,1,1,1.0
11460,7,87.84,506.45,54.29999999999998,83.19999999999999,1,1,1.0
11460,8,1095.6,378.16,46.67000000000007,104.03999999999996,1,1,1.0
11460,9,1015.17,401.59,35.010000000000105,88.36000000000001,1,1,1.0
11460,10,346.39,219.0,28.810000000000002,64.60000000000002,1,1,1.0
11460,11,582.74,432.75,46.200000000000045,73.49000000000001,1,1,1.0
11460,12,69.94,299.43,35.95,61.25,1,1,1.0
11460,13,723.59,222.6,25.459999999999923,68.04999999999998,1,1,1.0
11460,14,207.21,290.66,33.079999999999984,77.38999999999999,1,1,1.0
11465,1,585.04,315.26,44.26999999999998,71.24000000000001,1,1,1.0
11465,2,460.24,239.48,23.50999999999999,49.41999999999999,1,1,1.0
11465,3,364.94,308.0,30.79000000000002,65.94999999999999,1,1,1.0
11465,4,643.79,300.4,44.91000000000008,73.96000000000004,1,1,1.0
11465,5,488.3,228.09,22.80000000000001,55.91,1,1,1.0
11465,6,150.7,406.2,47.400000000000006,85.25,1,1,1.0
11465,7,92.09,500.45,54.31,83.19999999999999,1,1,1.0
11465,8,1005.6,393.16,30.399999999999977,77.73999999999995,1,1,1.0
11465,9,915.17,396.59,35.0,88.36000000000001,1,1,1.0
11465,10,288.89,215.25,28.810000000000002,64.60000000000002,1,1,1.0
11465,11,535.24,424.0,46.200000000000045,73.49000000000001,1,1,1.0
11465,12,52.44,299.43,35.95,61.25,1,1,1.0
11465,13,673.59,221.35,25.459999999999923,68.04999999999998,1,1,1.0
11465,14,192.21,290.66,33.079999999999984,77.38999999999999,1,1,1.0
11470,1,557.54,315.26,44.26999999999998,71.24000000000001,1,1,1.0
11470,2,444.0,231.98,27.25,49.41999999999999,1,1,1.0
11470,3,406.66,308.73,30.789999999999964,65.94999999999999,1,1,1.0
11470,4,737.32,270.97,44.89999999999998,73.94999999999999,1,1,1.0
11470,5,473.3,218.09,22.80000000000001,55.91,1,1,1.0
11470,6,133.2,398.7,47.400000000000006,85.25,1,1,1.0
11470,7,96.34,494.45,54.31,83.19999999999999,1,1,1.0
11470,8,916.84,386.91,30.409999999999968,77.73999999999995,1,1,1.0
11470,9,816.42,395.34,35.0,88.36000000000001,1,1,1.0
11470,10,240.14,207.75,28.80000000000001,64.60000000000002,1,1,1.0
11470,11,493.98,402.74,46.19999999999993,73.5,1,1,1.0
11470,12,87.92,291.55,35.95,61.25,1,1,1.0
11470,13,636.09,220.1,25.449999999999932,68.04999999999998,1,1,1.0
11470,14,175.96,290.66,33.079999999999984,77.38999999999999,1,1,1.0
11475,1,541.29,312.76,44.26999999999998,71.24000000000001,1,1,1.0
11475,2,433.37,221.98,27.25,49.41999999999999,1,1,1.0
11475,3,448.38,309.46,30.79000000000002,65.95000000000005,1,1,1.0
11475,4,830.84,241.54,44.90999999999997,73.95000000000002,1,1,1.0
11475,5,463.3,216.84,22.80000000000001,55.91,1,1,1.0
11475,6,124.45,391.2,47.39999999999999,85.25,1,1,1.0
11475,7,100.59,488.45,54.31,83.19999999999999,1,1,1.0
11475,8,853.09,381.91,30.409999999999968,77.73999999999995,1,1,1.0
11475,9,760.17,387.84,35.0,88.36000000000001,1,1,1.0
11475,10,201.39,206.5,28.80000000000001,64.60000000000002,1,1,1.0
11475,11,460.23,393.99,46.19999999999999,73.5,1,1,1.0
11475,12,123.4,283.66,35.94999999999999,61.25,1,1,1.0
11475,13,612.34,218.85,25.449999999999932,68.04999999999998,1,1,1.0
11475,14,163.46,279.41,33.079999999999984,71.13999999999999,1,1,1.0
11480,1,526.29,311.51,44.26999999999998,71.24000000000001,1,1,1.0
11480,2,422.75,211.98,27.24000000000001,49.41999999999999,1,1,1.0
11480,3,490.1,310.19,30.789999999999964,65.94999999999999,1,1,1.0
11480,4,924.37,212.11,44.89999999999998,73.94999999999999,1,1,1.0
11480,5,453.3,215.59,22.80000000000001,55.91,1,1,1.0
11480,6,105.7,381.2,47.39999999999999,85.25,1,1,1.0
11480,7,104.84,482.45,54.31,83.19999999999999,1,1,1.0
11480,8,779.34,384.41,30.409999999999968,77.73999999999995,1,1,1.0
11480,9,696.41,379.09,35.00999999999999,88.36000000000001,1,1,1.0
11480,10,142.64,190.25,28.80000000000001,64.6,1,1,1.0
11480,11,433.98,383.99,46.19999999999999,73.5,1,1,1.0
11480,12,158.88,275.78,35.96000000000001,61.25,1,1,1.0
11480,13,574.84,211.35,25.449999999999932,68.04999999999998,1,1,1.0
11480,14,155.34,277.53,33.079999999999984,71.15000000000003,1,1,1.0
11485,1,498.79,309.01,44.269999999999925,71.24000000000001,1,1,1.0
11485,2,415.22,211.98,26.629999999999995,49.41999999999999,1,1,1.0
11485,3,531.82,310.92,30.789999999999964,65.94999999999999,1,1,1.0
11485,4,1017.89,182.67,44.90999999999997,73.95000000000002,1,1,1.0
11485,5,445.17,211.22,22.80000000000001,55.900000000000006,1,1,1.0
11485,6,80.7,379.95,47.39999999999999,85.25,1,1,1.0
11485,7,109.09,476.45,54.31,83.19999999999999,1,1,1.0
11485,8,709.34,391.91,30.399999999999977,77.73999999999995,1,1,1.0
11485,9,635.16,387.84,35.0,88.36000000000001,1,1,1.0
11485,10,87.63,194.0,28.810000000000002,64.60000000000002,1,1,1.0
11485,11,401.48,377.74,46.19999999999999,73.5,1,1,1.0
11485,12,194.37,267.89,35.94999999999999,61.25,1,1,1.0
11485,13,543.59,201.35,25.449999999999932,68.04999999999998,1,1,1.0
11485,14,147.21,275.66,33.079999999999984,71.13999999999999,1,1,1.0
11490,1,491.29,307.76,44.259999999999934,71.24000000000001,1,1,1.0
11490,2,407.7,211.98,26.0,49.41999999999999,1,1,1.0
11490,3,573.54,311.65,30.790000000000077,65.95000000000005,1,1,1.0
11490,4,1111.42,153.24,44.899999999999864,73.94999999999999,1,1,1.0
11490,5,437.05,206.84,22.80000000000001,55.91,1,1,1.0
11490,6,61.95,378.7,47.39999999999999,85.25,1,1,1.0
11490,7,113.34,470.45,54.31,83.19999999999999,1,1,1.0
11490,8,646.84,389.41,30.399999999999977,77.73999999999995,1,1,1.0
11490,9,581.41,394.09,35.0,88.36000000000001,1,1,1.0
11490,10,112.32,201.97,28.810000000000002,64.6,1,1,1.0
11490,11,377.73,366.49,46.19999999999999,73.5,1,1,1.0
11490,12,229.85,260.01,35.95000000000002,61.25,1,1,1.0
11490,13,511.09,201.35,25.44999999999999,68.04999999999998,1,1,1.0
11490,14,155.96,274.09,33.079999999999984,71.15000000000003,1,1,1.0
11495,1,489.11,311.11,44.26999999999998,71.24000000000001,1,1,1.0
11495,2,409.05,211.98,27.05000000000001,50.46000000000001,1,1,1.0
11495,3,615.26,312.38,30.789999999999964,65.94999999999999,1,1,1.0
11495,4,1105.76,173.11,44.90000000000009,73.94999999999999,1,1,1.0
11495,5,447.85,216.58,23.489999999999952,56.349999999999994,1,1,1.0
11495,6,83.55,379.06,47.39999999999999,85.25,1,1,1.0
11495,7,117.59,464.45,54.31,83.19999999999999,1,1,1.0
11495,8,651.87,258.29,115.36000000000001,243.71999999999997,1,1,1.0
11495,9,482.66,290.34,132.49999999999994,195.23000000000002,1,1,1.0
11495,10,137.01,209.94,28.810000000000002,64.60000000000002,1,1,1.0
11495,11,383.09,361.85,46.200000000000045,73.5,1,1,1.0
11495,12,265.33,252.12,35.94999999999999,61.25,1,1,1.0
11495,13,523.41,214.56,25.450000000000045,68.05000000000001,1,1,1.0
11495,14,164.71,272.53,33.079999999999984,71.14000000000004,1,1,1.0
11500,1,486.93,314.46,44.27000000000004,71.23000000000002,1,1,1.0
11500,2,410.41,211.98,28.089999999999975,51.50000000000003,1,1,1.0
11500,3,656.98,313.11,30.789999999999964,65.94999999999999,1,1,1.0
11500,4,1100.1,192.98,44.91000000000008,73.95000000000002,1,1,1.0
11500,5,458.65,226.32,24.180000000000007,56.80000000000001,1,1,1.0
11500,6,105.16,379.41,47.400000000000006,85.25,1,1,1.0
11500,7,121.84,458.45,54.31,83.19999999999999,1,1,1.0
11500,8,656.9,127.17,200.31000000000006,409.7,1,1,1.0
11500,9,383.9,186.59,230.0,302.11,1,1,1.0
11500,10,161.7,217.91,28.810000000000002,64.6,1,1,1.0
11500,11,388.45,357.21,46.19999999999999,73.49000000000001,1,1,1.0
11500,12,300.81,244.24,35.94999999999999,61.25,1,1,1.0
11500,13,535.73,227.78,25.449999999999932,68.04999999999998,1,1,1.0
11500,14,173.46,270.97,33.079999999999984,71.13999999999999,1,1,1.0
11505,1,484.75,317.81,44.26999999999998,71.23000000000002,1,1,1.0
11505,2,411.76,211.98,29.139999999999986,52.53999999999999,1,1,1.0
11505,3,698.7,313.84,30.789999999999964,65.95000000000005,1,1,1.0
11505,4,1094.44,212.85,44.909999999999854,73.95000000000002,1,1,1.0
11505,5,469.44,236.05,24.889999999999986,57.25,1,1,1.0
11505,6,126.77,379.77,47.39999999999999,85.25,1,1,1.0
11505,7,126.09,452.45,54.31,83.19999999999999,1,1,1.0
11505,8,613.15,139.67,200.31000000000006,409.70000000000005,1,1,1.0
11505,9,323.9,195.34,230.0,302.11,1,1,1.0
11505,10,186.39,225.88,28.80000000000001,64.59000000000003,1,1,1.0
11505,11,393.8,352.56,46.19999999999999,73.5,1,1,1.0
11505,12,336.29,236.35,35.94999999999999,61.25000000000003,1,1,1.0
11505,13,548.05,240.99,25.460000000000036,68.05000000000001,1,1,1.0
11505,14,182.21,269.41,33.079999999999984,71.13999999999999,1,1,1.0
11510,1,482.58,321.15,44.26000000000005,71.24000000000001,1,1,1.0
11510,2,413.12,211.98,30.180000000000007,53.59,1,1,1.0
11510,3,740.42,314.57,30.790000000000077,65.94999999999999,1,1,1.0
11510,4,1088.79,232.72,44.90000000000009,73.95000000000002,1,1,1.0
11510,5,480.24,245.79,25.579999999999984,57.690000000000026,1,1,1.0
11510,6,148.38,380.13,47.400000000000006,85.25,1,1,1.0
11510,7,130.34,446.45,54.31,83.19999999999999,1,1,1.0
11510,8,685.65,145.92,200.31000000000006,409.70000000000005,1,1,1.0
11510,9,350.15,146.59,230.0,302.11,1,1,1.0
11510,10,211.07,233.84,28.810000000000002,64.6,1,1,1.0
11510,11,399.16,347.92,46.19999999999999,73.5,1,1,1.0
11510,12,371.77,228.47,35.960000000000036,61.25000000000003,1,1,1.0
11510,13,560.37,254.2,25.460000000000036,68.06,1,1,1.0
11510,14,190.97,267.84,33.06999999999999,71.15000000000003,1,1,1.0
11515,1,480.4,324.5,44.26999999999998,71.23000000000002,1,1,1.0
11515,2,414.47,211.98,31.22999999999996,54.630000000000024,1,1,1.0
11515,3,782.14,315.3,30.789999999999964,65.94999999999999,1,1,1.0
11515,4,1083.13,252.58,44.899999999999864,73.96000000000001,1,1,1.0
11515,5,491.04,255.53,26.269999999999925,58.140000000000015,1,1,1.0
11515,6,169.98,380.49,47.400000000000006,85.24000000000001,1,1,1.0
11515,7,134.59,440.45,54.31,83.19999999999999,1,1,1.0
11515,8,943.16,129.67,200.31000000000006,409.70000000000005,1,1,1.0
11515,9,463.9,166.59,230.0,302.11,1,1,1.0
11515,10,235.76,241.81,28.810000000000002,64.60000000000002,1,1,1.0
11515,11,404.52,343.28,46.200000000000045,73.5,1,1,1.0
11515,12,407.26,220.58,35.94999999999999,61.24999999999997,1,1,1.0
11515,13,572.69,267.42,25.459999999999923,68.05000000000001,1,1,1.0
11515,14,199.72,266.28,33.06999999999999,71.14000000000004,1,1,1.0
11520,1,478.22,327.85,44.26999999999998,71.22999999999996,1,1,1.0
11520,2,415.83,211.98,32.27000000000004,55.66999999999999,1,1,1.0
11520,3,823.86,316.03,30.789999999999964,65.94000000000005,1,1,1.0
11520,4,1077.47,272.45,44.899999999999864,73.96000000000004,1,1,1.0
11520,5,501.84,265.27,26.95999999999998,58.58000000000004,1,1,1.0
11520,6,191.59,380.84,47.400000000000006,85.25,1,1,1.0
11520,7,138.84,434.45,54.31,83.19999999999999,1,1,1.0
11520,8,986.91,140.92,200.31000000000006,409.70000000000005,1,1,1.0
11520,9,537.65,191.59,230.0,302.11,1,1,1.0
11520,10,260.45,249.78,28.810000000000002,64.6,1,1,1.0
11520,11,409.88,338.63,46.19999999999999,73.5,1,1,1.0
11520,12,442.74,212.7,35.94999999999999,61.25,1,1,1.0
11520,13,585.02,280.63,25.450000000000045,68.06,1,1,1.0
11520,14,208.47,264.72,33.06999999999999,71.13999999999999,1,1,1.0
11525,1,476.04,331.19,44.269999999999925,71.24000000000001,1,1,1.0
11525,2,417.18,211.98,33.31999999999999,56.71000000000001,1,1,1.0
11525,3,865.58,316.76,30.789999999999964,65.94,1,1,1.0
11525,4,1071.81,292.32,44.91000000000008,73.94999999999999,1,1,1.0
11525,5,512.64,275.0,27.659999999999968,59.04000000000002,1,1,1.0
11525,6,213.2,381.2,47.400000000000034,85.25,1,1,1.0
11525,7,143.09,428.45,54.31,83.19999999999999,1,1,1.0
11525,8,505.65,405.89,52.81000000000006,74.10000000000002,1,1,1.0
11525,9,412.64,404.05,43.75999999999999,73.39999999999998,1,1,1.0
11525,10,285.14,257.75,28.810000000000002,64.60000000000002,1,1,1.0
11525,11,415.23,333.99,46.19999999999999,73.5,1,1,1.0
11525,12,478.22,204.81,35.94999999999993,61.25,1,1,1.0
11525,13,597.34,293.85,25.449999999999932,68.04999999999995,1,1,1.0
11525,14,217.22,263.16,33.06999999999999,71.13999999999999,1,1,1.0
11530,1,473.87,334.54,44.25999999999999,71.22999999999996,1,1,1.0
11530,2,418.53,211.98,34.370000000000005,57.75000000000003,1,1,1.0
11530,3,907.3,317.48,30.790000000000077,65.94999999999999,1,1,1.0
11530,4,1066.15,312.19,44.909999999999854,73.94999999999999,1,1,1.0
11530,5,523.44,284.74,28.34999999999991,59.48000000000002,1,1,1.0
11530,6,281.95,372.45,47.400000000000034,85.25,1,1,1.0
11530,7,226.85,422.2,54.29999999999998,83.19999999999999,1,1,1.0
11530,8,500.65,413.39,52.81000000000006,74.10000000000002,1,1,1.0
11530,9,386.39,406.55,43.75999999999999,73.39999999999998,1,1,1.0
11530,10,340.14,251.5,28.810000000000002,64.60000000000002,1,1,1.0
11530,11,450.23,333.99,46.19999999999999,73.5,1,1,1.0
11530,12,513.7,196.93,35.94999999999993,61.25,1,1,1.0
11530,13,637.34,292.6,25.449999999999932,68.04999999999995,1,1,1.0
11530,14,270.97,280.66,33.06999999999999,71.13999999999999,1,1,1.0
11535,1,471.69,337.89,44.27000000000004,71.23000000000002,1,1,1.0
11535,2,419.89,211.98,35.410000000000025,58.78999999999999,1,1,1.0
11535,3,949.02,318.21,30.789999999999964,65.95000000000005,1,1,1.0
11535,4,1060.5,332.06,44.90000000000009,73.94999999999999,1,1,1.0
11535,5,534.24,294.48,29.039999999999964,59.91999999999996,1,1,1.0
11535,6,308.2,363.7,47.400000000000034,85.25,1,1,1.0
11535,7,269.35,425.95,54.299999999999955,83.19999999999999,1,1,1.0
11535,8,495.65,420.89,52.81000000000006,74.10000000000002,1,1,1.0
11535,9,358.89,405.3,43.75999999999999,73.39999999999998,1,1,1.0
11535,10,363.89,245.25,28.810000000000002,64.60000000000002,1,1,1.0
11535,11,473.98,333.99,46.19999999999993,73.5,1,1,1.0
11535,12,499.33,202.55,35.94999999999999,61.25,1,1,1.0
11535,13,652.34,287.6,25.459999999999923,68.04999999999995,1,1,1.0
11535,14,300.97,278.16,33.06999999999999,71.13999999999999,1,1,1.0
11540,1,469.51,341.23,44.26999999999998,71.24000000000001,1,1,1.0
11540,2,421.24,211.98,36.45999999999998,59.84,1,1,1.0
11540,3,990.74,318.94,30.789999999999964,65.94999999999999,1,1,1.0
11540,4,1054.84,351.93,44.90000000000009,73.94999999999999,1,1,1.0
11540,5,545.04,304.22,29.730000000000018,60.36999999999995,1,1,1.0
11540,6,326.95,436.2,47.400000000000034,85.25000000000006,1,1,1.0
11540,7,269.35,399.7,54.299999999999955,83.19999999999999,1,1,1.0
11540,8,490.65,428.39,52.81000000000006,74.10000000000002,1,1,1.0
11540,9,363.89,386.55,43.75999999999999,73.39999999999998,1,1,1.0
11540,10,372.64,249.0,33.81,73.35000000000002,1,1,1.0
11540,11,482.74,353.99,46.200000000000045,73.5,1,1,1.0
11540,12,484.95,208.18,35.94999999999999,61.25,1,1,1.0
11540,13,644.82,287.6,32.979999999999905,70.57999999999998,1,1,1.0
11540,14,322.22,279.41,33.06999999999999,71.13999999999999,1,1,1.0
11545,1,467.33,344.58,44.27000000000004,71.24000000000001,1,1,1.0
11545,2,422.6,211.98,37.5,60.880000000000024,1,1,1.0
11545,3,1032.46,319.67,30.789999999999964,65.94999999999999,1,1,1.0
11545,4,1049.18,371.8,44.899999999999864,73.94999999999999,1,1,1.0
11545,5,555.84,313.95,30.42999999999995,60.81999999999999,1,1,1.0
11545,6,347.58,437.45,47.400000000000034,85.25000000000006,1,1,1.0
11545,7,233.1,408.45,54.29999999999998,83.19999999999999,1,1,1.0
11545,8,471.9,425.89,52.81000000000006,74.10000000000002,1,1,1.0
11545,9,373.89,393.23,41.670000000000016,68.79999999999995,1,1,1.0
11545,10,372.39,255.26,33.56,70.84000000000003,1,1,1.0
11545,11,490.86,356.49,46.19999999999993,73.5,1,1,1.0
11545,12,808.71,269.43,35.94999999999993,61.25,1,1,1.0
11545,13,637.3,287.6,40.5,73.09999999999997,1,1,1.0
11545,14,335.97,288.16,33.06999999999999,71.13999999999999,1,1,1.0
11550,1,465.16,347.93,44.25999999999999,71.23000000000002,1,1,1.0
11550,2,423.95,211.98,38.55000000000001,61.91999999999999,1,1,1.0
11550,3,1074.18,320.4,30.789999999999964,65.95000000000005,1,1,1.0
11550,4,1043.52,391.67,44.91000000000008,73.94999999999999,1,1,1.0
11550,5,566.64,323.69,31.120000000000005,61.26999999999998,1,1,1.0
11550,6,368.2,438.7,47.400000000000034,85.25000000000006,1,1,1.0
11550,7,176.84,402.2,54.31,83.19999999999999,1,1,1.0
11550,8,453.15,433.4,52.81,74.10000000000002,1,1,1.0
11550,9,383.9,399.92,39.58000000000004,64.19999999999999,1,1,1.0
11550,10,372.14,261.52,33.31,68.33000000000004,1,1,1.0
11550,11,498.99,358.99,46.200000000000045,73.5,1,1,1.0
11550,12,1132.47,330.68,35.950000000000045,61.25,1,1,1.0
11550,13,628.55,300.1,40.49000000000001,73.09999999999997,1,1,1.0
11550,14,344.72,301.28,33.06999999999999,71.15000000000003,1,1,1.0
11555,1,462.98,351.27,44.26999999999998,71.24000000000001,1,1,1.0
11555,2,376.45,218.23,38.55000000000001,61.91999999999999,1,1,1.0
11555,3,1004.17,329.15,30.800000000000068,65.95000000000005,1,1,1.0
11555,4,1037.86,411.54,44.91000000000008,73.94999999999999,1,1,1.0
11555,5,577.43,333.43,31.82000000000005,61.70999999999998,1,1,1.0
11555,6,393.2,449.95,47.400000000000034,67.75000000000006,1,1,1.0
11555,7,111.84,403.45,54.31,83.19999999999999,1,1,1.0
11555,8,455.65,435.48,52.81,74.09999999999997,1,1,1.0
11555,9,393.9,406.6,37.5,59.599999999999966,1,1,1.0
11555,10,371.89,267.78,33.06,65.82000000000005,1,1,1.0
11555,11,502.32,364.83,46.19999999999999,73.49000000000001,1,1,1.0
11555,12,1074.97,340.68,35.950000000000045,61.25,1,1,1.0
11555,13,616.05,302.6,40.49000000000001,73.09999999999997,1,1,1.0
11555,14,353.47,314.41,33.079999999999984,71.13999999999999,1,1,1.0
11560,1,460.8,354.62,44.26999999999998,71.24000000000001,1,1,1.0
11560,2,333.95,218.23,38.55000000000001,61.91999999999999,1,1,1.0
11560,3,947.92,334.15,30.800000000000068,65.95000000000005,1,1,1.0
11560,4,1032.21,431.41,44.899999999999864,73.94999999999999,1,1,1.0
11560,5,588.23,343.17,32.50999999999999,62.14999999999998,1,1,1.0
11560,6,420.71,454.95,47.39000000000004,67.75000000000006,1,1,1.0
11560,7,80.59,403.45,54.29999999999998,83.19999999999999,1,1,1.0
11560,8,458.15,437.56,52.81,74.10000000000002,1,1,1.0
11560,9,405.78,412.22,37.49000000000001,59.60999999999996,1,1,1.0
11560,10,371.64,274.04,32.81,63.31,1,1,1.0
11560,11,505.65,370.66,46.200000000000045,73.5,1,1,1.0
11560,12,1014.97,338.18,35.950000000000045,61.25,1,1,1.0
11560,13,603.55,305.1,40.49000000000001,73.09999999999997,1,1,1.0
11560,14,364.72,316.91,33.079999999999984,71.13999999999999,1,1,1.0
11565,1,458.62,357.97,44.26999999999998,71.22999999999996,1,1,1.0
11565,2,303.95,234.48,38.55000000000001,61.91999999999999,1,1,1.0
11565,3,885.42,332.9,30.790000000000077,65.95000000000005,1,1,1.0
11565,4,1026.55,451.27,44.90000000000009,73.96000000000004,1,1,1.0
11565,5,599.03,352.9,33.210000000000036,62.610000000000014,1,1,1.0
11565,6,453.21,468.7,47.39000000000004,67.75000000000006,1,1,1.0
11565,7,55.59,382.2,54.3,83.19999999999999,1,1,1.0
11565,8,460.65,439.65,52.81000000000006,74.10000000000002,1,1,1.0
11565,9,417.65,417.85,37.5,59.599999999999966,1,1,1.0
11565,10,371.39,280.3,32.56,60.80000000000001,1,1,1.0
11565,11,508.99,376.49,46.200000000000045,73.5,1,1,1.0
11565,12,953.71,335.68,35.94999999999993,61.25,1,1,1.0
11565,13,599.8,306.97,40.49000000000001,73.10999999999996,1,1,1.0
11565,14,379.72,320.66,33.079999999999984,71.13999999999999,1,1,1.0
11570,1,456.45,361.31,44.27000000000004,71.24000000000001,1,1,1.0
11570,2,272.7,239.49,38.55000000000001,61.90999999999997,1,1,1.0
11570,3,839.17,341.65,30.790000000000077,65.95000000000005,1,1,1.0
11570,4,1020.89,471.14,44.89999999999998,73.95000000000005,1,1,1.0
11570,5,609.83,362.64,33.89999999999998,63.05000000000001,1,1,1.0
11570,6,469.5,454.95,36.10000000000002,67.75000000000006,1,1,1.0
11570,7,570.6,474.07,54.309999999999945,83.19999999999999,1,1,1.0
11570,8,489.4,468.4,31.56000000000006,74.10000000000002,1,1,1.0
11570,9,432.65,421.6,37.5,59.599999999999966,1,1,1.0
11570,10,363.06,283.22,32.56,60.799999999999955,1,1,1.0
11570,11,508.99,384.0,46.200000000000045,65.99000000000001,1,1,1.0
11570,12,898.71,336.93,35.94999999999993,61.25,1,1,1.0
11570,13,596.05,308.85,40.49000000000001,73.09999999999997,1,1,1.0
11570,14,384.72,321.91,33.079999999999984,71.13999999999999,1,1,1.0
11575,1,454.27,364.66,44.27000000000004,71.23999999999995,1,1,1.0
11575,2,210.2,239.49,38.55000000000001,61.90999999999997,1,1,1.0
11575,3,766.67,347.9,30.790000000000077,65.95000000000005,1,1,1.0
11575,4,1015.23,491.01,44.91000000000008,73.95000000000005,1,1,1.0
11575,5,620.63,372.38,34.59000000000003,63.5,1,1,1.0
11575,6,487.0,459.95,33.60000000000002,67.75000000000006,1,1,1.0
11575,7,1085.62,565.95,54.30000000000018,83.19999999999993,1,1,1.0
11575,8,515.65,469.65,31.56000000000006,74.10000000000002,1,1,1.0
11575,9,446.4,424.1,37.5,78.39999999999998,1,1,1.0
11575,10,354.72,286.13,32.559999999999945,60.80000000000001,1,1,1.0
11575,11,508.99,391.5,46.200000000000045,58.49000000000001,1,1,1.0
11575,12,837.46,349.43,35.94999999999993,61.25,1,1,1.0
11575,13,569.8,308.85,40.49000000000001,73.09999999999997,1,1,1.0
11575,14,402.22,321.91,33.079999999999984,71.13999999999999,1,1,1.0
11580,1,452.09,368.01,44.27000000000004,71.23000000000002,1,1,1.0
11580,2,157.69,244.49,38.55000000000001,61.90999999999997,1,1,1.0
11580,3,696.67,356.65,30.790000000000077,65.95000000000005,1,1,1.0
11580,4,1009.57,510.88,44.90999999999997,73.95000000000005,1,1,1.0
11580,5,631.43,382.12,35.280000000000086,63.94,1,1,1.0
11580,6,504.5,457.45,33.60000000000002,67.75000000000006,1,1,1.0
11580,7,1013.12,558.45,54.30000000000007,83.19999999999993,1,1,1.0
11580,8,533.15,468.4,31.56000000000006,74.10000000000002,1,1,1.0
11580,9,452.65,437.23,37.5,78.39999999999998,1,1,1.0
11580,10,346.39,289.05,32.56,60.80000000000001,1,1,1.0
11580,11,513.15,396.92,46.200000000000045,58.49000000000001,1,1,1.0
11580,12,772.46,351.93,35.94999999999993,61.25,1,1,1.0
11580,13,553.55,308.85,40.49000000000001,73.09999999999997,1,1,1.0
11580,14,389.72,321.91,33.06999999999999,71.13999999999999,1,1,1.0
11585,1,449.91,371.36,44.26999999999998,71.22999999999996,1,1,1.0
11585,2,106.44,265.74,38.55000000000001,61.90999999999997,1,1,1.0
11585,3,632.92,360.4,30.790000000000077,65.95000000000005,1,1,1.0
11585,4,1003.92,530.75,44.89999999999998,73.95000000000005,1,1,1.0
11585,5,642.23,391.85,35.98000000000002,64.38999999999999,1,1,1.0
11585,6,512.0,471.2,33.60000000000002,67.75000000000006,1,1,1.0
11585,7,940.61,554.7,54.309999999999945,83.19999999999993,1,1,1.0
11585,8,544.4,477.15,31.56000000000006,74.10000000000002,1,1,1.0
11585,9,458.9,450.35,37.5,78.39999999999998,1,1,1.0
11585,10,342.02,295.92,32.56,60.81,1,1,1.0
11585,11,517.32,402.33,46.19999999999993,58.49000000000001,1,1,1.0
11585,12,719.96,354.43,35.94999999999993,61.25,1,1,1.0
11585,13,533.55,315.1,40.49000000000001,73.09999999999997,1,1,1.0
11585,14,395.5,335.82,33.079999999999984,71.13999999999999,1,1,1.0
11590,1,447.74,374.7,44.26999999999998,71.24000000000001,1,1,1.0
11590,2,140.51,269.07,38.55000000000001,61.920000000000016,1,1,1.0
11590,3,581.66,369.15,30.800000000000068,65.95000000000005,1,1,1.0
11590,4,933.91,528.25,44.91000000000008,73.95000000000005,1,1,1.0
11590,5,653.03,401.59,36.67000000000007,64.84000000000003,1,1,1.0
11590,6,533.25,467.45,33.60000000000002,67.75000000000006,1,1,1.0
11590,7,843.11,553.45,54.299999999999955,83.19999999999993,1,1,1.0
11590,8,568.15,474.65,31.56000000000006,74.10000000000002,1,1,1.0
11590,9,475.15,450.35,37.5,78.39999999999998,1,1,1.0
11590,10,337.64,302.8,32.56,60.80000000000001,1,1,1.0
11590,11,521.49,407.75,46.200000000000045,58.49000000000001,1,1,1.0
11590,12,672.46,368.18,35.94999999999993,61.25,1,1,1.0
11590,13,516.05,318.85,40.49000000000001,73.09999999999997,1,1,1.0
11590,14,401.28,349.72,33.08000000000004,71.14999999999998,1,1,1.0
11595,1,445.56,378.05,44.26999999999998,71.22999999999996,1,1,1.0
11595,2,174.57,272.4,38.55000000000001,61.920000000000016,1,1,1.0
11595,3,546.66,370.4,30.800000000000068,65.95000000000005,1,1,1.0
11595,4,883.91,540.75,44.91000000000008,73.95000000000005,1,1,1.0
11595,5,663.83,411.33,37.360000000000014,65.28000000000003,1,1,1.0
11595,6,542.0,474.95,33.60000000000002,67.75000000000006,1,1,1.0
11595,7,783.11,547.2,54.299999999999955,83.19999999999993,1,1,1.0
11595,8,588.15,478.4,31.56000000000006,74.10000000000002,1,1,1.0
11595,9,490.15,464.1,37.5,78.39999999999998,1,1,1.0
11595,10,356.81,312.59,32.56,60.80000000000001,1,1,1.0
11595,11,523.99,417.75,46.200000000000045,58.49000000000001,1,1,1.0
11595,12,641.21,374.43,35.94999999999993,61.25,1,1,1.0
11595,13,517.09,360.72,40.49000000000001,73.10999999999996,1,1,1.0
11595,14,407.06,363.63,33.079999999999984,71.13999999999999,1,1,1.0
11600,1,443.38,381.4,44.26999999999998,71.23000000000002,1,1,1.0
11600,2,208.63,275.74,38.55000000000001,61.90999999999997,1,1,1.0
11600,3,547.91,363.15,30.800000000000068,65.95000000000005,1,1,1.0
11600,4,835.27,526.32,44.90999999999997,73.94999999999993,1,1,1.0
11600,5,674.62,421.07,38.059999999999945,65.73000000000002,1,1,1.0
11600,6,181.99,182.45,158.61,391.55,1,1,1.0
11600,7,795.82,504.49,50.969999999999914,81.74000000000001,1,1,1.0
11600,8,399.4,178.39,200.30000000000007,405.31000000000006,1,1,1.0
11600,9,470.4,461.6,37.5,78.39999999999998,1,1,1.0
11600,10,375.98,322.38,32.549999999999955,60.80000000000001,1,1,1.0
11600,11,514.74,448.5,46.200000000000045,58.49000000000001,1,1,1.0
11600,12,621.2,396.68,35.95999999999992,61.25,1,1,1.0
11600,13,518.13,402.6,40.49000000000001,73.09999999999997,1,1,1.0
11600,14,412.84,377.54,33.08000000000004,71.13999999999999,1,1,1.0
11605,1,441.2,384.74,44.27000000000004,71.24000000000001,1,1,1.0
11605,2,242.7,279.07,38.55000000000001,61.920000000000016,1,1,1.0
11605,3,549.16,355.9,30.800000000000068,65.95000000000005,1,1,1.0
11605,4,786.64,511.89,44.89999999999998,73.95000000000005,1,1,1.0
11605,5,685.42,430.8,38.75999999999999,66.18,1,1,1.0
11605,6,174.49,166.19,158.61,391.56,1,1,1.0
11605,7,808.54,461.78,47.620000000000005,80.29000000000008,1,1,1.0
11605,8,373.15,144.64,200.30000000000007,405.31000000000006,1,1,1.0
11605,9,450.65,459.1,37.5,78.39999999999998,1,1,1.0
11605,10,395.14,332.18,32.56,60.80000000000001,1,1,1.0
11605,11,505.49,479.25,46.200000000000045,58.49000000000001,1,1,1.0
11605,12,601.2,418.93,35.95999999999992,61.25,1,1,1.0
11605,13,519.17,444.48,40.5,73.10000000000002,1,1,1.0
11605,14,418.62,391.44,33.079999999999984,71.14999999999998,1,1,1.0
11610,1,439.03,388.09,44.27000000000004,71.23000000000002,1,1,1.0
11610,2,276.76,282.4,38.55000000000001,61.920000000000016,1,1,1.0
11610,3,550.41,348.65,30.800000000000068,65.95000000000005,1,1,1.0
11610,4,738.0,497.45,44.89999999999998,73.94999999999999,1,1,1.0
11610,5,696.22,440.54,39.44999999999993,66.62,1,1,1.0
11610,6,104.49,159.94,158.61,391.56,1,1,1.0
11610,7,821.25,419.07,44.289999999999964,78.82999999999998,1,1,1.0
11610,8,285.64,148.39,200.31,405.31000000000006,1,1,1.0
11610,9,430.9,456.6,37.5,78.39999999999998,1,1,1.0
11610,10,414.31,341.97,32.56,60.799999999999955,1,1,1.0
11610,11,496.24,510.0,46.200000000000045,58.49000000000001,1,1,1.0
11610,12,581.2,441.18,35.94999999999993,61.25,1,1,1.0
11610,13,520.21,486.35,40.5,73.10000000000002,1,1,1.0
11610,14,424.41,405.35,33.06999999999999,71.13999999999999,1,1,1.0
11615,1,436.85,391.44,44.26999999999998,71.23000000000002,1,1,1.0
11615,2,310.82,285.74,38.55000000000001,61.90999999999997,1,1,1.0
11615,3,551.66,341.4,30.800000000000068,65.95000000000005,1,1,1.0
11615,4,689.36,483.02,44.90999999999997,73.95000000000005,1,1,1.0
11615,5,707.02,450.28,40.139999999999986,67.07000000000005,1,1,1.0
11615,6,98.24,229.95,158.61,391.55,1,1,1.0
11615,7,833.97,376.36,40.93999999999994,77.37,1,1,1.0
11615,8,261.89,247.14,200.31,405.31000000000006,1,1,1.0
11615,9,411.15,454.1,37.5,78.39999999999998,1,1,1.0
11615,10,433.48,351.76,32.56,60.80000000000001,1,1,1.0
11615,11,486.99,540.75,46.200000000000045,58.5,1,1,1.0
11615,12,561.2,463.43,35.94999999999993,61.24999999999994,1,1,1.0
11615,13,521.25,528.23,40.5,73.10000000000002,1,1,1.0
11615,14,430.19,419.26,33.06999999999999,71.13999999999999,1,1,1.0
11620,1,434.67,394.78,44.26999999999998,71.24000000000001,1,1,1.0
11620,2,344.89,289.07,38.55000000000001,61.920000000000016,1,1,1.0
11620,3,552.91,334.15,30.800000000000068,65.95000000000005,1,1,1.0
11620,4,640.72,468.59,44.90999999999997,73.94999999999999,1,1,1.0
11620,5,717.82,460.02,40.82999999999993,67.50999999999999,1,1,1.0
11620,6,609.5,479.95,31.110000000000014,75.30000000000001,1,1,1.0
11620,7,846.68,333.65,37.610000000000014,75.92000000000002,1,1,1.0
11620,8,633.16,494.65,42.79000000000008,69.05000000000007,1,1,1.0
11620,9,391.4,451.6,37.5,78.39999999999998,1,1,1.0
11620,10,452.64,361.55,32.56,60.80000000000001,1,1,1.0
11620,11,477.74,571.5,46.200000000000045,58.5,1,1,1.0
11620,12,541.2,485.69,35.94999999999993,61.23999999999995,1,1,1.0
11620,13,522.3,570.1,40.49000000000001,73.11000000000001,1,1,1.0
11620,14,435.97,433.16,33.079999999999984,71.14999999999998,1,1,1.0
11625,1,432.49,398.13,44.26999999999998,71.24000000000001,1,1,1.0
11625,2,378.95,292.4,38.55000000000001,61.920000000000016,1,1,1.0
11625,3,554.16,326.9,30.800000000000068,65.95000000000005,1,1,1.0
11625,4,592.09,454.16,44.89999999999998,73.94999999999999,1,1,1.0
11625,5,728.62,469.75,41.52999999999997,67.97000000000003,1,1,1.0
11625,6,638.25,504.95,31.110000000000014,75.30000000000001,1,1,1.0
11625,7,859.4,290.94,34.25999999999999,74.45999999999998,1,1,1.0
11625,8,651.91,464.65,42.79000000000008,69.05000000000007,1,1,1.0
11625,9,392.65,473.48,37.5,78.39999999999998,1,1,1.0
11625,10,452.64,391.55,32.56,60.80000000000001,1,1,1.0
11625,11,483.99,569.0,46.200000000000045,58.5,1,1,1.0
11625,12,546.2,494.44,37.82999999999993,71.88000000000005,1,1,1.0
11625,13,609.8,487.6,40.49000000000001,73.10000000000002,1,1,1.0
11625,14,422.22,460.66,33.06999999999999,71.14999999999992,1,1,1.0
11630,1,430.32,401.48,44.26999999999998,71.22999999999996,1,1,1.0
11630,2,413.01,295.74,38.55000000000001,61.90999999999997,1,1,1.0
11630,3,555.41,319.65,30.800000000000068,65.95000000000005,1,1,1.0
11630,4,543.45,439.72,44.89999999999998,73.95999999999992,1,1,1.0
11630,5,739.42,479.49,42.22000000000003,68.40999999999997,1,1,1.0
11630,6,650.75,507.45,31.110000000000014,75.30000000000001,1,1,1.0
11630,7,814.4,312.2,34.25999999999999,60.69999999999999,1,1,1.0
11630,8,678.16,488.4,42.79000000000008,69.05000000000007,1,1,1.0
11630,9,393.9,495.35,37.5,78.39999999999998,1,1,1.0
11630,10,457.65,395.93,32.55000000000001,60.80000000000001,1,1,1.0
11630,11,443.99,585.26,46.19999999999999,58.49000000000001,1,1,1.0
11630,12,551.2,503.19,39.69999999999993,82.51000000000005,1,1,1.0
11630,13,617.3,480.1,40.49000000000001,73.10000000000002,1,1,1.0
11630,14,407.22,453.16,33.06999999999999,71.14999999999992,1,1,1.0
11635,1,428.14,404.82,44.27000000000004,71.24000000000001,1,1,1.0
11635,2,447.08,299.07,38.55000000000001,61.920000000000016,1,1,1.0
11635,3,556.66,312.4,30.800000000000068,65.95000000000005,1,1,1.0
11635,4,494.81,425.29,44.910000000000025,73.94999999999999,1,1,1.0
11635,5,750.22,489.23,42.90999999999997,68.85000000000002,1,1,1.0
11635,6,674.5,517.45,31.110000000000014,75.29999999999995,1,1,1.0
11635,7,769.4,323.45,34.25999999999999,60.69999999999999,1,1,1.0
11635,8,709.41,508.4,42.79000000000008,69.05000000000007,1,1,1.0
11635,9,372.65,477.85,37.5,78.39999999999998,1,1,1.0
11635,10,462.65,400.3,32.55000000000001,60.80000000000001,1,1,1.0
11635,11,415.2,592.76,39.99000000000001,74.74000000000001,1,1,1.0
11635,12,551.7,506.44,39.69999999999993,82.51000000000005,1,1,1.0
11635,13,636.05,505.1,40.49000000000001,73.11000000000001,1,1,1.0
11635,14,397.22,500.66,33.06999999999999,71.14999999999992,1,1,1.0
11640,1,425.96,408.17,44.27000000000004,71.24000000000001,1,1,1.0
11640,2,481.14,302.4,38.55000000000007,61.920000000000016,1,1,1.0
11640,3,557.91,305.15,30.800000000000068,65.95000000000005,1,1,1.0
11640,4,446.17,410.86,44.90999999999997,73.94999999999999,1,1,1.0
11640,5,761.02,498.97,43.60000000000002,69.29999999999995,1,1,1.0
11640,6,685.75,514.95,31.110000000000014,75.29999999999995,1,1,1.0
11640,7,741.9,319.7,34.25999999999999,60.69999999999999,1,1,1.0
11640,8,741.91,507.15,42.79000000000008,69.05000000000007,1,1,1.0
11640,9,376.4,483.27,37.5,78.39999999999998,1,1,1.0
11640,10,466.4,399.68,32.55000000000001,60.80000000000001,1,1,1.0
11640,11,400.2,591.51,39.98000000000002,74.74000000000001,1,1,1.0
11640,12,552.2,509.69,39.69999999999993,82.51000000000005,1,1,1.0
11640,13,652.3,500.1,40.49000000000001,73.11000000000001,1,1,1.0
11640,14,400.97,504.83,33.06999999999999,71.14000000000004,1,1,1.0
11645,1,423.78,411.52,44.27000000000004,71.23000000000002,1,1,1.0
11645,2,515.2,305.74,38.549999999999955,61.90999999999997,1,1,1.0
11645,3,559.16,297.9,30.800000000000068,65.95000000000005,1,1,1.0
11645,4,397.54,396.43,44.89999999999998,73.94999999999999,1,1,1.0
11645,5,771.82,508.7,44.299999999999955,69.75000000000006,1,1,1.0
11645,6,714.5,522.45,31.110000000000014,75.29999999999995,1,1,1.0
11645,7,714.4,324.7,34.25999999999999,60.69999999999999,1,1,1.0
11645,8,700.94,523.21,42.799999999999955,69.04999999999995,1,1,1.0
11645,9,380.15,488.68,37.5,78.40000000000003,1,1,1.0
11645,10,470.15,399.05,32.55000000000001,60.80000000000001,1,1,1.0
11645,11,370.2,589.0,39.98000000000002,74.75,1,1,1.0
11645,12,552.7,512.94,39.69999999999993,82.50999999999999,1,1,1.0
11645,13,661.05,490.1,40.49000000000001,73.11000000000001,1,1,1.0
11645,14,404.72,509.0,33.06999999999999,71.13999999999999,1,1,1.0
11650,1,455.03,409.02,44.27000000000004,71.23000000000002,1,1,1.0
11650,2,524.37,308.24,38.549999999999955,61.90999999999997,1,1,1.0
11650,3,567.91,292.9,30.800000000000068,65.95000000000005,1,1,1.0
11650,4,348.9,382.0,44.900000000000034,73.94999999999999,1,1,1.0
11650,5,815.4,527.16,43.25999999999999,70.20000000000005,1,1,1.0
11650,6,733.25,521.2,31.110000000000014,75.29999999999995,1,1,1.0
11650,7,683.15,329.7,34.25999999999999,60.69999999999999,1,1,1.0
11650,8,738.42,503.2,46.860000000000014,99.34999999999997,1,1,1.0
11650,9,383.9,494.1,37.5,78.39999999999998,1,1,1.0
11650,10,473.9,374.05,32.55000000000001,60.80000000000001,1,1,1.0
11650,11,351.45,589.0,39.98000000000002,74.75,1,1,1.0
11650,12,553.2,516.19,39.69999999999993,82.50999999999999,1,1,1.0
11650,13,669.8,480.73,40.5,73.10000000000002,1,1,1.0
11650,14,408.47,513.16,33.06999999999999,71.14999999999998,1,1,1.0
11655,1,490.03,401.52,44.26999999999998,71.23000000000002,1,1,1.0
11655,2,533.54,310.74,38.55000000000007,61.90999999999997,1,1,1.0
11655,3,582.91,297.9,30.800000000000068,65.95000000000005,1,1,1.0
11655,4,380.15,388.25,44.900000000000034,73.94999999999999,1,1,1.0
11655,5,851.52,521.59,42.210000000000036,70.63999999999999,1,1,1.0
11655,6,760.75,517.45,31.110000000000014,75.29999999999995,1,1,1.0
11655,7,670.65,328.45,34.25999999999999,60.69999999999999,1,1,1.0
11655,8,758.44,520.61,42.799999999999955,69.04999999999995,1,1,1.0
11655,9,396.4,487.85,37.5,78.39999999999998,1,1,1.0
11655,10,458.89,385.3,32.56,60.80000000000001,1,1,1.0
11655,11,336.45,590.25,39.98000000000002,74.75,1,1,1.0
11655,12,553.7,519.44,39.69999999999993,82.50999999999999,1,1,1.0
11655,13,678.55,471.35,40.5,73.11000000000001,1,1,1.0
11655,14,419.72,514.42,33.06999999999999,71.13999999999999,1,1,1.0
11660,1,511.28,390.27,44.26999999999998,71.23000000000002,1,1,1.0
11660,2,542.7,313.24,38.549999999999955,61.90999999999997,1,1,1.0
11660,3,597.91,302.9,30.800000000000068,65.95000000000005,1,1,1.0
11660,4,408.9,384.5,44.900000000000034,73.94999999999999,1,1,1.0
11660,5,890.77,530.61,41.180000000000064,71.09000000000003,1,1,1.0
11660,6,795.76,512.45,31.100000000000023,75.29999999999995,1,1,1.0
11660,7,653.15,332.2,34.25999999999999,60.69999999999999,1,1,1.0
11660,8,788.92,505.61,42.80000000000007,69.04999999999995,1,1,1.0
11660,9,427.65,479.1,37.5,78.39999999999998,1,1,1.0
11660,10,462.65,390.3,32.55000000000001,60.80000000000001,1,1,1.0
11660,11,345.61,594.01,39.99000000000001,74.74000000000001,1,1,1.0
11660,12,565.58,521.31,39.69999999999993,82.5200000000001,1,1,1.0
11660,13,688.55,461.35,40.5,73.11000000000001,1,1,1.0
11660,14,434.72,511.92,33.079999999999984,71.13999999999993,1,1,1.0
11665,1,540.04,390.27,44.25999999999999,71.23000000000002,1,1,1.0
11665,2,585.21,316.99,38.539999999999964,61.90999999999997,1,1,1.0
11665,3,624.16,302.9,30.800000000000068,65.95000000000005,1,1,1.0
11665,4,453.9,384.5,44.910000000000025,73.94999999999999,1,1,1.0
11665,5,930.03,539.62,40.129999999999995,71.53999999999996,1,1,1.0
11665,6,834.51,516.2,31.100000000000023,75.29999999999995,1,1,1.0
11665,7,644.4,341.57,34.25999999999999,60.70999999999998,1,1,1.0
11665,8,827.1,506.57,42.789999999999964,69.05000000000001,1,1,1.0
11665,9,462.65,470.35,37.5,78.39999999999998,1,1,1.0
11665,10,465.77,384.05,32.56,60.80000000000001,1,1,1.0
11665,11,354.78,597.76,39.99000000000001,74.74000000000001,1,1,1.0
11665,12,577.45,523.19,39.69999999999993,82.50999999999999,1,1,1.0
11665,13,698.55,451.35,40.5,73.10000000000002,1,1,1.0
11665,14,459.72,516.92,33.079999999999984,71.13999999999999,1,1,1.0
11670,1,566.29,384.02,44.25999999999999,71.23000000000002,1,1,1.0
11670,2,612.7,319.49,18.559999999999945,55.70999999999998,1,1,1.0
11670,3,655.42,301.65,24.58000000000004,47.150000000000034,1,1,1.0
11670,4,502.65,382.0,44.90999999999997,73.94999999999999,1,1,1.0
11670,5,973.9,544.74,39.09000000000003,71.98000000000002,1,1,1.0
11670,6,869.51,504.95,31.110000000000014,75.30000000000001,1,1,1.0
11670,7,635.65,350.95,34.25999999999999,60.69999999999999,1,1,1.0
11670,8,862.87,517.15,42.789999999999964,69.05000000000007,1,1,1.0
11670,9,500.15,479.1,37.5,78.39999999999998,1,1,1.0
11670,10,468.9,377.8,32.56,60.80000000000001,1,1,1.0
11670,11,363.95,601.51,39.98000000000002,74.74000000000001,1,1,1.0
11670,12,592.45,523.19,39.69999999999993,82.50999999999999,1,1,1.0
11670,13,713.55,453.85,40.5,73.10000000000002,1,1,1.0
11670,14,487.22,509.42,33.07999999999993,71.13999999999993,1,1,1.0
11675,1,596.29,367.77,44.25999999999999,71.23000000000002,1,1,1.0
11675,2,643.95,326.99,18.559999999999945,55.70999999999998,1,1,1.0
11675,3,685.42,306.65,24.58000000000004,47.150000000000034,1,1,1.0
11675,4,560.15,392.0,44.90999999999997,73.94999999999999,1,1,1.0
11675,5,1017.77,549.86,38.049999999999955,72.42999999999995,1,1,1.0
11675,6,911.43,513.97,34.210000000000036,75.29999999999995,1,1,1.0
11675,7,635.65,350.95,34.25999999999999,59.44999999999999,1,1,1.0
11675,8,897.77,512.24,42.80000000000007,69.04999999999995,1,1,1.0
11675,9,545.15,471.6,37.5,78.39999999999998,1,1,1.0
11675,10,483.9,377.8,32.56000000000006,60.80000000000001,1,1,1.0
11675,11,393.95,595.25,39.98000000000002,74.75,1,1,1.0
11675,12,619.95,529.44,39.69999999999993,82.50999999999999,1,1,1.0
11675,13,728.55,441.35,40.5,73.10000000000002,1,1,1.0
11675,14,518.47,504.42,33.07999999999993,71.13999999999993,1,1,1.0
11680,1,616.49,352.85,35.15999999999997,71.22999999999996,1,1,1.0
11680,2,680.2,326.99,26.09999999999991,59.50999999999999,1,1,1.0
11680,3,724.17,302.9,25.83000000000004,62.10000000000002,1,1,1.0
11680,4,633.9,394.5,36.15999999999997,66.39999999999998,1,1,1.0
11680,5,1066.05,553.53,37.00999999999999,72.87,1,1,1.0
11680,6,952.68,515.22,34.210000000000036,75.29999999999995,1,1,1.0
11680,7,648.15,338.45,34.25999999999999,59.44999999999999,1,1,1.0
11680,8,948.83,509.93,42.799999999999955,69.06,1,1,1.0
11680,9,587.65,470.35,37.5,78.39999999999998,1,1,1.0
11680,10,498.9,377.8,32.56000000000006,60.80000000000001,1,1,1.0
11680,11,425.2,594.0,39.98000000000002,74.75,1,1,1.0
11680,12,653.7,525.69,39.69999999999993,82.50999999999999,1,1,1.0
11680,13,763.55,435.1,40.5,73.09999999999997,1,1,1.0
11680,14,563.47,506.92,33.07999999999993,71.13999999999993,1,1,1.0
11685,1,650.24,359.1,35.15999999999997,71.22999999999996,1,1,1.0
11685,2,727.7,323.24,26.09999999999991,59.50999999999999,1,1,1.0
11685,3,772.92,307.9,25.83000000000004,62.10000000000002,1,1,1.0
11685,4,707.65,389.5,36.15999999999997,66.39999999999998,1,1,1.0
11685,5,1114.32,557.19,35.97000000000003,73.31999999999994,1,1,1.0
11685,6,993.95,515.22,34.190000000000055,75.29999999999995,1,1,1.0
11685,7,651.06,339.7,34.270000000000095,59.44999999999999,1,1,1.0
11685,8,990.02,519.48,42.799999999999955,69.04999999999995,1,1,1.0
11685,9,645.16,469.1,37.49000000000001,78.39999999999998,1,1,1.0
11685,10,521.4,370.3,32.56000000000006,60.80000000000001,1,1,1.0
11685,11,453.95,592.75,39.98000000000002,74.75,1,1,1.0
11685,12,691.2,534.45,34.69999999999993,70.0,1,1,1.0
11685,13,794.8,433.85,40.5,73.09999999999997,1,1,1.0
11685,14,609.72,501.92,33.07999999999993,71.13999999999993,1,1,1.0
11690,1,671.49,357.85,35.15999999999997,71.22999999999996,1,1,1.0
11690,2,766.45,334.49,26.09999999999991,59.50999999999999,1,1,1.0
11690,3,806.67,302.9,25.83000000000004,62.10000000000002,1,1,1.0
11690,4,747.65,384.5,36.15999999999997,66.39999999999998,1,1,1.0
11690,5,1148.28,563.02,34.930000000000064,73.76999999999998,1,1,1.0
11690,6,1028.95,512.72,34.190000000000055,75.29999999999995,1,1,1.0
11690,7,653.98,340.95,34.25999999999999,59.44999999999999,1,1,1.0
11690,8,1020.23,509.72,42.799999999999955,69.04999999999995,1,1,1.0
11690,9,685.16,455.35,37.49000000000001,78.39999999999998,1,1,1.0
11690,10,551.4,369.05,32.56000000000006,60.80000000000001,1,1,1.0
11690,11,496.45,585.25,39.990000000000066,74.75,1,1,1.0
11690,12,718.7,538.2,34.70999999999992,70.0,1,1,1.0
11690,13,812.3,435.1,40.5,73.09999999999997,1,1,1.0
11690,14,659.73,496.92,33.069999999999936,71.13999999999993,1,1,1.0
11695,1,696.49,357.85,35.15999999999997,71.22999999999996,1,1,1.0
11695,2,802.71,326.99,26.089999999999918,59.50999999999999,1,1,1.0
11695,3,846.67,304.15,25.83000000000004,62.10000000000002,1,1,1.0
11695,4,803.91,387.0,36.14999999999998,66.39999999999998,1,1,1.0
11695,5,1184.86,566.23,33.8900000000001,74.22000000000003,1,1,1.0
11695,6,1060.2,518.97,34.200000000000045,75.29999999999995,1,1,1.0
11695,7,656.9,342.2,34.25999999999999,59.44999999999999,1,1,1.0
11695,8,1066.55,513.21,42.799999999999955,69.04999999999995,1,1,1.0
11695,9,728.91,467.85,37.49000000000001,78.39999999999998,1,1,1.0
11695,10,577.65,372.8,32.56000000000006,60.80000000000001,1,1,1.0
11695,11,531.45,582.75,39.99000000000001,74.75,1,1,1.0
11695,12,754.95,536.95,34.70999999999992,70.0,1,1,1.0
11695,13,852.31,432.6,40.49000000000001,73.09999999999997,1,1,1.0
11695,14,710.98,501.92,33.069999999999936,71.13999999999993,1,1,1.0
11700,1,694.62,350.84,35.16999999999996,71.24000000000001,1,1,1.0
11700,2,846.46,336.99,26.089999999999918,59.50999999999999,1,1,1.0
11700,3,877.92,304.15,25.83000000000004,62.10000000000002,1,1,1.0
11700,4,858.91,379.5,32.389999999999986,66.39999999999998,1,1,1.0
11700,5,1221.43,569.45,32.84999999999991,74.64999999999998,1,1,1.0
11700,6,1001.14,539.14,34.18999999999994,75.30000000000007,1,1,1.0
11700,7,646.62,343.13,34.26999999999998,59.44999999999999,1,1,1.0
11700,8,1082.64,518.94,42.789999999999964,69.04999999999995,1,1,1.0
11700,9,761.41,457.85,37.5,78.39999999999998,1,1,1.0
11700,10,603.9,374.05,32.56000000000006,60.80000000000001,1,1,1.0
11700,11,553.95,581.5,39.99000000000001,74.75,1,1,1.0
11700,12,774.95,538.2,34.70999999999992,70.0,1,1,1.0
11700,13,864.81,437.6,40.49000000000001,73.09999999999997,1,1,1.0
11700,14,753.48,505.67,33.07999999999993,71.13999999999993,1,1,1.0
11705,1,692.75,343.84,35.16999999999996,71.24000000000001,1,1,1.0
11705,2,867.93,347.26,24.25,59.50999999999999,1,1,1.0
11705,3,890.06,307.89,25.83000000000004,62.10000000000002,1,1,1.0
11705,4,878.98,379.5,32.39999999999998,66.39999999999998,1,1,1.0
11705,5,1219.85,573.96,32.850000000000136,74.65999999999997,1,1,1.0
11705,6,942.08,559.31,34.18999999999994,75.30000000000007,1,1,1.0
11705,7,636.35,344.06,34.26999999999998,59.45999999999998,1,1,1.0
11705,8,1091.5,512.03,51.549999999999955,69.05000000000007,1,1,1.0
11705,9,778.21,457.85,37.5,78.39999999999998,1,1,1.0
11705,10,603.67,376.62,32.56000000000006,60.80000000000001,1,1,1.0
11705,11,508.4,545.3,56.120000000000005,113.81000000000006,1,1,1.0
11705,12,769.82,538.67,34.69999999999993,70.0,1,1,1.0
11705,13,882.55,430.13,40.49000000000001,73.10000000000002,1,1,1.0
11705,14,786.16,505.67,33.08000000000004,71.13999999999993,1,1,1.0
11710,1,683.88,345.24,35.16999999999996,71.24000000000001,1,1,1.0
11710,2,879.14,351.93,24.24000000000001,59.50999999999999,1,1,1.0
11710,3,891.19,308.79,25.829999999999927,62.099999999999966,1,1,1.0
11710,4,899.06,379.5,32.3900000000001,66.39999999999998,1,1,1.0
11710,5,1218.26,578.48,32.84999999999991,74.65999999999997,1,1,1.0
11710,6,883.02,579.47,34.190000000000055,75.29999999999995,1,1,1.0
11710,7,620.48,340.33,34.25999999999999,59.44999999999999,1,1,1.0
11710,8,1091.73,516.59,49.36999999999989,69.04999999999995,1,1,1.0
11710,9,781.95,467.19,37.5,78.40000000000003,1,1,1.0
11710,10,603.43,379.19,32.56000000000006,60.80000000000001,1,1,1.0
11710,11,462.85,509.1,72.25999999999999,152.88,1,1,1.0
11710,12,764.68,539.13,34.710000000000036,70.00999999999999,1,1,1.0
11710,13,879.75,438.54,40.49000000000001,73.09999999999997,1,1,1.0
11710,14,801.1,508.47,33.07999999999993,71.13999999999999,1,1,1.0
11715,1,675.01,346.64,35.16999999999996,71.24000000000001,1,1,1.0
11715,2,881.0,359.4,24.25,59.51000000000005,1,1,1.0
11715,3,892.31,309.69,25.840000000000032,62.10000000000002,1,1,1.0
11715,4,909.33,386.03,32.389999999999986,66.41000000000003,1,1,1.0
11715,5,1209.7,563.79,32.84999999999991,74.66000000000008,1,1,1.0
11715,6,823.96,599.64,34.18999999999994,75.30000000000007,1,1,1.0
11715,7,601.81,339.39,34.260000000000105,59.460000000000036,1,1,1.0
11715,8,1086.73,519.99,47.17000000000007,69.05999999999995,1,1,1.0
11715,9,786.93,465.63,37.5,78.39999999999998,1,1,1.0
11715,10,603.2,381.76,32.559999999999945,60.80000000000001,1,1,1.0
11715,11,417.3,472.9,88.39999999999998,191.94000000000005,1,1,1.0
11715,12,758.15,539.13,34.700000000000045,70.00999999999999,1,1,1.0
11715,13,895.06,456.52,40.5,71.14999999999998,1,1,1.0
11715,14,815.11,510.33,33.069999999999936,71.15000000000003,1,1,1.0
11720,1,652.6,346.64,35.16999999999996,71.24000000000001,1,1,1.0
11720,2,894.08,358.46,24.24000000000001,59.52000000000004,1,1,1.0
11720,3,893.44,310.59,25.829999999999927,62.10000000000002,1,1,1.0
11720,4,917.73,385.1,32.39999999999998,66.39999999999998,1,1,1.0
11720,5,1199.39,571.8,32.84999999999991,74.66000000000008,1,1,1.0
11720,6,764.9,619.81,34.190000000000055,75.30000000000007,1,1,1.0
11720,7,579.4,344.06,34.25999999999999,59.45999999999998,1,1,1.0
11720,8,1068.64,514.67,44.97999999999979,69.05000000000007,1,1,1.0
11720,9,791.91,464.08,37.5,78.40000000000003,1,1,1.0
11720,10,602.97,384.33,32.559999999999945,60.80000000000001,1,1,1.0
11720,11,371.75,436.7,104.52999999999997,231.01000000000005,1,1,1.0
11720,12,737.6,543.8,34.70999999999992,70.0,1,1,1.0
11720,13,910.38,474.51,40.5,69.18000000000006,1,1,1.0
11720,14,824.45,516.87,33.069999999999936,71.13999999999999,1,1,1.0
11725,1,639.53,345.71,35.16000000000008,71.23000000000002,1,1,1.0
11725,2,898.02,362.97,24.24000000000001,59.50999999999999,1,1,1.0
11725,3,894.57,311.49,25.829999999999927,62.099999999999966,1,1,1.0
11725,4,926.75,383.97,32.389999999999986,66.40999999999997,1,1,1.0
11725,5,1186.9,554.47,45.02999999999997,92.14999999999998,1,1,1.0
11725,6,705.84,639.97,34.18999999999994,75.29999999999995,1,1,1.0
11725,7,573.29,351.04,34.25999999999999,59.45999999999998,1,1,1.0
11725,8,1061.02,518.07,42.789999999999964,69.04999999999995,1,1,1.0
11725,9,796.89,462.52,37.5,78.39999999999998,1,1,1.0
11725,10,597.81,387.04,32.55000000000007,60.799999999999955,1,1,1.0
11725,11,326.19,400.5,120.68,270.07000000000005,1,1,1.0
11725,12,729.2,542.87,34.69999999999993,70.0,1,1,1.0
11725,13,925.7,492.49,40.49000000000001,67.23000000000002,1,1,1.0
11725,14,834.72,520.6,33.069999999999936,71.14999999999998,1,1,1.0
11730,1,627.03,345.16,35.17000000000007,71.23999999999995,1,1,1.0
11730,2,901.96,367.48,24.25,59.50999999999999,1,1,1.0
11730,3,895.69,312.39,25.839999999999918,62.10000000000002,1,1,1.0
11730,4,935.76,382.84,32.39999999999998,66.41000000000003,1,1,1.0
11730,5,1165.96,556.21,45.01999999999998,92.14999999999998,1,1,1.0
11730,6,695.08,629.58,38.67999999999995,82.71999999999991,1,1,1.0
11730,7,567.18,358.03,34.260000000000105,59.450000000000045,1,1,1.0
11730,8,1045.31,514.57,42.799999999999955,69.05999999999995,1,1,1.0
11730,9,842.14,479.57,36.81000000000006,78.40000000000003,1,1,1.0
11730,10,592.64,389.76,32.56000000000006,60.80000000000001,1,1,1.0
11730,11,280.64,364.3,136.82,309.14000000000004,1,1,1.0
11730,12,710.04,533.85,34.710000000000036,70.00999999999999,1,1,1.0
11730,13,941.01,510.48,40.5,65.26999999999998,1,1,1.0
11730,14,877.71,517.89,31.299999999999955,71.13999999999999,1,1,1.0
11735,1,541.1,375.77,36.289999999999964,71.23000000000002,1,1,1.0
11735,2,821.01,395.13,24.24000000000001,59.50999999999999,1,1,1.0
11735,3,973.4,278.45,108.0100000000001,193.36,1,1,1.0
11735,4,937.09,349.47,67.25999999999999,105.04999999999995,1,1,1.0
11735,5,1165.96,556.21,45.01999999999998,92.14999999999998,1,1,1.0
11735,6,684.32,619.19,43.17999999999995,90.13,1,1,1.0
11735,7,523.27,385.35,34.25999999999999,59.44999999999999,1,1,1.0
11735,8,1042.48,514.57,42.799999999999955,69.05999999999995,1,1,1.0
11735,9,887.4,496.61,36.110000000000014,78.39999999999998,1,1,1.0
11735,10,543.37,419.93,32.559999999999945,60.80000000000001,1,1,1.0
11735,11,235.09,328.1,152.95000000000002,348.19999999999993,1,1,1.0
11735,12,708.37,550.78,34.700000000000045,65.98000000000002,1,1,1.0
11735,13,956.33,528.46,40.5,63.319999999999936,1,1,1.0
11735,14,920.7,515.17,29.529999999999973,71.15000000000009,1,1,1.0
11740,1,455.16,406.37,37.41999999999996,71.24000000000001,1,1,1.0
11740,2,740.06,422.79,24.24000000000001,59.50999999999999,1,1,1.0
11740,3,1051.1,244.51,190.20000000000005,324.61,1,1,1.0
11740,4,938.41,316.1,102.13999999999999,143.7,1,1,1.0
11740,5,1165.96,556.21,45.01999999999998,92.14999999999998,1,1,1.0
11740,6,673.56,608.8,47.67000000000007,97.54000000000008,1,1,1.0
11740,7,479.35,412.67,34.26999999999998,59.44999999999999,1,1,1.0
11740,8,1039.65,514.57,42.799999999999955,69.05999999999995,1,1,1.0
11740,9,932.65,513.66,35.42000000000007,78.39999999999998,1,1,1.0
11740,10,494.09,450.1,32.56,60.799999999999955,1,1,1.0
11740,11,189.54,291.9,169.09,387.27,1,1,1.0
11740,12,706.69,567.71,34.70999999999992,61.95999999999992,1,1,1.0
11740,13,971.65,546.45,40.49000000000001,61.34999999999991,1,1,1.0
11740,14,963.69,512.46,27.769999999999982,71.13999999999999,1,1,1.0
11745,1,369.23,436.98,38.539999999999964,71.22999999999996,1,1,1.0
11745,2,659.1,450.44,24.25,59.50999999999999,1,1,1.0
11745,3,984.73,288.26,190.20000000000005,324.61,1,1,1.0
11745,4,939.73,282.72,137.01999999999998,182.34999999999997,1,1,1.0
11745,5,1165.96,556.21,45.01999999999998,92.14999999999998,1,1,1.0
11745,6,662.8,598.41,52.17000000000007,104.95000000000005,1,1,1.0
11745,7,435.44,439.98,34.25999999999999,59.45999999999998,1,1,1.0
11745,8,1036.83,514.57,42.789999999999964,69.05999999999995,1,1,1.0
11745,9,977.9,530.7,34.73000000000002,78.39999999999998,1,1,1.0
11745,10,444.82,480.27,32.56,60.80000000000007,1,1,1.0
11745,11,143.99,255.7,185.21999999999997,426.33,1,1,1.0
11745,12,705.02,584.64,34.700000000000045,57.930000000000064,1,1,1.0
11745,13,986.96,564.43,40.5,59.40000000000009,1,1,1.0
11745,14,1006.68,509.74,26.000000000000114,71.14999999999998,1,1,1.0
11750,1,283.3,467.58,39.670000000000016,71.24000000000007,1,1,1.0
11750,2,578.15,478.1,24.25,59.50999999999999,1,1,1.0
11750,3,811.26,258.09,190.20000000000005,324.61000000000007,1,1,1.0
11750,4,941.06,249.35,171.8800000000001,221.00000000000003,1,1,1.0
11750,5,1165.96,556.21,45.01999999999998,92.14999999999998,1,1,1.0
11750,6,652.03,588.02,56.67000000000007,112.37,1,1,1.0
11750,7,391.53,467.3,34.26000000000005,59.45999999999998,1,1,1.0
11750,8,1034.0,514.57,42.789999999999964,69.05999999999995,1,1,1.0
11750,9,1023.16,547.75,34.030000000000086,78.39999999999998,1,1,1.0
11750,10,395.54,510.43,32.56,60.80000000000001,1,1,1.0
11750,11,98.44,219.49,201.36,465.40999999999997,1,1,1.0
11750,12,703.34,601.57,34.69999999999993,53.90999999999997,1,1,1.0
11750,13,1002.28,582.42,40.5,57.440000000000055,1,1,1.0
11750,14,1049.67,507.03,24.230000000000018,71.13999999999999,1,1,1.0
11755,1,197.36,498.19,40.79999999999998,71.22999999999996,1,1,1.0
11755,2,497.2,505.75,24.240000000000066,59.50999999999999,1,1,1.0
11755,3,704.16,273.17,190.20000000000005,324.60999999999996,1,1,1.0
11755,4,942.38,215.97,206.7600000000001,259.65,1,1,1.0
11755,5,1165.96,556.21,45.01999999999998,92.14999999999998,1,1,1.0
11755,6,641.27,577.63,61.15999999999997,119.77999999999997,1,1,1.0
11755,7,347.62,494.62,34.25999999999999,59.460000000000036,1,1,1.0
11755,8,1031.17,514.57,42.789999999999964,69.05999999999995,1,1,1.0
11755,9,1068.41,564.79,33.33999999999992,78.40000000000009,1,1,1.0
11755,10,346.26,540.6,32.56,60.799999999999955,1,1,1.0
11755,11,0.0,221.0,188.18,465.40999999999997,1,1,1.0
11755,12,701.66,618.49,34.710000000000036,49.889999999999986,1,1,1.0
11755,13,1017.6,600.4,40.489999999999895,55.49000000000001,1,1,1.0
11755,14,1092.66,504.31,22.45999999999981,71.15000000000003,1,1,1.0
11760,1,111.43,528.79,41.91999999999999,71.24000000000001,1,1,1.0
11760,2,416.25,533.4,24.24000000000001,59.51999999999998,1,1,1.0
11760,3,621.2,279.21,190.19999999999993,324.61000000000007,1,1,1.0
11760,4,943.7,182.6,241.63999999999987,298.28999999999996,1,1,1.0
11760,5,1165.96,556.21,45.01999999999998,92.14999999999998,1,1,1.0
11760,6,630.51,567.24,65.65999999999997,127.18999999999994,1,1,1.0
11760,7,303.7,521.94,34.27000000000004,59.45999999999992,1,1,1.0
11760,8,1028.34,514.57,42.80000000000018,69.05999999999995,1,1,1.0
11760,9,1113.66,581.84,32.659999999999854,78.39999999999998,1,1,1.0
11760,10,296.99,570.77,32.56,60.80000000000007,1,1,1.0
11760,11,0.0,356.27,135.38,330.14,1,1,1.0
11760,12,699.99,635.42,34.700000000000045,45.870000000000005,1,1,1.0
11760,13,1032.91,618.39,40.5,53.52999999999997,1,1,1.0
11760,14,1135.65,501.6,20.689999999999827,71.13999999999999,1,1,1.0
11765,1,25.5,559.4,43.040000000000006,71.23000000000002,1,1,1.0
11765,2,335.29,561.06,24.25,59.510000000000105,1,1,1.0
11765,3,583.48,253.57,190.19999999999993,324.59999999999997,1,1,1.0
11765,4,945.03,149.22,276.5,336.95000000000005,1,1,1.0
11765,5,1165.96,556.21,45.01999999999998,92.14999999999998,1,1,1.0
11765,6,619.75,556.84,70.14999999999998,134.62,1,1,1.0
11765,7,259.79,549.26,34.25999999999999,59.460000000000036,1,1,1.0
11765,8,1025.51,514.57,42.799999999999955,69.05999999999995,1,1,1.0
11765,9,1158.92,598.88,31.960000000000036,78.39999999999998,1,1,1.0
11765,10,247.71,600.94,32.559999999999974,60.799999999999955,1,1,1.0
11765,11,0.0,491.53,82.59,194.88,1,1,1.0
11765,12,698.31,652.35,34.710000000000036,41.84000000000003,1,1,1.0
11765,13,1048.23,636.37,40.49000000000001,51.57000000000005,1,1,1.0
11765,14,1178.64,498.88,18.919999999999845,71.14999999999998,1,1,1.0
11770,1,-60.44,590.0,44.17999999999999,71.24000000000001,1,1,1.0
11770,2,254.34,588.71,24.23999999999998,59.51999999999998,1,1,1.0
11770,3,508.06,252.06,190.2,324.59999999999997,1,1,1.0
11770,4,946.35,115.85,311.38,375.59000000000003,1,1,1.0
11770,5,1165.96,556.21,45.01999999999998,92.14999999999998,1,1,1.0
11770,6,608.99,546.45,74.63999999999999,142.02999999999997,1,1,1.0
11770,7,215.88,576.58,34.25999999999999,59.44999999999993,1,1,1.0
11770,8,1022.68,514.57,42.80000000000007,69.05999999999995,1,1,1.0
11770,9,1204.17,615.93,31.269999999999982,78.40000000000009,1,1,1.0
11770,10,198.44,631.11,32.56,60.799999999999955,1,1,1.0
11770,11,0.0,626.8,29.8,59.610000000000014,1,1,1.0
11770,12,696.64,669.28,34.700000000000045,37.82000000000005,1,1,1.0
11770,13,1063.55,654.36,40.49000000000001,49.610000000000014,1,1,1.0
11770,14,1221.63,496.17,17.149999999999864,71.13999999999993,1,1,1.0
11775,1,-146.37,620.61,45.30000000000001,71.23000000000002,1,1,1.0
11775,2,173.39,616.37,24.24000000000001,59.50999999999999,1,1,1.0
11775,3,465.83,233.96,190.2,324.5999999999999,1,1,1.0
11775,4,721.6,120.38,311.37,375.59000000000003,1,1,1.0
11775,5,1165.96,556.21,45.01999999999998,92.14999999999998,1,1,1.0
11775,6,598.23,536.06,79.13999999999999,149.44000000000005,1,1,1.0
11775,7,171.97,603.9,34.25999999999999,59.450000000000045,1,1,1.0
11775,8,1019.86,514.57,42.79000000000008,69.05999999999995,1,1,1.0
11775,9,1249.42,632.98,30.579999999999927,78.39999999999998,1,1,1.0
11775,10,149.16,661.28,32.56,60.80000000000007,1,1,1.0
11775,11,0.0,626.8,29.8,59.610000000000014,1,1,1.0
11775,12,694.96,686.21,34.69999999999993,33.789999999999964,1,1,1.0
11775,13,1078.86,672.34,40.5,47.65999999999997,1,1,1.0
11775,14,1264.62,493.45,15.38000000000011,71.14000000000004,1,1,1.0
11780,1,-146.37,620.61,45.30000000000001,71.23000000000002,1,1,1.0
11780,2,173.39,616.37,24.24000000000001,59.50999999999999,1,1,1.0
11780,3,437.17,184.18,190.2,324.59999999999997,1,1,1.0
11780,4,516.45,127.92,311.38,375.59,1,1,1.0
11780,5,1165.96,556.21,45.01999999999998,92.14999999999998,1,1,1.0
11780,6,587.47,525.67,83.63,156.85000000000002,1,1,1.0
11780,7,171.97,603.63,34.81,59.72000000000003,1,1,1.0
11780,8,1017.03,514.57,42.789999999999964,69.05999999999995,1,1,1.0
11780,9,1241.32,628.98,30.580000000000155,78.39999999999998,1,1,1.0
11780,10,149.16,661.28,32.56,60.80000000000007,1,1,1.0
11780,11,0.0,626.8,29.8,59.610000000000014,1,1,1.0
11780,12,625.36,605.4,65.50999999999999,89.38999999999999,1,1,1.0
11780,13,1078.86,672.34,40.5,47.65999999999997,1,1,1.0
11780,14,1264.62,493.45,15.38000000000011,71.14000000000004,1,1,1.0
11785,1,-146.37,620.61,45.30000000000001,71.23000000000002,1,1,1.0
11785,2,173.39,616.37,24.24000000000001,59.50999999999999,1,1,1.0
11785,3,745.64,161.54,208.03999999999996,332.15999999999997,1,1,1.0
11785,4,352.03,102.27,311.38,375.6,1,1,1.0
11785,5,1165.96,556.21,45.01999999999998,92.14999999999998,1,1,1.0
11785,6,576.71,515.28,88.13,164.26999999999998,1,1,1.0
11785,7,171.97,603.36,35.360000000000014,59.99000000000001,1,1,1.0
11785,8,1014.2,514.57,42.789999999999964,69.05999999999995,1,1,1.0
11785,9,1233.21,624.98,30.579999999999927,78.39999999999998,1,1,1.0
11785,10,149.16,661.28,32.56,60.80000000000007,1,1,1.0
11785,11,0.0,626.8,29.8,59.610000000000014,1,1,1.0
11785,12,555.75,524.59,96.32000000000005,144.98000000000002,1,1,1.0
11785,13,1078.86,672.34,40.5,47.65999999999997,1,1,1.0
11785,14,1264.62,493.45,15.38000000000011,71.14000000000004,1,1,1.0
11790,1,-146.37,620.61,45.30000000000001,71.23000000000002,1,1,1.0
11790,2,173.39,616.37,24.24000000000001,59.50999999999999,1,1,1.0
11790,3,1054.12,138.9,225.8800000000001,339.71000000000004,1,1,1.0
11790,4,0.0,143.0,304.4,375.59000000000003,1,1,1.0
11790,5,1165.96,556.21,45.01999999999998,92.14999999999998,1,1,1.0
11790,6,565.95,504.89,92.62,171.68000000000006,1,1,1.0
11790,7,171.97,603.08,35.91,60.26999999999998,1,1,1.0
11790,8,1011.37,514.57,42.80000000000007,69.05999999999995,1,1,1.0
11790,9,1225.11,620.98,30.580000000000155,78.39999999999998,1,1,1.0
11790,10,149.16,661.28,32.56,60.80000000000007,1,1,1.0
11790,11,0.0,626.8,29.8,59.610000000000014,1,1,1.0
11790,12,486.15,443.78,127.13,200.58000000000004,1,1,1.0
11790,13,1078.86,672.34,40.5,47.65999999999997,1,1,1.0
11790,14,1264.62,493.45,15.38000000000011,71.14000000000004,1,1,1.0
11795,1,-146.37,620.61,45.30000000000001,71.23000000000002,1,1,1.0
11795,2,173.39,616.37,24.24000000000001,59.50999999999999,1,1,1.0
11795,3,271.24,202.25,225.88,339.72,1,1,1.0
11795,4,0.0,263.68,224.45,375.59,1,1,1.0
11795,5,1165.96,556.21,45.01999999999998,92.14999999999998,1,1,1.0
11795,6,555.19,494.5,97.1099999999999,179.09000000000003,1,1,1.0
11795,7,171.97,602.81,36.44999999999999,60.54000000000008,1,1,1.0
11795,8,1008.54,514.57,42.799999999999955,69.05999999999995,1,1,1.0
11795,9,1217.01,616.98,30.579999999999927,78.39999999999998,1,1,1.0
11795,10,149.16,661.28,32.56,60.80000000000007,1,1,1.0
11795,11,0.0,626.8,29.8,59.610000000000014,1,1,1.0
11795,12,416.55,362.97,157.93,256.16999999999996,1,1,1.0
11795,13,1078.86,672.34,40.5,47.65999999999997,1,1,1.0
11795,14,1264.62,493.45,15.38000000000011,71.14000000000004,1,1,1.0
11800,1,-146.37,620.61,45.30000000000001,71.23000000000002,1,1,1.0
11800,2,173.39,616.37,24.24000000000001,59.50999999999999,1,1,1.0
11800,3,186.76,250.53,225.89,339.71000000000004,1,1,1.0
11800,4,0.0,468.09,136.98,211.54000000000002,1,1,1.0
11800,5,1165.96,556.21,45.01999999999998,92.14999999999998,1,1,1.0
11800,6,544.43,484.11,101.61000000000001,186.5,1,1,1.0
11800,7,171.97,602.54,37.0,60.81000000000006,1,1,1.0
11800,8,1005.71,514.57,42.799999999999955,69.05999999999995,1,1,1.0
11800,9,1208.9,612.98,30.579999999999927,78.39999999999998,1,1,1.0
11800,10,149.16,661.28,32.56,60.80000000000007,1,1,1.0
11800,11,0.0,626.8,29.8,59.610000000000014,1,1,1.0
11800,12,346.94,282.16,188.75000000000006,311.7699999999999,1,1,1.0
11800,13,1078.86,672.34,40.5,47.65999999999997,1,1,1.0
11800,14,1264.62,493.45,15.38000000000011,71.14000000000004,1,1,1.0
11805,1,-146.37,620.61,45.30000000000001,71.23000000000002,1,1,1.0
11805,2,173.39,616.37,24.24000000000001,59.50999999999999,1,1,1.0
11805,3,241.07,253.54,225.88,339.72,1,1,1.0
11805,4,0.0,672.5,49.5,47.5,1,1,1.0
11805,5,1165.96,556.21,45.01999999999998,92.14999999999998,1,1,1.0
11805,6,533.67,473.72,106.10000000000002,193.91999999999996,1,1,1.0
11805,7,171.97,602.26,37.55000000000001,61.09000000000003,1,1,1.0
11805,8,1002.89,514.57,42.79000000000008,69.05999999999995,1,1,1.0
11805,9,1200.8,608.98,30.580000000000155,78.39999999999998,1,1,1.0
11805,10,149.16,661.28,32.56,60.80000000000007,1,1,1.0
11805,11,0.0,626.8,29.8,59.610000000000014,1,1,1.0
11805,12,277.34,201.35,219.55,367.36,1,1,1.0
11805,13,1078.86,672.34,40.5,47.65999999999997,1,1,1.0
11805,14,1264.62,493.45,15.38000000000011,71.14000000000004,1,1,1.0
11810,1,-146.37,620.61,45.30000000000001,71.23000000000002,1,1,1.0
11810,2,173.39,616.37,24.24000000000001,59.50999999999999,1,1,1.0
11810,3,429.62,261.08,225.89,339.71999999999997,1,1,1.0
11810,4,0.0,672.5,49.5,47.5,1,1,1.0
11810,5,1165.96,556.21,45.01999999999998,92.14999999999998,1,1,1.0
11810,6,522.91,463.32,110.59000000000003,201.33999999999997,1,1,1.0
11810,7,171.97,601.99,38.099999999999994,61.360000000000014,1,1,1.0
11810,8,1000.06,514.57,42.789999999999964,69.05999999999995,1,1,1.0
11810,9,1192.7,604.98,30.579999999999927,78.39999999999998,1,1,1.0
11810,10,149.16,661.28,32.56,60.80000000000007,1,1,1.0
11810,11,0.0,626.8,29.8,59.610000000000014,1,1,1.0
11810,12,207.73,120.54,250.37000000000003,422.96,1,1,1.0
11810,13,1078.86,672.34,40.5,47.65999999999997,1,1,1.0
11810,14,1264.62,493.45,15.38000000000011,71.14000000000004,1,1,1.0
11815,1,-146.37,620.61,45.30000000000001,71.23000000000002,1,1,1.0
11815,2,173.39,616.37,24.24000000000001,59.50999999999999,1,1,1.0
11815,3,851.99,274.66,225.87999999999988,339.71,1,1,1.0
11815,4,0.0,672.5,49.5,47.5,1,1,1.0
11815,5,1165.96,556.21,45.01999999999998,92.14999999999998,1,1,1.0
11815,6,512.15,452.93,115.09000000000003,208.74999999999994,1,1,1.0
11815,7,171.97,601.72,38.650000000000006,61.629999999999995,1,1,1.0
11815,8,1000.0,514.52,42.84999999999991,69.11000000000001,1,1,1.0
11815,9,1184.59,600.98,30.580000000000155,78.39999999999998,1,1,1.0
11815,10,149.16,661.28,32.56,60.80000000000007,1,1,1.0
11815,11,0.0,626.8,29.8,59.610000000000014,1,1,1.0
11815,12,382.71,113.0,250.37000000000006,422.96000000000004,1,1,1.0
11815,13,1078.86,672.34,40.5,47.65999999999997,1,1,1.0
11815,14,1264.62,493.45,15.38000000000011,71.14000000000004,1,1,1.0
11820,1,-146.37,620.61,45.30000000000001,71.23000000000002,1,1,1.0
11820,2,173.39,616.37,24.24000000000001,59.50999999999999,1,1,1.0
11820,3,1076.75,232.42,203.25,339.72,1,1,1.0
11820,4,0.0,672.5,49.5,47.5,1,1,1.0
11820,5,1165.96,556.21,45.01999999999998,92.14999999999998,1,1,1.0
11820,6,501.39,442.54,119.58000000000004,216.16000000000003,1,1,1.0
11820,7,171.97,601.45,39.19999999999999,61.89999999999998,1,1,1.0
11820,8,999.95,514.47,42.899999999999864,69.15999999999997,1,1,1.0
11820,9,1176.49,596.98,30.579999999999927,78.39999999999998,1,1,1.0
11820,10,149.16,661.28,32.56,60.80000000000007,1,1,1.0
11820,11,0.0,626.8,29.8,59.610000000000014,1,1,1.0
11820,12,498.86,126.58,250.37,422.95,1,1,1.0
11820,13,1078.86,672.34,40.5,47.65999999999997,1,1,1.0
11820,14,1264.62,493.45,15.38000000000011,71.14000000000004,1,1,1.0
11825,1,-146.37,620.61,45.30000000000001,71.23000000000002,1,1,1.0
11825,2,173.39,616.37,24.24000000000001,59.50999999999999,1,1,1.0
11825,3,1069.42,262.05,192.90999999999985,318.82,1,1,1.0
11825,4,0.0,672.5,49.5,47.5,1,1,1.0
11825,5,1165.96,556.21,45.01999999999998,92.14999999999998,1,1,1.0
11825,6,490.62,432.15,124.09000000000003,223.58000000000004,1,1,1.0
11825,7,171.97,601.17,39.75,62.180000000000064,1,1,1.0
11825,8,999.89,514.42,42.95999999999992,69.21000000000004,1,1,1.0
11825,9,1168.39,592.98,30.579999999999927,78.39999999999998,1,1,1.0
11825,10,149.16,661.28,32.56,60.80000000000007,1,1,1.0
11825,11,0.0,626.8,29.8,59.610000000000014,1,1,1.0
11825,12,577.3,78.31,250.37,422.95,1,1,1.0
11825,13,1078.86,672.34,40.5,47.65999999999997,1,1,1.0
11825,14,1264.62,493.45,15.38000000000011,71.14000000000004,1,1,1.0
11830,1,-146.37,620.61,45.30000000000001,71.23000000000002,1,1,1.0
11830,2,173.39,616.37,24.24000000000001,59.50999999999999,1,1,1.0
11830,3,1062.1,291.68,182.56000000000017,297.91,1,1,1.0
11830,4,0.0,672.5,49.5,47.5,1,1,1.0
11830,5,1165.96,556.21,45.01999999999998,92.14999999999998,1,1,1.0
11830,6,479.86,421.76,128.58000000000004,230.99,1,1,1.0
11830,7,171.97,600.9,40.30000000000001,62.450000000000045,1,1,1.0
11830,8,999.84,514.36,43.00999999999988,69.26999999999998,1,1,1.0
11830,9,1160.28,588.99,30.579999999999927,78.38999999999999,1,1,1.0
11830,10,149.16,661.28,32.56,60.80000000000007,1,1,1.0
11830,11,0.0,626.8,29.8,59.610000000000014,1,1,1.0
11830,12,637.64,103.95,250.37,422.96,1,1,1.0
11830,13,1078.86,672.34,40.5,47.65999999999997,1,1,1.0
11830,14,1264.62,493.45,15.38000000000011,71.14000000000004,1,1,1.0
11835,1,-146.37,620.61,45.30000000000001,71.23000000000002,1,1,1.0
11835,2,173.39,616.37,24.24000000000001,59.50999999999999,1,1,1.0
11835,3,1054.77,321.3,172.22000000000003,277.02000000000004,1,1,1.0
11835,4,0.0,672.5,49.5,47.5,1,1,1.0
11835,5,1165.96,556.21,45.01999999999998,92.14999999999998,1,1,1.0
11835,6,469.1,411.37,133.06999999999994,238.39999999999998,1,1,1.0
11835,7,171.97,600.63,40.84,62.72000000000003,1,1,1.0
11835,8,999.78,514.31,43.069999999999936,69.32000000000005,1,1,1.0
11835,9,1152.18,584.99,30.579999999999927,78.39999999999998,1,1,1.0
11835,10,149.16,661.28,32.56,60.80000000000007,1,1,1.0
11835,11,0.0,626.8,29.8,59.610000000000014,1,1,1.0
11835,12,687.42,82.83,250.36,422.96000000000004,1,1,1.0
11835,13,1078.86,672.34,40.5,47.65999999999997,1,1,1.0
11835,14,1264.62,493.45,15.38000000000011,71.14000000000004,1,1,1.0
11840,1,-146.37,620.61,45.30000000000001,71.23000000000002,1,1,1.0
11840,2,173.39,616.37,24.24000000000001,59.50999999999999,1,1,1.0
11840,3,1047.45,350.93,161.8699999999999,256.11999999999995,1,1,1.0
11840,4,0.0,672.5,49.5,47.5,1,1,1.0
11840,5,1165.96,556.21,45.01999999999998,92.14999999999998,1,1,1.0
11840,6,458.34,400.98,137.57,245.80999999999995,1,1,1.0
11840,7,171.97,600.36,41.390000000000015,62.99000000000001,1,1,1.0
11840,8,999.72,514.26,43.12999999999988,69.37,1,1,1.0
11840,9,1144.08,580.99,30.570000000000164,78.39999999999998,1,1,1.0
11840,10,149.16,661.28,32.56,60.80000000000007,1,1,1.0
11840,11,0.0,626.8,29.8,59.610000000000014,1,1,1.0
11840,12,690.43,82.83,250.37,422.96000000000004,1,1,1.0
11840,13,1078.86,672.34,40.5,47.65999999999997,1,1,1.0
11840,14,1264.62,493.45,15.38000000000011,71.14000000000004,1,1,1.0
11845,1,-146.37,620.61,45.30000000000001,71.23000000000002,1,1,1.0
11845,2,173.39,616.37,24.24000000000001,59.50999999999999,1,1,1.0
11845,3,1040.12,380.56,151.5300000000002,235.21999999999997,1,1,1.0
11845,4,0.0,672.5,49.5,47.5,1,1,1.0
11845,5,1165.96,556.21,45.01999999999998,92.14999999999998,1,1,1.0
11845,6,447.58,390.59,142.06,253.23000000000008,1,1,1.0
11845,7,171.97,600.08,41.94,63.26999999999998,1,1,1.0
11845,8,999.67,514.21,43.17999999999995,69.41999999999996,1,1,1.0
11845,9,1135.97,576.99,30.579999999999927,78.39999999999998,1,1,1.0
11845,10,149.16,661.28,32.56,60.80000000000007,1,1,1.0
11845,11,0.0,626.8,29.8,59.610000000000014,1,1,1.0
11845,12,661.26,82.83,279.53999999999996,420.96000000000004,1,1,1.0
11845,13,1078.86,672.34,40.5,47.65999999999997,1,1,1.0
11845,14,1264.62,493.45,15.38000000000011,71.14000000000004,1,1,1.0
11850,1,-146.37,620.61,45.30000000000001,71.23000000000002,1,1,1.0
11850,2,173.39,616.37,24.24000000000001,59.50999999999999,1,1,1.0
11850,3,1032.8,410.19,141.18000000000006,214.31,1,1,1.0
11850,4,0.0,672.5,49.5,47.5,1,1,1.0
11850,5,1165.96,556.21,45.01999999999998,92.14999999999998,1,1,1.0
11850,6,436.82,380.2,146.55,260.64000000000004,1,1,1.0
11850,7,171.97,599.81,42.49000000000001,63.54000000000008,1,1,1.0
11850,8,999.61,514.15,43.239999999999895,69.48000000000002,1,1,1.0
11850,9,1127.87,572.99,30.580000000000155,78.39999999999998,1,1,1.0
11850,10,149.16,661.28,32.56,60.80000000000007,1,1,1.0
11850,11,0.0,626.8,29.8,59.610000000000014,1,1,1.0
11850,12,632.08,82.83,308.7199999999999,418.97,1,1,1.0
11850,13,1078.86,672.34,40.5,47.65999999999997,1,1,1.0
11850,14,1264.62,493.45,15.38000000000011,71.14000000000004,1,1,1.0
11855,1,-146.37,620.61,45.30000000000001,71.23000000000002,1,1,1.0
11855,2,173.39,616.37,24.24000000000001,59.50999999999999,1,1,1.0
11855,3,1025.47,439.81,130.83999999999992,193.42000000000002,1,1,1.0
11855,4,0.0,672.5,49.5,47.5,1,1,1.0
11855,5,1165.96,556.21,45.01999999999998,92.14999999999998,1,1,1.0
11855,6,426.06,369.8,151.05,268.06,1,1,1.0
11855,7,171.97,599.54,43.03999999999999,63.81000000000006,1,1,1.0
11855,8,999.56,514.1,43.289999999999964,69.52999999999997,1,1,1.0
11855,9,1119.77,568.99,30.569999999999936,78.39999999999998,1,1,1.0
11855,10,149.16,661.28,32.56,60.80000000000007,1,1,1.0
11855,11,0.0,626.8,29.8,59.610000000000014,1,1,1.0
11855,12,602.9,82.83,337.9,416.97,1,1,1.0
11855,13,1078.86,672.34,40.5,47.65999999999997,1,1,1.0
11855,14,1264.62,493.45,15.38000000000011,71.14000000000004,1,1,1.0
11860,1,-146.37,620.61,45.30000000000001,71.23000000000002,1,1,1.0
11860,2,173.39,616.37,24.24000000000001,59.50999999999999,1,1,1.0
11860,3,1018.15,469.44,120.49000000000012,172.52000000000004,1,1,1.0
11860,4,0.0,672.5,49.5,47.5,1,1,1.0
11860,5,1165.96,556.21,45.01999999999998,92.14999999999998,1,1,1.0
11860,6,415.3,359.41,155.54000000000002,275.47999999999996,1,1,1.0
11860,7,171.97,599.26,43.59,64.09000000000003,1,1,1.0
11860,8,999.5,514.05,43.34999999999991,69.58000000000004,1,1,1.0
11860,9,1111.66,564.99,30.579999999999927,78.39999999999998,1,1,1.0
11860,10,149.16,661.28,32.56,60.80000000000007,1,1,1.0
11860,11,0.0,626.8,29.8,59.610000000000014,1,1,1.0
11860,12,589.3,82.83,351.5,456.17,1,1,1.0
11860,13,1078.86,672.34,40.5,47.65999999999997,1,1,1.0
11860,14,1264.62,493.45,15.38000000000011,71.14000000000004,1,1,1.0
11865,1,-146.37,620.61,45.30000000000001,71.23000000000002,1,1,1.0
11865,2,173.39,616.37,24.24000000000001,59.50999999999999,1,1,1.0
11865,3,1010.82,499.07,110.14999999999998,151.60999999999996,1,1,1.0
11865,4,0.0,672.5,49.5,47.5,1,1,1.0
11865,5,1165.96,556.21,45.01999999999998,92.14999999999998,1,1,1.0
11865,6,404.54,349.02,160.04000000000002,282.89,1,1,1.0
11865,7,171.97,598.99,44.140000000000015,64.36000000000001,1,1,1.0
11865,8,999.45,514.0,43.399999999999864,69.63,1,1,1.0
11865,9,1103.56,560.99,30.580000000000155,78.39999999999998,1,1,1.0
11865,10,149.16,661.28,32.56,60.80000000000007,1,1,1.0
11865,11,0.0,626.8,29.8,59.610000000000014,1,1,1.0
11865,12,559.1,82.83,381.69999999999993,487.87000000000006,1,1,1.0
11865,13,1078.86,672.34,40.5,47.65999999999997,1,1,1.0
11865,14,1264.62,493.45,15.38000000000011,71.14000000000004,1,1,1.0
11870,1,-146.37,620.61,45.30000000000001,71.23000000000002,1,1,1.0
11870,2,173.39,616.37,24.24000000000001,59.50999999999999,1,1,1.0
11870,3,1003.5,528.69,99.79999999999995,130.7199999999999,1,1,1.0
11870,4,0.0,672.5,49.5,47.5,1,1,1.0
11870,5,1165.96,556.21,45.01999999999998,92.14999999999998,1,1,1.0
11870,6,393.78,338.63,164.52999999999997,290.29999999999995,1,1,1.0
11870,7,171.97,598.72,44.68000000000001,64.63,1,1,1.0
11870,8,999.39,513.94,43.45999999999992,69.68999999999994,1,1,1.0
11870,9,1095.46,556.99,30.569999999999936,78.39999999999998,1,1,1.0
11870,10,149.16,661.28,32.56,60.80000000000007,1,1,1.0
11870,11,0.0,626.8,29.8,59.610000000000014,1,1,1.0
11870,12,578.71,70.26,381.69999999999993,487.87,1,1,1.0
11870,13,1078.86,672.34,40.5,47.65999999999997,1,1,1.0
11870,14,1264.62,493.45,15.38000000000011,71.14000000000004,1,1,1.0
11875,1,-146.37,620.61,45.30000000000001,71.23000000000002,1,1,1.0
11875,2,173.39,616.37,24.24000000000001,59.50999999999999,1,1,1.0
11875,3,996.17,558.32,89.46000000000015,109.81999999999994,1,1,1.0
11875,4,0.0,672.5,49.5,47.5,1,1,1.0
11875,5,1165.96,556.21,45.01999999999998,92.14999999999998,1,1,1.0
11875,6,383.02,328.24,169.01999999999998,297.71000000000004,1,1,1.0
11875,7,171.97,598.45,45.22999999999999,64.89999999999998,1,1,1.0
11875,8,999.33,513.89,43.51999999999987,69.74000000000001,1,1,1.0
11875,9,1087.35,552.99,30.580000000000155,78.39999999999998,1,1,1.0
11875,10,149.16,661.28,32.56,60.80000000000007,1,1,1.0
11875,11,0.0,626.8,29.8,59.610000000000014,1,1,1.0
11875,12,598.32,57.69,381.69999999999993,487.86999999999995,1,1,1.0
11875,13,1078.86,672.34,40.5,47.65999999999997,1,1,1.0
11875,14,1264.62,493.45,15.38000000000011,71.14000000000004,1,1,1.0
11880,1,-146.37,620.61,45.30000000000001,71.23000000000002,1,1,1.0
11880,2,173.39,616.37,24.24000000000001,59.50999999999999,1,1,1.0
11880,3,988.85,587.95,79.11000000000001,88.91999999999996,1,1,1.0
11880,4,0.0,672.5,49.5,47.5,1,1,1.0
11880,5,1165.96,556.21,45.01999999999998,92.14999999999998,1,1,1.0
11880,6,372.26,317.85,173.51999999999998,305.13,1,1,1.0
11880,7,171.97,598.17,45.78,65.18000000000006,1,1,1.0
11880,8,999.28,513.84,43.569999999999936,69.78999999999996,1,1,1.0
11880,9,1079.25,548.99,30.579999999999927,78.39999999999998,1,1,1.0
11880,10,149.16,661.28,32.56,60.80000000000007,1,1,1.0
11880,11,0.0,626.8,29.8,59.610000000000014,1,1,1.0
11880,12,617.93,45.12,381.70000000000005,487.87,1,1,1.0
11880,13,1078.86,672.34,40.5,47.65999999999997,1,1,1.0
11880,14,1264.62,493.45,15.38000000000011,71.14000000000004,1,1,1.0
11885,1,-146.37,620.61,45.30000000000001,71.23000000000002,1,1,1.0
11885,2,173.39,616.37,24.24000000000001,59.50999999999999,1,1,1.0
11885,3,981.52,617.57,68.76999999999998,68.01999999999998,1,1,1.0
11885,4,0.0,672.5,49.5,47.5,1,1,1.0
11885,5,1165.96,556.21,45.01999999999998,92.14999999999998,1,1,1.0
11885,6,361.5,307.46,178.01,312.54,1,1,1.0
11885,7,171.97,597.9,46.33000000000001,65.45000000000005,1,1,1.0
11885,8,999.22,513.78,43.62999999999988,69.85000000000002,1,1,1.0
11885,9,1071.15,545.0,30.569999999999936,78.38999999999999,1,1,1.0
11885,10,149.16,661.28,32.56,60.80000000000007,1,1,1.0
11885,11,0.0,626.8,29.8,59.610000000000014,1,1,1.0
11885,12,768.77,47.38,371.03999999999996,487.87,1,1,1.0
11885,13,1078.86,672.34,40.5,47.65999999999997,1,1,1.0
11885,14,1264.62,493.45,15.38000000000011,71.14000000000004,1,1,1.0
11890,1,-146.37,620.61,45.30000000000001,71.23000000000002,1,1,1.0
11890,2,173.39,616.37,24.24000000000001,59.50999999999999,1,1,1.0
11890,3,974.2,647.2,58.419999999999845,47.120000000000005,1,1,1.0
11890,4,0.0,672.5,49.5,47.5,1,1,1.0
11890,5,1165.96,556.21,45.01999999999998,92.14999999999998,1,1,1.0
11890,6,350.74,297.07,182.5,319.95,1,1,1.0
11890,7,464.6,128.77,316.34000000000003,314.35,1,1,1.0
11890,8,999.17,513.73,43.67999999999995,69.89999999999998,1,1,1.0
11890,9,1063.04,541.0,30.579999999999927,78.39999999999998,1,1,1.0
11890,10,149.16,661.28,32.56,60.80000000000007,1,1,1.0
11890,11,0.0,626.8,29.8,59.610000000000014,1,1,1.0
11890,12,919.62,49.65,360.38,487.86,1,1,1.0
11890,13,1078.86,672.34,40.5,47.65999999999997,1,1,1.0
11890,14,1264.62,493.45,15.38000000000011,71.14000000000004,1,1,1.0
11895,1,-146.37,620.61,45.30000000000001,71.23000000000002,1,1,1.0
11895,2,173.39,616.37,24.24000000000001,59.50999999999999,1,1,1.0
11895,3,974.2,647.2,58.419999999999845,47.120000000000005,1,1,1.0
11895,4,0.0,672.5,49.5,47.5,1,1,1.0
11895,5,1165.96,556.21,45.01999999999998,92.14999999999998,1,1,1.0
11895,6,339.98,286.67,187.0,327.36999999999995,1,1,1.0
11895,7,514.38,112.17,341.24,360.39,1,1,1.0
11895,8,999.11,513.68,43.739999999999895,69.95000000000005,1,1,1.0
11895,9,1054.94,537.0,30.579999999999927,78.39999999999998,1,1,1.0
11895,10,149.16,661.28,32.56,60.80000000000007,1,1,1.0
11895,11,0.0,626.8,29.8,59.610000000000014,1,1,1.0
11895,12,1065.16,262.32,214.83999999999992,275.19,1,1,1.0
11895,13,1078.86,672.34,40.5,47.65999999999997,1,1,1.0
11895,14,1264.62,493.45,15.38000000000011,71.14000000000004,1,1,1.0
11900,1,-146.37,620.61,45.30000000000001,71.23000000000002,1,1,1.0
11900,2,173.39,616.37,24.24000000000001,59.50999999999999,1,1,1.0
11900,3,974.2,647.2,58.419999999999845,47.120000000000005,1,1,1.0
11900,4,0.0,672.5,49.5,47.5,1,1,1.0
11900,5,1165.96,556.21,45.01999999999998,92.14999999999998,1,1,1.0
11900,6,329.22,276.28,191.49,334.7900000000001,1,1,1.0
11900,7,564.16,95.58,366.14,406.42,1,1,1.0
11900,8,999.06,513.63,43.789999999999964,70.0,1,1,1.0
11900,9,1046.83,533.0,30.580000000000155,78.39999999999998,1,1,1.0
11900,10,149.16,661.28,32.56,60.80000000000007,1,1,1.0
11900,11,0.0,626.8,29.8,59.610000000000014,1,1,1.0
11900,12,1210.7,475.0,69.29999999999995,62.50999999999999,1,1,1.0
11900,13,1078.86,672.34,40.5,47.65999999999997,1,1,1.0
11900,14,1264.62,493.45,15.38000000000011,71.14000000000004,1,1,1.0
11905,1,-146.37,620.61,45.30000000000001,71.23000000000002,1,1,1.0
11905,2,173.39,616.37,24.24000000000001,59.50999999999999,1,1,1.0
11905,3,974.2,647.2,58.419999999999845,47.120000000000005,1,1,1.0
11905,4,0.0,672.5,49.5,47.5,1,1,1.0
11905,5,1165.96,556.21,45.01999999999998,92.14999999999998,1,1,1.0
11905,6,318.45,265.89,196.00000000000006,342.20000000000005,1,1,1.0
11905,7,551.19,79.89,366.14,406.42,1,1,1.0
11905,8,999.0,513.57,43.84999999999991,70.05999999999995,1,1,1.0
11905,9,1038.73,529.0,30.579999999999927,78.39999999999998,1,1,1.0
11905,10,149.16,661.28,32.56,60.80000000000007,1,1,1.0
11905,11,0.0,626.8,29.8,59.610000000000014,1,1,1.0
11905,12,1186.27,429.74,88.15000000000009,100.38,1,1,1.0
11905,13,1078.86,672.34,40.5,47.65999999999997,1,1,1.0
11905,14,1264.62,493.45,15.38000000000011,71.14000000000004,1,1,1.0
11910,1,-146.37,620.61,45.30000000000001,71.23000000000002,1,1,1.0
11910,2,173.39,616.37,24.24000000000001,59.50999999999999,1,1,1.0
11910,3,974.2,647.2,58.419999999999845,47.120000000000005,1,1,1.0
11910,4,0.0,672.5,49.5,47.5,1,1,1.0
11910,5,1165.96,556.21,45.01999999999998,92.14999999999998,1,1,1.0
11910,6,307.69,255.5,200.49,349.61,1,1,1.0
11910,7,538.22,64.21,366.13,406.41,1,1,1.0
11910,8,998.95,513.52,43.899999999999864,70.11000000000001,1,1,1.0
11910,9,1030.63,525.0,30.579999999999927,78.39999999999998,1,1,1.0
11910,10,149.16,661.28,32.56,60.80000000000007,1,1,1.0
11910,11,0.0,626.8,29.8,59.610000000000014,1,1,1.0
11910,12,1161.83,384.49,107.00999999999999,138.24,1,1,1.0
11910,13,1078.86,672.34,40.5,47.65999999999997,1,1,1.0
11910,14,1264.62,493.45,15.38000000000011,71.14000000000004,1,1,1.0
11915,1,-146.37,620.61,45.30000000000001,71.23000000000002,1,1,1.0
11915,2,173.39,616.37,24.24000000000001,59.50999999999999,1,1,1.0
11915,3,974.2,647.2,58.419999999999845,47.120000000000005,1,1,1.0
11915,4,0.0,672.5,49.5,47.5,1,1,1.0
11915,5,1165.96,556.21,45.01999999999998,92.14999999999998,1,1,1.0
11915,6,296.93,245.11,204.98000000000002,357.02,1,1,1.0
11915,7,525.24,48.52,366.14,406.42,1,1,1.0
11915,8,998.89,513.47,43.95999999999992,70.15999999999997,1,1,1.0
11915,9,1022.52,521.0,30.579999999999927,78.39999999999998,1,1,1.0
11915,10,149.16,661.28,32.56,60.80000000000007,1,1,1.0
11915,11,0.0,626.8,29.8,59.610000000000014,1,1,1.0
11915,12,1137.4,339.23,125.8599999999999,176.11,1,1,1.0
11915,13,1078.86,672.34,40.5,47.65999999999997,1,1,1.0
11915,14,1264.62,493.45,15.38000000000011,71.14000000000004,1,1,1.0
11920,1,-146.37,620.61,45.30000000000001,71.23000000000002,1,1,1.0
11920,2,173.39,616.37,24.24000000000001,59.50999999999999,1,1,1.0
11920,3,974.2,647.2,58.419999999999845,47.120000000000005,1,1,1.0
11920,4,0.0,672.5,49.5,47.5,1,1,1.0
11920,5,1165.96,556.21,45.01999999999998,92.14999999999998,1,1,1.0
11920,6,286.17,234.72,209.47999999999996,364.43999999999994,1,1,1.0
11920,7,512.27,32.83,366.14,406.42,1,1,1.0
11920,8,998.83,513.42,44.01999999999987,70.21000000000004,1,1,1.0
11920,9,1014.42,517.0,30.58000000000004,78.39999999999998,1,1,1.0
11920,10,149.16,661.28,32.56,60.80000000000007,1,1,1.0
11920,11,0.0,626.8,29.8,59.610000000000014,1,1,1.0
11920,12,1112.97,293.98,144.71000000000004,213.96999999999997,1,1,1.0
11920,13,1078.86,672.34,40.5,47.65999999999997,1,1,1.0
11920,14,1264.62,493.45,15.38000000000011,71.14000000000004,1,1,1.0
11925,1,-146.37,620.61,45.30000000000001,71.23000000000002,1,1,1.0
11925,2,173.39,616.37,24.24000000000001,59.50999999999999,1,1,1.0
11925,3,974.2,647.2,58.419999999999845,47.120000000000005,1,1,1.0
11925,4,0.0,672.5,49.5,47.5,1,1,1.0
11925,5,1165.96,556.21,45.01999999999998,92.14999999999998,1,1,1.0
11925,6,275.41,224.33,213.96999999999997,371.8499999999999,1,1,1.0
11925,7,499.3,17.14,366.14000000000004,406.42,1,1,1.0
11925,8,998.78,513.36,44.069999999999936,70.26999999999998,1,1,1.0
11925,9,1006.32,513.0,30.58000000000004,78.39999999999998,1,1,1.0
11925,10,149.16,661.28,32.56,60.80000000000007,1,1,1.0
11925,11,0.0,626.8,29.8,59.610000000000014,1,1,1.0
11925,12,1088.53,248.72,163.56999999999994,251.84,1,1,1.0
11925,13,1078.86,672.34,40.5,47.65999999999997,1,1,1.0
11925,14,1264.62,493.45,15.38000000000011,71.14000000000004,1,1,1.0
11930,1,-146.37,620.61,45.30000000000001,71.23000000000002,1,1,1.0
11930,2,173.39,616.37,24.24000000000001,59.50999999999999,1,1,1.0
11930,3,974.2,647.2,58.419999999999845,47.120000000000005,1,1,1.0
11930,4,0.0,672.5,49.5,47.5,1,1,1.0
11930,5,1165.96,556.21,45.01999999999998,92.14999999999998,1,1,1.0
11930,6,264.65,213.94,218.46000000000004,379.26000000000005,1,1,1.0
11930,7,498.54,50.71,366.13999999999993,406.41,1,1,1.0
11930,8,998.72,513.31,44.12999999999988,70.32000000000005,1,1,1.0
11930,9,998.21,509.0,30.579999999999927,78.39999999999998,1,1,1.0
11930,10,149.16,661.28,32.56,60.80000000000007,1,1,1.0
11930,11,0.0,626.8,29.8,59.610000000000014,1,1,1.0
11930,12,1064.1,203.46,182.42000000000007,289.71000000000004,1,1,1.0
11930,13,1078.86,672.34,40.5,47.65999999999997,1,1,1.0
11930,14,1264.62,493.45,15.38000000000011,71.14000000000004,1,1,1.0
11935,1,-146.37,620.61,45.30000000000001,71.23000000000002,1,1,1.0
11935,2,173.39,616.37,24.24000000000001,59.50999999999999,1,1,1.0
11935,3,974.2,647.2,58.419999999999845,47.120000000000005,1,1,1.0
11935,4,0.0,672.5,49.5,47.5,1,1,1.0
11935,5,1165.96,556.21,45.01999999999998,92.14999999999998,1,1,1.0
11935,6,253.89,203.55,222.96000000000004,386.68,1,1,1.0
11935,7,497.79,84.27,366.13999999999993,406.42,1,1,1.0
11935,8,998.67,513.26,44.17999999999995,70.37,1,1,1.0
11935,9,990.11,505.0,30.58000000000004,78.39999999999998,1,1,1.0
11935,10,149.16,661.28,32.56,60.80000000000007,1,1,1.0
11935,11,0.0,626.8,29.8,59.610000000000014,1,1,1.0
11935,12,1039.67,158.21,201.26999999999998,327.55999999999995,1,1,1.0
11935,13,1078.86,672.34,40.5,47.65999999999997,1,1,1.0
11935,14,1264.62,493.45,15.38000000000011,71.14000000000004,1,1,1.0
11940,1,-146.37,620.61,45.30000000000001,71.23000000000002,1,1,1.0
11940,2,173.39,616.37,24.24000000000001,59.50999999999999,1,1,1.0
11940,3,974.2,647.2,58.419999999999845,47.120000000000005,1,1,1.0
11940,4,0.0,672.5,49.5,47.5,1,1,1.0
11940,5,1165.96,556.21,45.01999999999998,92.14999999999998,1,1,1.0
11940,6,243.13,193.15,227.45,394.1,1,1,1.0
11940,7,497.04,117.83,366.12999999999994,406.42,1,1,1.0
11940,8,998.61,513.21,44.239999999999895,70.41999999999996,1,1,1.0
11940,9,982.01,501.0,30.57000000000005,78.39999999999998,1,1,1.0
11940,10,149.16,661.28,32.56,60.80000000000007,1,1,1.0
11940,11,0.0,626.8,29.8,59.610000000000014,1,1,1.0
11940,12,1015.23,112.95,220.12999999999988,365.43,1,1,1.0
11940,13,1078.86,672.34,40.5,47.65999999999997,1,1,1.0
11940,14,1264.62,493.45,15.38000000000011,71.14000000000004,1,1,1.0
11945,1,-146.37,620.61,45.30000000000001,71.23000000000002,1,1,1.0
11945,2,173.39,616.37,24.24000000000001,59.50999999999999,1,1,1.0
11945,3,974.2,647.2,58.419999999999845,47.120000000000005,1,1,1.0
11945,4,0.0,672.5,49.5,47.5,1,1,1.0
11945,5,1165.96,556.21,45.01999999999998,92.14999999999998,1,1,1.0
11945,6,232.37,182.76,231.95,401.51,1,1,1.0
11945,7,496.28,151.39,366.14,406.41999999999996,1,1,1.0
11945,8,998.56,513.15,44.289999999999964,70.48000000000002,1,1,1.0
11945,9,973.9,497.01,30.58000000000004,78.39999999999998,1,1,1.0
11945,10,149.16,661.28,32.56,60.80000000000007,1,1,1.0
11945,11,0.0,626.8,29.8,59.610000000000014,1,1,1.0
11945,12,990.8,67.7,238.98000000000002,403.29,1,1,1.0
11945,13,1078.86,672.34,40.5,47.65999999999997,1,1,1.0
11945,14,1264.62,493.45,15.38000000000011,71.14000000000004,1,1,1.0
11950,1,-146.37,620.61,45.30000000000001,71.23000000000002,1,1,1.0
11950,2,173.39,616.37,24.24000000000001,59.50999999999999,1,1,1.0
11950,3,974.2,647.2,58.419999999999845,47.120000000000005,1,1,1.0
11950,4,0.0,672.5,49.5,47.5,1,1,1.0
11950,5,1165.96,556.21,45.01999999999998,92.14999999999998,1,1,1.0
11950,6,221.61,172.37,236.44,408.91999999999996,1,1,1.0
11950,7,484.21,75.97,366.14000000000004,406.41999999999996,1,1,1.0
11950,8,998.5,513.1,44.34999999999991,70.52999999999997,1,1,1.0
11950,9,965.8,493.01,30.58000000000004,78.39999999999998,1,1,1.0
11950,10,149.16,661.28,32.56,60.80000000000007,1,1,1.0
11950,11,0.0,626.8,29.8,59.610000000000014,1,1,1.0
11950,12,966.37,22.44,257.83000000000004,441.16,1,1,1.0
11950,13,1078.86,672.34,40.5,47.65999999999997,1,1,1.0
11950,14,1264.62,493.45,15.38000000000011,71.14000000000004,1,1,1.0
11955,1,-146.37,620.61,45.30000000000001,71.23000000000002,1,1,1.0
11955,2,173.39,616.37,24.24000000000001,59.50999999999999,1,1,1.0
11955,3,974.2,647.2,58.419999999999845,47.120000000000005,1,1,1.0
11955,4,0.0,672.5,49.5,47.5,1,1,1.0
11955,5,1165.96,556.21,45.01999999999998,92.14999999999998,1,1,1.0
11955,6,210.85,161.98,240.92999999999998,416.34000000000003,1,1,1.0
11955,7,484.21,121.98,366.14000000000004,406.41999999999996,1,1,1.0
11955,8,923.58,444.28,83.19999999999993,123.44000000000005,1,1,1.0
11955,9,957.7,489.01,30.569999999999936,78.39999999999998,1,1,1.0
11955,10,149.16,661.28,32.56,60.80000000000007,1,1,1.0
11955,11,0.0,626.8,29.8,59.610000000000014,1,1,1.0
11955,12,927.15,161.22,257.83000000000004,441.15999999999997,1,1,1.0
11955,13,1078.86,672.34,40.5,47.65999999999997,1,1,1.0
11955,14,1264.62,493.45,15.38000000000011,71.14000000000004,1,1,1.0
11960,1,-146.37,620.61,45.30000000000001,71.23000000000002,1,1,1.0
11960,2,173.39,616.37,24.24000000000001,59.50999999999999,1,1,1.0
11960,3,974.2,647.2,58.419999999999845,47.120000000000005,1,1,1.0
11960,4,0.0,672.5,49.5,47.5,1,1,1.0
11960,5,1165.96,556.21,45.01999999999998,92.14999999999998,1,1,1.0
11960,6,200.09,151.59,245.42999999999998,423.75,1,1,1.0
11960,7,484.21,167.99,366.14000000000004,406.40999999999997,1,1,1.0
11960,8,848.66,375.46,122.04000000000008,176.36000000000007,1,1,1.0
11960,9,949.59,485.01,30.579999999999927,78.39999999999998,1,1,1.0
11960,10,149.16,661.28,32.56,60.80000000000007,1,1,1.0
11960,11,0.0,626.8,29.8,59.610000000000014,1,1,1.0
11960,12,925.64,198.93,257.83000000000004,441.16,1,1,1.0
11960,13,1078.86,672.34,40.5,47.65999999999997,1,1,1.0
11960,14,1264.62,493.45,15.38000000000011,71.14000000000004,1,1,1.0
11965,1,-146.37,620.61,45.30000000000001,71.23000000000002,1,1,1.0
11965,2,173.39,616.37,24.24000000000001,59.50999999999999,1,1,1.0
11965,3,974.2,647.2,58.419999999999845,47.120000000000005,1,1,1.0
11965,4,0.0,672.5,49.5,47.5,1,1,1.0
11965,5,1165.96,556.21,45.01999999999998,92.14999999999998,1,1,1.0
11965,6,189.33,141.2,249.92,431.16,1,1,1.0
11965,7,486.85,157.43,366.14,406.42,1,1,1.0
11965,8,773.74,306.63,160.89,229.27999999999997,1,1,1.0
11965,9,941.49,481.01,30.58000000000004,78.39999999999998,1,1,1.0
11965,10,149.16,661.28,32.56,60.80000000000007,1,1,1.0
11965,11,0.0,626.8,29.8,59.610000000000014,1,1,1.0
11965,12,925.64,198.93,257.83000000000004,441.16,1,1,1.0
11965,13,1078.86,672.34,40.5,47.65999999999997,1,1,1.0
11965,14,1264.62,493.45,15.38000000000011,71.14000000000004,1,1,1.0
11970,1,-146.37,620.61,45.30000000000001,71.23000000000002,1,1,1.0
11970,2,173.39,616.37,24.24000000000001,59.50999999999999,1,1,1.0
11970,3,974.2,647.2,58.419999999999845,47.120000000000005,1,1,1.0
11970,4,0.0,672.5,49.5,47.5,1,1,1.0
11970,5,1165.96,556.21,45.01999999999998,92.14999999999998,1,1,1.0
11970,6,178.57,130.81,254.41000000000003,438.57,1,1,1.0
11970,7,489.49,146.87,366.14,406.41999999999996,1,1,1.0
11970,8,698.82,237.81,199.7299999999999,282.2,1,1,1.0
11970,9,933.39,477.01,30.57000000000005,78.39999999999998,1,1,1.0
11970,10,149.16,661.28,32.56,60.80000000000007,1,1,1.0
11970,11,0.0,626.8,29.8,59.610000000000014,1,1,1.0
11970,12,925.64,198.93,257.83000000000004,441.16,1,1,1.0
11970,13,1078.86,672.34,40.5,47.65999999999997,1,1,1.0
11970,14,1264.62,493.45,15.38000000000011,71.14000000000004,1,1,1.0
11975,1,-146.37,620.61,45.30000000000001,71.23000000000002,1,1,1.0
11975,2,173.39,616.37,24.24000000000001,59.50999999999999,1,1,1.0
11975,3,974.2,647.2,58.419999999999845,47.120000000000005,1,1,1.0
11975,4,0.0,672.5,49.5,47.5,1,1,1.0
11975,5,1165.96,556.21,45.01999999999998,92.14999999999998,1,1,1.0
11975,6,167.81,120.42,258.91,445.98999999999995,1,1,1.0
11975,7,492.13,136.31,366.14,406.42,1,1,1.0
11975,8,623.9,168.99,238.58000000000004,335.11,1,1,1.0
11975,9,925.28,473.01,30.58000000000004,78.39999999999998,1,1,1.0
11975,10,149.16,661.28,32.56,60.80000000000007,1,1,1.0
11975,11,0.0,626.8,29.8,59.610000000000014,1,1,1.0
11975,12,925.64,198.93,257.83000000000004,441.16,1,1,1.0
11975,13,1078.86,672.34,40.5,47.65999999999997,1,1,1.0
11975,14,1264.62,493.45,15.38000000000011,71.14000000000004,1,1,1.0
11980,1,-146.37,620.61,45.30000000000001,71.23000000000002,1,1,1.0
11980,2,173.39,616.37,24.24000000000001,59.50999999999999,1,1,1.0
11980,3,974.2,647.2,58.419999999999845,47.120000000000005,1,1,1.0
11980,4,0.0,672.5,49.5,47.5,1,1,1.0
11980,5,1165.96,556.21,45.01999999999998,92.14999999999998,1,1,1.0
11980,6,157.04,110.03,263.40999999999997,453.4,1,1,1.0
11980,7,494.77,125.75,366.14,406.41999999999996,1,1,1.0
11980,8,548.99,100.17,277.40999999999997,388.03,1,1,1.0
11980,9,917.18,469.01,30.58000000000004,78.39999999999998,1,1,1.0
11980,10,149.16,661.28,32.56,60.80000000000007,1,1,1.0
11980,11,0.0,626.8,29.8,59.610000000000014,1,1,1.0
11980,12,925.64,198.93,257.83000000000004,441.16,1,1,1.0
11980,13,1078.86,672.34,40.5,47.65999999999997,1,1,1.0
11980,14,1264.62,493.45,15.38000000000011,71.14000000000004,1,1,1.0
11985,1,-146.37,620.61,45.30000000000001,71.23000000000002,1,1,1.0
11985,2,173.39,616.37,24.24000000000001,59.50999999999999,1,1,1.0
11985,3,974.2,647.2,58.419999999999845,47.120000000000005,1,1,1.0
11985,4,0.0,672.5,49.5,47.5,1,1,1.0
11985,5,1165.96,556.21,45.01999999999998,92.14999999999998,1,1,1.0
11985,6,188.61,96.5,267.9,460.82000000000005,1,1,1.0
11985,7,494.77,125.75,366.14,406.41999999999996,1,1,1.0
11985,8,466.02,115.81,292.12,378.62,1,1,1.0
11985,9,909.08,465.01,30.569999999999936,78.39999999999998,1,1,1.0
11985,10,149.16,661.28,32.56,60.80000000000007,1,1,1.0
11985,11,0.0,626.8,29.8,59.610000000000014,1,1,1.0
11985,12,925.64,198.93,257.83000000000004,441.16,1,1,1.0
11985,13,1078.86,672.34,40.5,47.65999999999997,1,1,1.0
11985,14,1264.62,493.45,15.38000000000011,71.14000000000004,1,1,1.0
11990,1,-146.37,620.61,45.30000000000001,71.23000000000002,1,1,1.0
11990,2,173.39,616.37,24.24000000000001,59.50999999999999,1,1,1.0
11990,3,974.2,647.2,58.419999999999845,47.120000000000005,1,1,1.0
11990,4,0.0,672.5,49.5,47.5,1,1,1.0
11990,5,1165.96,556.21,45.01999999999998,92.14999999999998,1,1,1.0
11990,6,220.17,82.97,272.4,468.23,1,1,1.0
11990,7,494.77,125.75,366.14,406.41999999999996,1,1,1.0
11990,8,383.06,131.46,306.82,369.21000000000004,1,1,1.0
11990,9,900.97,461.01,30.579999999999927,78.39999999999998,1,1,1.0
11990,10,149.16,661.28,32.56,60.80000000000007,1,1,1.0
11990,11,0.0,626.8,29.8,59.610000000000014,1,1,1.0
11990,12,925.64,198.93,257.83000000000004,441.16,1,1,1.0
11990,13,1078.86,672.34,40.5,47.65999999999997,1,1,1.0
11990,14,1264.62,493.45,15.38000000000011,71.14000000000004,1,1,1.0
11995,1,-146.37,620.61,45.30000000000001,71.23000000000002,1,1,1.0
11995,2,173.39,616.37,24.24000000000001,59.50999999999999,1,1,1.0
11995,3,974.2,647.2,58.419999999999845,47.120000000000005,1,1,1.0
11995,4,0.0,672.5,49.5,47.5,1,1,1.0
11995,5,1165.96,556.21,45.01999999999998,92.14999999999998,1,1,1.0
11995,6,220.17,82.97,272.4,468.23,1,1,1.0
11995,7,494.77,125.75,366.14,406.41999999999996,1,1,1.0
11995,8,383.06,131.46,306.82,369.21000000000004,1,1,1.0
11995,9,900.97,461.01,30.579999999999927,78.39999999999998,1,1,1.0
11995,10,149.16,661.28,32.56,60.80000000000007,1,1,1.0
11995,11,0.0,626.8,29.8,59.610000000000014,1,1,1.0
11995,12,925.64,198.93,257.83000000000004,441.16,1,1,1.0
11995,13,1078.86,672.34,40.5,47.65999999999997,1,1,1.0
11995,14,1264.62,493.45,15.38000000000011,71.14000000000004,1,1,1.0
