15000,1,645.14,432.53,33.26999999999998,72.32000000000005,1,1,1.0
15000,2,737.71,468.69,41.93999999999994,78.09999999999997,1,1,1.0
15000,3,788.33,484.6,35.870000000000005,77.79999999999995,1,1,1.0
15000,4,1240.8,478.81,36.3900000000001,85.33999999999997,1,1,1.0
15000,5,795.7,590.18,36.01999999999998,90.0200000000001,1,1,1.0
15000,6,898.8,646.5,40.30000000000007,70.96000000000004,1,1,1.0
15005,1,653.82,432.53,33.25999999999999,72.32000000000005,1,1,1.0
15005,2,778.2,481.3,41.94999999999993,66.94,1,1,1.0
15005,3,828.83,493.28,32.16999999999996,67.51999999999998,1,1,1.0
15005,4,1230.07,478.81,47.12000000000012,85.33999999999997,1,1,1.0
15005,5,797.97,618.9,41.629999999999995,74.20000000000005,1,1,1.0
15005,6,919.67,662.3,43.700000000000045,57.700000000000045,1,1,1.0
15010,1,661.76,432.69,32.539999999999964,67.61000000000001,1,1,1.0
15010,2,813.31,484.49,41.940000000000055,78.10000000000002,1,1,1.0
15010,3,858.91,491.06,43.389999999999986,82.44,1,1,1.0
15010,5,807.3,621.2,36.370000000000005,80.8599999999999,1,1,1.0
15010,6,928.6,664.5,43.19999999999993,55.5,1,1,1.0
15015,1,671.19,433.01,35.01999999999998,69.18,1,1,1.0
15015,2,848.49,478.5,41.93999999999994,78.10000000000002,1,1,1.0
15015,3,894.09,496.62,43.389999999999986,82.43999999999994,1,1,1.0
15015,5,800.79,626.82,36.680000000000064,83.27999999999997,1,1,1.0
15015,6,941.3,672.2,42.700000000000045,47.799999999999955,1,1,1.0
15020,1,680.62,433.34,37.5,70.74000000000001,1,1,1.0
15020,2,880.1,490.3,43.799999999999955,71.59999999999997,1,1,1.0
15020,3,922.7,498.3,26.559999999999945,79.59999999999997,1,1,1.0
15020,5,794.28,632.43,36.99000000000001,85.70000000000005,1,1,1.0
15020,6,941.8,672.15,45.930000000000064,47.85000000000002,1,1,1.0
15025,1,688.19,443.0,39.979999999999905,72.30999999999995,1,1,1.0
15025,2,912.08,473.48,41.93999999999994,78.10000000000002,1,1,1.0
15025,3,956.01,504.99,43.389999999999986,82.43999999999994,1,1,1.0
15025,5,768.79,644.93,52.84000000000003,69.86000000000001,1,1,1.0
15025,6,942.3,672.1,49.17000000000007,47.89999999999998,1,1,1.0
15030,1,712.39,430.86,39.98000000000002,72.31,1,1,1.0
15030,2,948.9,478.5,41.940000000000055,78.10000000000002,1,1,1.0
15030,3,972.74,515.03,43.389999999999986,82.44000000000005,1,1,1.0
15030,5,759.04,653.12,45.879999999999995,64.26999999999998,1,1,1.0
15030,6,942.8,672.05,52.40000000000009,47.950000000000045,1,1,1.0
15035,1,727.45,434.21,39.979999999999905,72.31,1,1,1.0
15035,2,965.63,483.52,41.940000000000055,78.10000000000002,1,1,1.0
15035,3,999.52,515.03,43.3900000000001,82.44000000000005,1,1,1.0
15035,5,749.3,661.3,38.90000000000009,58.700000000000045,1,1,1.0
15035,6,943.3,672.0,55.6400000000001,48.0,1,1,1.0
15040,1,426.07,88.44,474.90000000000003,611.4000000000001,1,1,1.0
15045,1,320.4,5.65,545.4200000000001,708.65,1,1,1.0
15050,1,436.5,5.76,441.20000000000005,707.54,1,1,1.0
15055,1,370.5,69.8,564.4,644.8000000000001,1,1,1.0
15060,1,386.54,20.16,557.7,694.9,1,1,1.0
15065,1,475.99,98.77,410.97,573.94,1,1,1.0
15070,1,484.79,38.49,474.81,663.51,1,1,1.0
15075,1,391.4,31.8,471.7900000000001,682.9000000000001,1,1,1.0
15080,1,398.77,25.1,596.53,694.9,1,1,1.0
15085,1,444.23,31.85,463.56999999999994,688.15,1,1,1.0
15090,1,459.69,182.41,419.60999999999996,537.59,1,1,1.0
15095,1,509.06,211.69,377.06,495.28000000000003,1,1,1.0
15100,1,558.43,240.98,334.5,452.97,1,1,1.0
15105,1,817.81,164.0,446.49,556.0,1,1,1.0
15110,1,735.73,191.8,524.8699999999999,528.2,1,1,1.0
15110,7,333.87,210.04,435.1,509.96000000000004,1,1,1.0
15115,1,555.08,125.51,547.32,594.49,1,1,1.0
15115,7,281.99,248.53,435.1,353.09000000000003,1,1,1.0
15120,1,479.69,62.59,529.4100000000001,657.41,1,1,1.0
15120,7,0.0,238.48,352.28,353.1,1,1,1.0
15125,1,456.67,128.42,453.21,591.58,1,1,1.0
15125,7,0.0,238.48,352.28,353.1,1,1,1.0
15130,1,683.93,63.59,334.5100000000001,452.9699999999999,1,1,1.0
15135,1,540.02,35.14,334.5,452.98,1,1,1.0
15140,1,518.2,121.08,493.54999999999995,598.5799999999999,1,1,1.0
15145,1,457.7,112.12,415.15000000000003,607.88,1,1,1.0
15145,8,263.59,171.55,267.75000000000006,272.77,1,1,1.0
15150,1,417.0,95.39,444.29999999999995,624.61,1,1,1.0
15150,8,254.51,204.83,309.32000000000005,501.51,1,1,1.0
15155,1,503.6,88.72,470.0,631.28,1,1,1.0
15155,8,244.0,164.93,316.5,548.6700000000001,1,1,1.0
15160,1,603.61,68.61,455.4899999999999,651.39,1,1,1.0
15160,8,278.3,151.91,343.8,561.19,1,1,1.0
15165,1,474.4,306.4,23.0,47.5,1,1,1.0
15165,8,224.5,355.5,27.0,44.19999999999999,1,1,1.0
15165,9,131.2,393.7,28.600000000000023,45.69999999999999,1,1,1.0
15165,10,559.0,292.75,26.25,66.64999999999998,1,1,1.0
15165,11,587.1,304.0,29.399999999999977,50.69999999999999,1,1,1.0
15165,12,589.0,409.9,33.799999999999955,55.400000000000034,1,1,1.0
15165,13,1057.77,354.0,44.52999999999997,63.89999999999998,1,1,1.0
15165,14,309.9,280.25,24.5,49.75,1,1,1.0
15170,1,477.36,309.28,21.849999999999966,45.700000000000045,1,1,1.0
15170,8,222.35,353.78,28.25,46.47000000000003,1,1,1.0
15170,9,117.23,388.77,32.540000000000006,53.10000000000002,1,1,1.0
15170,10,541.5,308.6,37.5,47.0,1,1,1.0
15170,11,570.25,304.0,31.25,60.80000000000001,1,1,1.0
15170,12,592.98,409.86,32.93999999999994,55.66999999999996,1,1,1.0
15170,13,1055.89,352.12,32.00999999999999,56.379999999999995,1,1,1.0
15170,14,299.68,294.05,33.870000000000005,43.97999999999996,1,1,1.0
15175,1,480.32,312.16,20.69999999999999,43.89999999999998,1,1,1.0
15175,8,220.2,352.07,29.5,48.73000000000002,1,1,1.0
15175,9,103.27,383.85,36.459999999999994,60.47999999999996,1,1,1.0
15175,10,528.38,314.42,37.5,49.47999999999996,1,1,1.0
15175,11,555.25,305.25,31.25,67.5,1,1,1.0
15175,12,596.96,409.82,32.07999999999993,55.94,1,1,1.0
15175,13,1057.36,350.25,31.410000000000082,60.579999999999984,1,1,1.0
15175,14,282.75,289.5,43.25,54.89999999999998,1,1,1.0
15180,1,483.28,315.05,19.54000000000002,42.089999999999975,1,1,1.0
15180,8,218.05,350.35,30.75,51.0,1,1,1.0
15180,9,89.3,378.92,40.39999999999999,67.88,1,1,1.0
15180,10,515.25,320.25,37.5,51.94999999999999,1,1,1.0
15180,11,540.25,310.25,31.25,67.5,1,1,1.0
15180,12,600.94,409.78,31.229999999999905,56.210000000000036,1,1,1.0
15180,13,1058.83,348.37,30.820000000000164,64.80000000000001,1,1,1.0
15180,14,275.5,293.9,48.25,51.55000000000001,1,1,1.0
15185,1,486.24,317.93,18.389999999999986,40.29000000000002,1,1,1.0
15185,8,215.9,348.63,32.0,53.26999999999998,1,1,1.0
15185,9,66.49,374.0,68.75000000000001,77.5,1,1,1.0
15185,10,496.5,319.0,37.5,78.75,1,1,1.0
15185,11,525.25,326.5,31.25,67.5,1,1,1.0
15185,12,604.92,409.74,30.370000000000005,56.48000000000002,1,1,1.0
15185,13,1060.3,346.5,30.220000000000027,69.0,1,1,1.0
15185,14,261.5,294.9,48.30000000000001,51.60000000000002,1,1,1.0
15190,1,489.2,320.81,17.24000000000001,38.49000000000001,1,1,1.0
15190,8,213.75,346.92,33.25,55.52999999999997,1,1,1.0
15190,9,66.49,374.0,31.91000000000001,69.10000000000002,1,1,1.0
15190,10,527.49,311.7,18.00999999999999,27.69999999999999,1,1,1.0
15190,11,509.75,319.49,20.350000000000023,46.06,1,1,1.0
15190,12,608.9,409.7,29.50999999999999,56.75,1,1,1.0
15190,13,1061.85,344.62,29.550000000000182,69.13,1,1,1.0
15190,14,265.6,293.8,22.19999999999999,47.69999999999999,1,1,1.0
15195,1,481.0,320.89,23.980000000000018,41.00999999999999,1,1,1.0
15195,8,211.6,345.2,34.51000000000002,57.80000000000001,1,1,1.0
15195,9,58.79,387.56,38.43,54.96999999999997,1,1,1.0
15195,10,500.88,308.23,26.720000000000027,57.16999999999996,1,1,1.0
15195,11,532.75,302.75,22.649999999999977,50.25,1,1,1.0
15195,12,610.4,410.35,28.950000000000045,55.77999999999997,1,1,1.0
15195,13,1063.4,342.75,28.86999999999989,69.25,1,1,1.0
15195,14,255.9,303.2,29.299999999999983,43.0,1,1,1.0
15200,1,518.5,305.5,18.200000000000045,55.129999999999995,1,1,1.0
15200,8,214.1,352.3,22.200000000000017,49.69999999999999,1,1,1.0
15200,10,485.87,309.48,20.730000000000018,56.41999999999996,1,1,1.0
15200,11,541.5,299.0,17.299999999999955,57.0,1,1,1.0
15200,12,611.9,411.0,28.399999999999977,54.80000000000001,1,1,1.0
15200,13,1058.0,359.7,28.799999999999955,49.900000000000034,1,1,1.0
15200,14,242.2,305.0,26.400000000000034,38.60000000000002,1,1,1.0
15205,1,526.3,316.0,25.020000000000095,45.19,1,1,1.0
15205,8,209.2,341.77,20.0,65.23000000000002,1,1,1.0
15205,10,445.5,320.73,26.620000000000005,53.66999999999996,1,1,1.0
15205,11,550.86,314.8,18.090000000000032,42.610000000000014,1,1,1.0
15205,12,618.5,413.0,22.200000000000045,50.69999999999999,1,1,1.0
15205,13,1058.4,366.7,22.399999999999864,40.30000000000001,1,1,1.0
15205,14,229.9,296.2,19.900000000000006,51.55000000000001,1,1,1.0
15210,1,535.4,315.8,18.33000000000004,43.579999999999984,1,1,1.0
15210,8,202.09,347.23,23.840000000000003,57.16999999999996,1,1,1.0
15210,10,434.2,333.6,19.170000000000016,40.599999999999966,1,1,1.0
15210,11,508.05,319.64,22.439999999999998,47.68000000000001,1,1,1.0
15210,12,618.94,409.35,27.459999999999923,57.23999999999995,1,1,1.0
15210,13,1047.5,357.67,36.819999999999936,68.89999999999998,1,1,1.0
15210,14,213.3,302.2,19.899999999999977,45.52000000000004,1,1,1.0
15215,1,545.77,306.58,27.33000000000004,53.50999999999999,1,1,1.0
15215,8,194.98,352.69,27.689999999999998,49.110000000000014,1,1,1.0
15215,10,407.4,333.82,24.420000000000016,46.98000000000002,1,1,1.0
15215,11,465.24,324.48,26.80000000000001,52.74000000000001,1,1,1.0
15215,12,619.38,405.7,32.72000000000003,63.78000000000003,1,1,1.0
15215,13,1035.2,353.0,24.200000000000045,57.30000000000001,1,1,1.0
15215,14,196.7,308.2,19.900000000000006,39.5,1,1,1.0
15220,1,554.83,313.74,27.339999999999918,55.370000000000005,1,1,1.0
15220,8,186.0,353.48,35.30000000000001,50.41999999999996,1,1,1.0
15220,10,398.1,336.0,22.589999999999975,59.14999999999998,1,1,1.0
15220,11,422.42,329.31,31.159999999999968,57.81999999999999,1,1,1.0
15220,12,619.82,411.4,33.27999999999997,60.960000000000036,1,1,1.0
15220,13,1031.45,355.05,24.59999999999991,60.70999999999998,1,1,1.0
15220,14,185.3,311.0,32.5,38.60000000000002,1,1,1.0
15225,1,563.9,320.89,27.33000000000004,57.24000000000001,1,1,1.0
15225,8,177.02,354.27,40.879999999999995,56.33000000000004,1,1,1.0
15225,10,369.31,334.48,31.420000000000016,57.41999999999996,1,1,1.0
15225,11,409.29,331.78,30.75,56.110000000000014,1,1,1.0
15225,12,620.26,411.9,33.440000000000055,63.35000000000002,1,1,1.0
15225,13,1014.9,350.1,32.870000000000005,62.39999999999998,1,1,1.0
15225,14,158.99,304.0,40.109999999999985,47.5,1,1,1.0
15230,1,563.21,309.65,27.329999999999927,57.24000000000001,1,1,1.0
15230,8,179.46,349.99,37.48999999999998,56.06,1,1,1.0
15230,10,351.96,338.99,29.450000000000045,55.15999999999997,1,1,1.0
15230,11,396.35,333.86,30.349999999999966,54.40999999999997,1,1,1.0
15230,12,623.8,412.3,29.200000000000045,65.44999999999999,1,1,1.0
15230,13,1005.2,352.25,32.37999999999988,56.30000000000001,1,1,1.0
15230,14,150.25,307.3,33.849999999999994,50.14999999999998,1,1,1.0
15235,1,564.8,312.15,27.340000000000032,57.24000000000001,1,1,1.0
15235,8,181.89,345.71,34.110000000000014,55.79000000000002,1,1,1.0
15235,10,334.62,343.5,27.480000000000018,52.89999999999998,1,1,1.0
15235,11,379.82,338.15,31.50999999999999,52.710000000000036,1,1,1.0
15235,12,627.34,412.7,24.959999999999923,67.55000000000001,1,1,1.0
15235,13,995.5,354.4,31.90000000000009,50.200000000000045,1,1,1.0
15235,14,141.5,310.6,27.599999999999994,52.799999999999955,1,1,1.0
15240,1,566.4,314.64,27.33000000000004,57.24000000000001,1,1,1.0
15240,8,178.58,345.7,37.70999999999998,63.160000000000025,1,1,1.0
15240,10,317.1,350.9,21.269999999999982,46.400000000000034,1,1,1.0
15240,11,363.56,344.31,21.439999999999998,51.00999999999999,1,1,1.0
15240,12,634.29,413.93,25.370000000000005,67.94999999999999,1,1,1.0
15240,13,993.95,357.45,26.649999999999977,49.150000000000034,1,1,1.0
15240,14,129.6,319.1,17.30000000000001,44.19999999999999,1,1,1.0
15245,1,566.4,314.6,37.30000000000007,57.27999999999997,1,1,1.0
15245,8,186.34,357.89,20.960000000000008,45.00999999999999,1,1,1.0
15245,10,296.94,359.13,21.360000000000014,47.26999999999998,1,1,1.0
15245,11,346.45,347.06,22.650000000000034,49.31,1,1,1.0
15245,12,641.24,415.16,25.769999999999982,68.34999999999997,1,1,1.0
15245,13,992.4,360.5,21.399999999999977,48.10000000000002,1,1,1.0
15245,14,116.8,324.0,28.440000000000012,34.89999999999998,1,1,1.0
15250,1,573.72,315.78,21.079999999999927,41.120000000000005,1,1,1.0
15250,8,169.82,357.73,33.08000000000001,45.56999999999999,1,1,1.0
15250,10,256.12,361.02,21.680000000000007,48.379999999999995,1,1,1.0
15250,11,315.07,354.07,23.870000000000005,47.610000000000014,1,1,1.0
15250,12,641.37,409.58,37.26999999999998,77.30000000000001,1,1,1.0
15250,13,988.11,350.81,28.860000000000014,60.44999999999999,1,1,1.0
15250,14,93.0,329.6,22.400000000000006,43.39999999999998,1,1,1.0
15255,1,564.44,322.06,29.18999999999994,49.20999999999998,1,1,1.0
15255,8,159.0,354.69,31.889999999999986,55.110000000000014,1,1,1.0
15255,10,209.08,367.47,29.589999999999975,63.559999999999945,1,1,1.0
15255,11,276.4,359.32,34.19,45.900000000000034,1,1,1.0
15255,12,641.51,404.0,48.75,86.25,1,1,1.0
15255,13,971.33,350.21,36.319999999999936,72.80000000000001,1,1,1.0
15255,14,64.63,334.58,28.870000000000005,48.81999999999999,1,1,1.0
15260,1,555.15,328.35,37.30000000000007,57.27999999999997,1,1,1.0
15260,8,144.3,344.16,25.609999999999985,73.13999999999999,1,1,1.0
15260,10,174.25,376.96,39.05000000000001,58.94,1,1,1.0
15260,11,245.29,372.19,30.840000000000003,44.19999999999999,1,1,1.0
15260,12,637.14,413.17,45.200000000000045,78.63,1,1,1.0
15260,13,954.55,349.6,43.780000000000086,85.14999999999998,1,1,1.0
15260,14,34.91,341.22,43.74000000000001,58.75,1,1,1.0
15265,1,525.2,349.6,44.75,57.27999999999997,1,1,1.0
15265,8,119.52,388.02,48.540000000000006,85.32,1,1,1.0
15265,10,194.62,355.73,37.5,78.75999999999999,1,1,1.0
15265,11,537.8,324.0,27.5,42.5,1,1,1.0
15265,12,632.77,422.33,41.64999999999998,71.02000000000004,1,1,1.0
15265,13,937.76,349.0,51.25999999999999,97.5,1,1,1.0
15265,14,99.0,337.75,43.74000000000001,58.75,1,1,1.0
15270,1,527.7,348.35,44.75,57.27999999999997,1,1,1.0
15270,8,93.27,405.52,33.230000000000004,59.379999999999995,1,1,1.0
15270,10,162.12,381.8,37.5,58.94,1,1,1.0
15270,11,506.5,324.0,25.0,73.69999999999999,1,1,1.0
15270,12,628.4,431.5,38.110000000000014,63.39999999999998,1,1,1.0
15270,13,938.1,373.6,39.039999999999964,79.14999999999998,1,1,1.0
15270,14,96.5,366.5,31.5,31.25,1,1,1.0
15275,1,497.7,344.6,44.75000000000006,57.27999999999997,1,1,1.0
15275,8,58.53,360.79,33.269999999999996,68.50999999999999,1,1,1.0
15275,10,109.75,389.21,37.5,72.66000000000003,1,1,1.0
15275,11,472.75,329.0,25.0,73.69999999999999,1,1,1.0
15275,12,612.0,455.6,30.399999999999977,53.099999999999966,1,1,1.0
15275,13,927.72,378.56,29.559999999999945,73.60000000000002,1,1,1.0
15280,1,450.2,360.2,27.600000000000023,50.43000000000001,1,1,1.0
15280,11,435.2,354.1,18.80000000000001,48.599999999999966,1,1,1.0
15280,12,581.1,459.2,31.659999999999968,74.80000000000001,1,1,1.0
15280,13,905.9,400.9,31.860000000000014,65.60000000000002,1,1,1.0
15285,1,425.2,363.35,44.75,57.27999999999997,1,1,1.0
15285,11,403.95,347.75,18.80000000000001,73.69999999999999,1,1,1.0
15285,12,553.8,454.73,40.210000000000036,80.51999999999998,1,1,1.0
15285,13,879.96,392.45,41.549999999999955,81.55000000000001,1,1,1.0
15290,1,401.45,364.6,44.75,57.27999999999997,1,1,1.0
15290,11,375.2,357.75,18.80000000000001,73.69999999999999,1,1,1.0
15290,12,526.5,450.25,48.75999999999999,86.25,1,1,1.0
15290,13,854.01,384.0,51.25,97.5,1,1,1.0
15295,1,375.2,373.35,44.74000000000001,57.27999999999997,1,1,1.0
15295,11,342.7,360.25,25.0,73.69999999999999,1,1,1.0
15295,12,514.0,462.13,48.75999999999999,86.25,1,1,1.0
15295,13,845.26,384.62,51.25,97.50999999999999,1,1,1.0
15295,15,1050.27,372.75,62.5,102.5,1,1,1.0
15300,1,351.45,384.6,44.74000000000001,57.27999999999997,1,1,1.0
15300,11,295.15,365.25,46.30000000000001,73.69999999999999,1,1,1.0
15300,12,501.5,474.0,48.75999999999999,86.25,1,1,1.0
15300,13,836.51,385.25,51.25,97.5,1,1,1.0
15300,15,1030.27,375.25,62.5,102.5,1,1,1.0
15305,1,341.24,376.28,41.75999999999999,59.72000000000003,1,1,1.0
15305,11,284.36,388.5,46.30000000000001,50.77999999999997,1,1,1.0
15305,12,501.0,498.7,28.860000000000014,67.94,1,1,1.0
15305,13,861.1,414.8,36.039999999999964,47.099999999999966,1,1,1.0
15305,15,1031.6,405.82,61.200000000000045,60.48000000000002,1,1,1.0
15310,1,353.28,388.79,22.720000000000027,50.70999999999998,1,1,1.0
15310,11,281.2,393.66,46.30000000000001,52.06,1,1,1.0
15310,12,505.45,488.8,29.96999999999997,68.94999999999999,1,1,1.0
15310,13,859.8,407.7,46.710000000000036,65.5,1,1,1.0
15310,15,1044.77,421.9,45.82999999999993,44.10000000000002,1,1,1.0
15315,1,352.87,385.55,33.25999999999999,66.37,1,1,1.0
15315,11,278.04,398.82,46.299999999999955,53.329999999999984,1,1,1.0
15315,12,516.01,496.59,31.07000000000005,69.96999999999997,1,1,1.0
15315,13,875.03,407.0,48.98000000000002,64.72000000000003,1,1,1.0
15315,15,1042.16,424.74,42.63999999999987,52.06,1,1,1.0
15320,1,365.95,384.61,23.94999999999999,63.69,1,1,1.0
15320,11,292.25,392.54,46.30000000000001,54.599999999999966,1,1,1.0
15320,12,529.04,505.81,32.180000000000064,70.98999999999995,1,1,1.0
15320,13,890.26,401.7,35.940000000000055,68.55000000000001,1,1,1.0
15320,15,1035.7,427.6,47.200000000000045,46.299999999999955,1,1,1.0
15325,1,425.65,392.0,36.30000000000001,81.0,1,1,1.0
15325,11,278.78,391.13,46.30000000000001,55.879999999999995,1,1,1.0
15325,12,501.37,511.77,33.27999999999997,72.00999999999999,1,1,1.0
15325,13,864.12,401.8,37.33000000000004,71.18,1,1,1.0
15325,15,423.31,184.66,300.40000000000003,384.1,1,1,1.0
15330,1,485.36,399.38,48.639999999999986,98.32,1,1,1.0
15330,11,265.3,389.73,46.30000000000001,57.14999999999998,1,1,1.0
15330,12,473.7,517.73,34.389999999999986,73.02999999999997,1,1,1.0
15330,13,837.99,401.89,38.72000000000003,73.81,1,1,1.0
15330,15,430.64,213.9,250.80000000000007,317.68000000000006,1,1,1.0
15335,1,545.06,406.77,60.99000000000001,115.63,1,1,1.0
15335,11,251.83,388.33,46.29999999999998,58.420000000000016,1,1,1.0
15335,12,446.03,523.7,35.49000000000001,74.03999999999996,1,1,1.0
15335,13,811.85,401.99,40.110000000000014,76.44,1,1,1.0
15335,15,425.8,230.93,233.20999999999998,284.86999999999995,1,1,1.0
15340,1,604.77,414.16,73.34000000000003,132.94,1,1,1.0
15340,11,238.36,386.93,46.30000000000001,59.69,1,1,1.0
15340,12,418.36,529.66,36.599999999999966,75.06000000000006,1,1,1.0
15340,13,785.71,402.08,41.50999999999999,79.08000000000004,1,1,1.0
15340,15,424.74,263.49,228.63,280.06999999999994,1,1,1.0
15345,1,664.47,421.54,85.68999999999994,150.25999999999993,1,1,1.0
15345,11,224.88,385.52,46.30000000000001,60.97000000000003,1,1,1.0
15345,12,390.69,535.62,37.69999999999999,76.08000000000004,1,1,1.0
15345,13,759.58,402.18,42.889999999999986,81.70999999999998,1,1,1.0
15345,15,428.51,213.88,224.06000000000006,275.27,1,1,1.0
15350,1,724.18,428.93,98.03000000000009,167.57,1,1,1.0
15350,11,211.41,384.12,46.29999999999998,62.24000000000001,1,1,1.0
15350,12,363.02,541.59,38.81,77.08999999999992,1,1,1.0
15350,13,733.44,402.27,44.289999999999964,84.34000000000003,1,1,1.0
15350,15,428.62,200.9,219.49,270.47,1,1,1.0
15355,1,783.88,436.31,110.38,184.89000000000004,1,1,1.0
15355,11,197.93,382.72,46.29999999999998,63.50999999999999,1,1,1.0
15355,12,335.35,547.55,39.90999999999997,78.11000000000001,1,1,1.0
15355,13,707.3,402.37,45.680000000000064,86.96999999999997,1,1,1.0
15355,15,428.72,187.93,214.91999999999996,265.65999999999997,1,1,1.0
15360,1,843.59,443.7,122.71999999999991,202.2,1,1,1.0
15360,11,184.46,381.32,46.29999999999998,64.78000000000003,1,1,1.0
15360,12,307.68,553.51,41.01999999999998,79.13,1,1,1.0
15360,13,681.16,402.46,47.08000000000004,89.61000000000001,1,1,1.0
15360,15,428.83,174.95,210.34999999999997,260.86,1,1,1.0
15365,1,903.29,451.08,135.06999999999994,219.52000000000004,1,1,1.0
15365,11,170.99,379.92,46.29999999999998,66.06,1,1,1.0
15365,12,280.01,559.48,42.120000000000005,80.13999999999999,1,1,1.0
15365,13,655.03,402.56,48.460000000000036,92.24000000000001,1,1,1.0
15365,15,428.94,161.98,205.77000000000004,256.04999999999995,1,1,1.0
15370,1,963.0,458.47,147.41000000000008,236.82999999999993,1,1,1.0
15370,11,157.51,378.51,46.30000000000001,67.34000000000003,1,1,1.0
15370,12,252.34,565.44,43.22999999999999,81.15999999999997,1,1,1.0
15370,13,628.89,402.65,49.860000000000014,94.87,1,1,1.0
15370,15,429.05,149.0,201.2,251.25,1,1,1.0
15375,1,1022.7,465.85,159.76999999999998,254.14999999999998,1,1,1.0
15375,11,144.04,377.11,46.30000000000001,68.61000000000001,1,1,1.0
15375,12,224.67,571.4,44.33000000000001,82.18000000000006,1,1,1.0
15375,13,602.75,402.75,51.25,97.5,1,1,1.0
15375,15,424.18,164.2,204.98999999999995,258.13,1,1,1.0
15380,1,954.43,406.54,197.93999999999994,292.24999999999994,1,1,1.0
15380,11,130.57,375.71,46.30000000000001,69.88,1,1,1.0
15380,12,197.0,577.36,45.44,83.19999999999993,1,1,1.0
15380,13,579.31,453.37,51.260000000000105,97.50999999999999,1,1,1.0
15380,15,419.31,179.4,208.79000000000002,265.01,1,1,1.0
15385,1,901.45,325.85,159.76,254.14999999999998,1,1,1.0
15385,11,117.09,374.31,46.29999999999998,71.14999999999998,1,1,1.0
15385,12,169.33,583.33,46.53999999999999,84.20999999999992,1,1,1.0
15385,13,555.88,504.0,51.25,97.5,1,1,1.0
15385,15,435.05,172.48,206.25999999999993,260.43000000000006,1,1,1.0
15390,1,858.95,342.1,185.75,263.29999999999995,1,1,1.0
15390,11,103.62,372.9,46.29999999999998,72.43,1,1,1.0
15390,12,141.66,589.29,47.650000000000006,85.24000000000001,1,1,1.0
15390,13,532.44,554.63,51.25,97.5,1,1,1.0
15390,15,437.05,204.49,203.72999999999996,255.83999999999997,1,1,1.0
15395,1,798.95,334.6,159.76,254.14999999999998,1,1,1.0
15395,11,90.14,371.5,46.3,73.69999999999999,1,1,1.0
15395,12,113.99,595.25,48.750000000000014,86.25999999999999,1,1,1.0
15395,13,509.0,605.25,51.25,97.50999999999999,1,1,1.0
15395,15,439.05,236.5,201.2,251.25,1,1,1.0
15400,1,743.57,357.44,159.76999999999998,254.14000000000004,1,1,1.0
15400,11,101.56,346.73,55.22,88.79999999999995,1,1,1.0
15400,12,123.6,567.07,48.56,84.33999999999992,1,1,1.0
15400,13,510.39,591.89,50.01999999999998,95.88,1,1,1.0
15400,15,400.92,235.25,201.2,251.25,1,1,1.0
15405,1,610.3,362.0,179.66000000000008,248.0,1,1,1.0
15405,11,112.98,321.97,64.13000000000001,103.89999999999998,1,1,1.0
15405,12,133.21,538.88,48.370000000000005,82.44000000000005,1,1,1.0
15405,13,511.79,578.53,48.769999999999925,94.25999999999999,1,1,1.0
15405,15,362.8,234.0,201.2,251.25,1,1,1.0
15410,1,582.69,285.85,159.76999999999998,254.14999999999998,1,1,1.0
15410,11,124.39,297.2,73.05999999999999,119.0,1,1,1.0
15410,12,142.82,510.7,48.170000000000016,80.52000000000004,1,1,1.0
15410,13,513.18,565.17,47.54000000000008,92.63,1,1,1.0
15410,15,368.68,220.59,201.2,251.24999999999997,1,1,1.0
15415,1,539.78,218.33,159.76999999999998,254.14000000000001,1,1,1.0
15415,11,135.81,272.43,81.97,134.09999999999997,1,1,1.0
15415,12,152.43,482.52,47.97999999999999,78.61000000000001,1,1,1.0
15415,13,514.58,551.81,46.299999999999955,91.0100000000001,1,1,1.0
15415,15,316.55,182.75,201.2,251.25,1,1,1.0
15420,1,584.5,205.0,159.76999999999998,254.14999999999998,1,1,1.0
15420,11,147.23,247.67,90.88000000000002,149.20000000000002,1,1,1.0
15420,12,162.04,454.33,47.78,76.70999999999998,1,1,1.0
15420,13,515.97,538.45,45.059999999999945,89.38,1,1,1.0
15420,15,364.88,183.17,201.20000000000005,251.25000000000003,1,1,1.0
15425,1,629.22,191.67,159.76999999999998,254.15,1,1,1.0
15425,11,158.65,222.9,99.79999999999998,164.29999999999998,1,1,1.0
15425,12,171.65,426.15,47.59,74.79000000000002,1,1,1.0
15425,13,517.36,525.09,43.83000000000004,87.75999999999999,1,1,1.0
15425,15,413.22,183.59,201.19999999999993,251.24999999999997,1,1,1.0
15430,1,673.94,178.35,159.76999999999998,254.14000000000001,1,1,1.0
15430,11,170.06,198.13,108.71999999999997,179.39999999999998,1,1,1.0
15430,12,181.26,397.96,47.400000000000006,72.89000000000004,1,1,1.0
15430,13,518.76,511.73,42.59000000000003,86.13,1,1,1.0
15430,15,461.55,184.0,201.2,251.25,1,1,1.0
15435,1,657.07,145.85,159.76,254.14000000000001,1,1,1.0
15435,11,181.48,173.37,117.64000000000001,194.5,1,1,1.0
15435,12,190.87,369.78,47.19999999999999,70.97000000000003,1,1,1.0
15435,13,520.15,498.38,41.35000000000002,84.5,1,1,1.0
15435,15,458.43,157.75,201.19,251.25,1,1,1.0
15440,1,640.19,113.35,159.76999999999998,254.14000000000001,1,1,1.0
15440,11,192.9,148.6,126.54999999999998,209.6,1,1,1.0
15440,12,200.48,341.59,47.01000000000002,69.07000000000005,1,1,1.0
15440,13,521.54,485.02,40.120000000000005,82.87,1,1,1.0
15440,15,455.3,131.5,201.2,251.25,1,1,1.0
15445,1,611.49,148.59,159.76,254.14000000000001,1,1,1.0
15445,11,204.31,123.83,135.46999999999997,224.7,1,1,1.0
15445,12,210.09,313.41,46.809999999999974,67.14999999999998,1,1,1.0
15445,13,522.94,471.66,38.86999999999989,81.24999999999994,1,1,1.0
15445,15,400.3,107.75,201.2,251.25,1,1,1.0
15450,1,641.44,178.35,159.76999999999998,254.14000000000001,1,1,1.0
15450,11,215.73,99.07,144.39000000000001,239.79000000000002,1,1,1.0
15450,12,219.7,285.22,46.620000000000005,65.25,1,1,1.0
15450,13,524.33,458.3,37.639999999999986,79.61999999999995,1,1,1.0
15450,15,457.8,159.0,201.2,251.25,1,1,1.0
15455,1,778.0,256.27,159.76,254.15000000000003,1,1,1.0
15455,11,227.15,74.3,153.29999999999998,254.89999999999998,1,1,1.0
15455,12,229.31,257.04,46.43000000000001,63.339999999999975,1,1,1.0
15455,13,525.73,444.94,36.39999999999998,78.00000000000006,1,1,1.0
15455,15,515.3,210.25,201.20000000000005,251.25,1,1,1.0
15460,1,891.45,252.1,159.76999999999998,254.15,1,1,1.0
15460,11,238.56,49.53,162.23000000000002,270.0,1,1,1.0
15460,12,238.92,228.85,46.22999999999999,61.42999999999998,1,1,1.0
15460,13,527.12,431.58,35.15999999999997,76.37,1,1,1.0
15460,15,552.18,196.5,201.20000000000005,251.25,1,1,1.0
15465,1,987.08,354.6,159.75999999999988,254.14999999999998,1,1,1.0
15465,11,249.98,24.77,171.14000000000001,285.09000000000003,1,1,1.0
15465,12,248.53,200.67,46.03999999999999,59.52000000000001,1,1,1.0
15465,13,528.51,418.22,33.930000000000064,74.75,1,1,1.0
15465,15,589.05,182.75,201.20000000000005,251.25,1,1,1.0
15470,1,1082.7,457.1,159.76999999999998,254.14999999999998,1,1,1.0
15470,11,261.4,0.0,180.05,300.2,1,1,1.0
15470,12,258.14,172.48,45.84000000000003,57.610000000000014,1,1,1.0
15470,13,529.91,404.86,32.690000000000055,73.12,1,1,1.0
15470,15,676.56,315.26,201.20000000000005,251.25,1,1,1.0
15475,1,423.9,438.4,43.60000000000002,86.60000000000002,1,1,1.0
15475,11,255.4,372.5,39.79999999999998,64.0,1,1,1.0
15475,12,267.75,144.3,45.64999999999998,55.69999999999999,1,1,1.0
15475,13,531.3,391.5,31.450000000000045,71.5,1,1,1.0
15475,15,329.0,423.7,33.19999999999999,69.80000000000001,1,1,1.0
15475,16,458.25,216.66,34.14999999999998,57.73999999999998,1,1,1.0
15475,17,549.0,227.74,32.89999999999998,57.75999999999999,1,1,1.0
15475,18,501.2,578.2,44.80000000000001,68.19999999999993,1,1,1.0
15475,19,678.0,535.4,32.5,66.89999999999998,1,1,1.0
15480,1,446.06,443.74,42.05000000000001,83.52999999999997,1,1,1.0
15480,11,257.27,376.96,42.879999999999995,63.24000000000001,1,1,1.0
15480,12,272.12,146.67,46.43000000000001,56.20000000000002,1,1,1.0
15480,13,516.4,393.5,41.35000000000002,76.87,1,1,1.0
15480,15,332.13,434.09,42.870000000000005,76.92000000000002,1,1,1.0
15480,16,449.83,223.69,38.94,63.360000000000014,1,1,1.0
15480,17,547.75,238.58,39.01999999999998,66.41999999999999,1,1,1.0
15480,18,503.59,590.76,54.44999999999999,78.38,1,1,1.0
15480,19,673.61,544.18,46.25,77.10000000000002,1,1,1.0
15485,1,468.21,449.08,40.5,80.46999999999997,1,1,1.0
15485,11,259.14,381.42,45.960000000000036,62.47999999999996,1,1,1.0
15485,12,276.5,149.03,47.19999999999999,56.72,1,1,1.0
15485,13,501.5,395.5,51.25,82.25,1,1,1.0
15485,15,335.27,444.48,52.53000000000003,84.02999999999997,1,1,1.0
15485,16,441.4,230.72,43.73000000000002,68.97999999999999,1,1,1.0
15485,17,546.5,249.41,45.139999999999986,75.09,1,1,1.0
15485,18,505.99,603.32,64.10000000000002,88.55999999999995,1,1,1.0
15485,19,669.22,552.95,60.0,87.29999999999995,1,1,1.0
15490,1,477.65,457.15,57.30000000000007,100.35000000000002,1,1,1.0
15490,11,273.34,380.81,37.910000000000025,63.06,1,1,1.0
15490,12,280.87,151.4,47.98000000000002,57.22,1,1,1.0
15490,13,496.15,396.25,42.85000000000002,72.12,1,1,1.0
15490,15,347.13,451.94,53.47000000000003,79.19999999999999,1,1,1.0
15490,16,419.94,237.74,52.39999999999998,71.56,1,1,1.0
15490,17,545.25,260.25,51.25,83.75,1,1,1.0
15490,18,515.25,609.0,50.85000000000002,98.75999999999999,1,1,1.0
15490,19,657.24,570.12,61.5,80.75,1,1,1.0
15495,1,505.1,464.8,33.89999999999998,65.80000000000001,1,1,1.0
15495,11,287.55,380.2,29.849999999999966,63.639999999999986,1,1,1.0
15495,12,285.25,155.8,48.75,55.69,1,1,1.0
15495,13,490.8,397.0,34.44999999999999,62.0,1,1,1.0
15495,15,359.0,459.4,54.39999999999998,74.36000000000001,1,1,1.0
15495,16,407.13,255.41,39.49000000000001,62.25000000000003,1,1,1.0
15495,17,549.3,265.25,35.120000000000005,71.44999999999999,1,1,1.0
15495,18,533.03,626.45,44.22000000000003,85.38999999999999,1,1,1.0
15495,19,659.52,579.96,53.48000000000002,80.69999999999993,1,1,1.0
15500,1,512.0,454.1,45.60000000000002,83.06999999999994,1,1,1.0
15500,11,293.15,374.06,42.48000000000002,70.67000000000002,1,1,1.0
15500,12,294.0,156.75,38.39999999999998,60.78999999999999,1,1,1.0
15500,13,486.65,389.94,37.25,67.92000000000002,1,1,1.0
15500,15,360.36,468.9,49.39999999999998,67.48000000000002,1,1,1.0
15500,16,382.44,266.8,42.75999999999999,63.39999999999998,1,1,1.0
15500,17,536.15,281.12,36.190000000000055,66.73000000000002,1,1,1.0
15500,18,550.8,643.9,37.60000000000002,72.01999999999998,1,1,1.0
15500,19,661.8,589.8,45.450000000000045,80.66000000000008,1,1,1.0
15505,1,518.9,443.4,57.30000000000007,100.35000000000002,1,1,1.0
15505,11,297.86,378.47,45.839999999999975,54.42999999999995,1,1,1.0
15505,12,302.75,163.47,36.72000000000003,60.110000000000014,1,1,1.0
15505,13,482.5,382.88,40.049999999999955,73.82999999999998,1,1,1.0
15505,15,380.4,465.3,38.400000000000034,73.69999999999999,1,1,1.0
15505,16,365.54,271.6,48.89999999999998,68.04999999999995,1,1,1.0
15505,17,523.0,297.0,37.25,62.0,1,1,1.0
15505,18,546.5,631.5,73.75,88.5,1,1,1.0
15505,19,652.6,599.8,48.90999999999997,80.46000000000004,1,1,1.0
15510,1,539.6,453.65,43.89999999999998,89.07000000000005,1,1,1.0
15510,11,297.17,379.18,48.15999999999997,60.24000000000001,1,1,1.0
15510,12,311.5,170.18,35.02999999999997,59.44,1,1,1.0
15510,13,488.81,386.28,42.849999999999966,79.75,1,1,1.0
15510,15,378.5,469.35,44.25,80.35000000000002,1,1,1.0
15510,16,350.27,287.0,46.25,63.110000000000014,1,1,1.0
15510,17,503.25,307.19,40.75,67.43,1,1,1.0
15510,18,589.7,669.0,44.299999999999955,51.0,1,1,1.0
15510,19,654.17,619.7,54.110000000000014,80.42999999999995,1,1,1.0
15515,1,560.3,463.9,30.5,77.80000000000007,1,1,1.0
15515,11,296.48,379.88,50.46999999999997,66.07,1,1,1.0
15515,12,320.25,176.9,33.35000000000002,58.75999999999999,1,1,1.0
15515,13,495.12,389.69,45.64999999999998,85.67000000000002,1,1,1.0
15515,15,376.6,473.4,50.099999999999966,87.0,1,1,1.0
15515,16,335.0,302.4,43.589999999999975,58.170000000000016,1,1,1.0
15515,17,483.5,317.37,44.25,72.88,1,1,1.0
15515,18,612.0,675.4,35.75,44.60000000000002,1,1,1.0
15515,19,655.74,639.6,59.309999999999945,80.39999999999998,1,1,1.0
15520,1,564.6,461.15,43.89999999999998,89.07000000000005,1,1,1.0
15520,11,295.79,380.59,52.789999999999964,71.88000000000005,1,1,1.0
15520,12,329.0,169.2,41.05000000000001,72.5,1,1,1.0
15520,13,501.44,393.09,48.44999999999999,91.59000000000003,1,1,1.0
15520,15,387.1,491.5,39.599999999999966,85.70000000000005,1,1,1.0
15520,16,308.85,306.95,51.81999999999999,64.07999999999998,1,1,1.0
15520,17,463.75,327.56,47.75,78.31,1,1,1.0
15520,18,618.8,672.5,42.700000000000045,47.5,1,1,1.0
15520,19,679.9,642.5,39.60000000000002,77.5,1,1,1.0
15525,1,568.9,458.4,57.30000000000007,100.35000000000002,1,1,1.0
15525,11,295.1,381.3,55.099999999999966,77.69999999999999,1,1,1.0
15525,12,337.75,161.49,48.75,86.25,1,1,1.0
15525,13,507.75,396.5,51.25,97.5,1,1,1.0
15525,15,372.8,481.5,91.19,112.50999999999999,1,1,1.0
15525,16,282.7,311.5,60.05000000000001,70.0,1,1,1.0
15525,17,444.0,337.75,51.25,83.75,1,1,1.0
15525,18,639.5,675.6,39.60000000000002,44.39999999999998,1,1,1.0
15525,19,701.5,652.6,38.0,67.39999999999998,1,1,1.0
15530,1,580.78,459.65,46.42000000000007,94.14999999999998,1,1,1.0
15530,11,299.79,372.86,30.310000000000002,62.24000000000001,1,1,1.0
15530,12,355.87,192.5,44.129999999999995,58.370000000000005,1,1,1.0
15530,13,520.88,388.95,48.91999999999996,88.18,1,1,1.0
15530,15,388.7,502.2,35.400000000000034,87.69999999999999,1,1,1.0
15530,16,265.2,325.5,52.30000000000001,56.0,1,1,1.0
15530,17,419.62,333.37,51.25999999999999,83.75,1,1,1.0
15530,18,659.88,681.4,45.82000000000005,38.60000000000002,1,1,1.0
15530,19,722.13,660.6,32.57000000000005,58.14999999999998,1,1,1.0
15535,1,592.66,460.9,35.54000000000008,84.80000000000007,1,1,1.0
15535,11,304.48,364.42,38.56999999999999,67.39999999999998,1,1,1.0
15535,12,374.0,192.6,34.80000000000001,61.390000000000015,1,1,1.0
15535,13,534.0,381.4,46.60000000000002,78.85000000000002,1,1,1.0
15535,15,380.8,503.77,40.97999999999996,90.18000000000006,1,1,1.0
15535,16,264.8,334.76,46.05000000000001,70.04000000000002,1,1,1.0
15535,17,395.25,329.0,51.25,83.75,1,1,1.0
15535,18,680.26,687.2,52.039999999999964,32.799999999999955,1,1,1.0
15535,19,742.76,665.6,44.24000000000001,51.89999999999998,1,1,1.0
15540,1,607.23,456.71,29.029999999999973,83.87000000000006,1,1,1.0
15540,11,309.16,355.99,46.839999999999975,72.53999999999996,1,1,1.0
15540,12,386.5,190.0,27.30000000000001,56.49000000000001,1,1,1.0
15540,13,553.7,390.0,24.399999999999977,62.120000000000005,1,1,1.0
15540,15,372.9,505.35,46.55000000000001,92.65999999999997,1,1,1.0
15540,16,262.62,335.44,45.44,66.06,1,1,1.0
15540,17,398.3,341.0,42.56999999999999,69.25,1,1,1.0
15540,18,716.8,686.1,42.60000000000002,33.27999999999997,1,1,1.0
15540,19,773.9,657.8,41.60000000000002,59.08000000000004,1,1,1.0
15545,1,623.2,465.5,32.69999999999993,75.75,1,1,1.0
15545,11,313.85,347.55,55.099999999999966,77.69999999999999,1,1,1.0
15545,12,401.9,187.5,27.0,51.49000000000001,1,1,1.0
15545,13,561.9,378.3,48.35000000000002,65.69999999999999,1,1,1.0
15545,15,371.32,515.96,53.579999999999984,74.93999999999994,1,1,1.0
15545,16,260.44,336.13,44.829999999999984,62.06999999999999,1,1,1.0
15545,17,384.0,339.9,51.25,67.85000000000002,1,1,1.0
15545,18,733.0,680.6,53.50999999999999,38.14999999999998,1,1,1.0
15545,19,786.2,661.58,57.809999999999945,58.41999999999996,1,1,1.0
15550,1,634.45,468.1,32.69999999999993,75.01999999999998,1,1,1.0
15550,11,329.18,354.15,45.71999999999997,71.92000000000002,1,1,1.0
15550,12,421.85,197.05,24.149999999999977,46.44999999999999,1,1,1.0
15550,13,582.6,378.3,38.98000000000002,65.69999999999999,1,1,1.0
15550,15,377.71,525.13,43.04000000000002,70.91999999999996,1,1,1.0
15550,16,258.27,336.81,44.22000000000003,58.089999999999975,1,1,1.0
15550,17,384.71,344.05,42.56,60.01999999999998,1,1,1.0
15550,18,766.0,692.6,38.57000000000005,27.399999999999977,1,1,1.0
15550,19,827.2,678.4,45.559999999999945,41.60000000000002,1,1,1.0
15555,1,645.7,470.7,32.69999999999993,74.30000000000001,1,1,1.0
15555,11,344.5,360.75,36.339999999999975,66.14999999999998,1,1,1.0
15555,12,441.8,206.6,21.30000000000001,41.400000000000006,1,1,1.0
15555,13,603.3,378.3,29.600000000000023,65.69999999999999,1,1,1.0
15555,15,384.1,534.3,32.5,66.90000000000009,1,1,1.0
15555,16,256.09,337.5,43.610000000000014,54.10000000000002,1,1,1.0
15555,17,385.43,348.2,33.870000000000005,52.19999999999999,1,1,1.0
15555,18,792.79,690.59,40.33000000000004,29.409999999999968,1,1,1.0
15555,19,846.6,672.0,54.90999999999997,48.0,1,1,1.0
15560,1,653.24,480.91,36.75999999999999,76.60999999999996,1,1,1.0
15560,11,340.62,368.36,40.10000000000002,68.45999999999998,1,1,1.0
15560,12,448.47,209.25,26.789999999999964,50.370000000000005,1,1,1.0
15560,13,615.23,387.5,29.569999999999936,66.30000000000001,1,1,1.0
15560,15,379.34,551.28,38.460000000000036,70.23000000000002,1,1,1.0
15560,16,253.91,340.8,46.900000000000006,57.27999999999997,1,1,1.0
15560,17,386.14,350.36,36.19999999999999,55.039999999999964,1,1,1.0
15560,18,881.31,498.77,39.190000000000055,78.02999999999997,1,1,1.0
15560,19,863.34,674.55,57.60000000000002,45.450000000000045,1,1,1.0
15565,1,660.78,491.12,40.82000000000005,78.91999999999996,1,1,1.0
15565,11,336.74,375.97,43.849999999999966,70.76999999999998,1,1,1.0
15565,12,455.14,211.9,32.29000000000002,59.34,1,1,1.0
15565,13,627.15,396.7,29.550000000000068,66.90000000000003,1,1,1.0
15565,15,374.58,568.26,44.420000000000016,73.56000000000006,1,1,1.0
15565,16,251.73,344.1,50.190000000000026,60.45999999999998,1,1,1.0
15565,17,386.86,352.52,38.51999999999998,57.879999999999995,1,1,1.0
15565,18,891.81,531.09,41.110000000000014,77.5,1,1,1.0
15565,19,920.93,667.71,60.30000000000007,52.289999999999964,1,1,1.0
15570,1,668.32,501.34,44.879999999999995,81.21999999999997,1,1,1.0
15570,11,332.86,383.58,47.599999999999966,73.08000000000004,1,1,1.0
15570,12,449.76,217.66,37.29000000000002,61.58000000000001,1,1,1.0
15570,13,630.87,397.47,35.35000000000002,69.85999999999996,1,1,1.0
15570,15,369.82,585.24,50.379999999999995,76.89999999999998,1,1,1.0
15570,16,249.56,347.4,53.46999999999997,63.64000000000004,1,1,1.0
15570,17,387.57,354.68,40.85000000000002,60.71999999999997,1,1,1.0
15570,18,893.13,544.18,43.02999999999997,76.97000000000003,1,1,1.0
15570,19,978.53,660.86,62.98000000000002,59.139999999999986,1,1,1.0
15575,1,675.85,511.55,48.94999999999993,83.53000000000003,1,1,1.0
15575,11,328.98,391.19,51.349999999999966,75.38999999999999,1,1,1.0
15575,12,444.38,223.43,42.30000000000001,63.81,1,1,1.0
15575,13,634.58,398.23,41.15999999999997,72.83999999999997,1,1,1.0
15575,15,365.06,602.22,56.339999999999975,80.23000000000002,1,1,1.0
15575,16,247.38,350.7,56.75999999999999,66.82,1,1,1.0
15575,17,388.28,356.84,43.18000000000001,63.56,1,1,1.0
15575,18,896.97,565.04,44.94999999999993,76.44000000000005,1,1,1.0
15575,19,1036.12,654.01,65.68000000000006,65.99000000000001,1,1,1.0
15580,1,683.39,521.76,53.00999999999999,85.84000000000003,1,1,1.0
15580,11,325.1,398.8,55.099999999999966,77.69999999999999,1,1,1.0
15580,12,439.0,229.2,47.30000000000001,66.05000000000001,1,1,1.0
15580,13,638.3,399.0,46.960000000000036,75.80000000000001,1,1,1.0
15580,15,360.3,619.2,62.30000000000001,83.55999999999995,1,1,1.0
15580,16,245.2,354.0,60.05000000000001,70.0,1,1,1.0
15580,17,389.0,359.0,45.5,66.39999999999998,1,1,1.0
15580,18,886.83,603.17,46.870000000000005,75.91000000000008,1,1,1.0
15580,19,730.21,636.08,68.36000000000001,74.13999999999999,1,1,1.0
15585,1,688.21,528.73,54.07999999999993,89.47000000000003,1,1,1.0
15585,11,314.79,406.93,55.099999999999966,77.69999999999999,1,1,1.0
15585,12,435.25,234.15,47.660000000000025,71.1,1,1,1.0
15585,13,638.0,403.17,47.66999999999996,79.40999999999997,1,1,1.0
15585,15,362.35,633.2,55.299999999999955,78.17999999999995,1,1,1.0
15585,16,242.49,354.0,60.05000000000001,70.0,1,1,1.0
15585,17,393.37,359.0,46.94,70.74000000000001,1,1,1.0
15585,18,890.64,625.28,48.789999999999964,75.38,1,1,1.0
15585,19,907.73,635.5,71.05999999999995,79.61000000000001,1,1,1.0
15590,1,693.02,535.71,55.15999999999997,93.08999999999992,1,1,1.0
15590,11,304.48,415.05,55.099999999999966,77.69999999999999,1,1,1.0
15590,12,431.5,239.1,48.02999999999997,76.15,1,1,1.0
15590,13,637.7,407.33,48.389999999999986,83.04000000000002,1,1,1.0
15590,15,364.4,647.2,48.30000000000001,72.79999999999995,1,1,1.0
15590,16,239.78,354.0,60.04999999999998,70.0,1,1,1.0
15590,17,397.75,359.0,48.370000000000005,75.07,1,1,1.0
15590,18,880.77,632.15,50.710000000000036,74.85000000000002,1,1,1.0
15590,19,1085.25,634.92,73.75,85.08000000000004,1,1,1.0
15595,1,697.84,542.68,56.219999999999914,96.72000000000003,1,1,1.0
15595,11,294.16,423.18,55.099999999999966,77.69999999999999,1,1,1.0
15595,12,427.75,244.05,48.389999999999986,81.19999999999999,1,1,1.0
15595,13,637.4,411.5,49.110000000000014,86.64999999999998,1,1,1.0
15595,15,349.05,667.0,53.55000000000001,53.0,1,1,1.0
15595,16,237.07,354.0,60.05000000000001,70.0,1,1,1.0
15595,17,402.12,359.0,49.81999999999999,79.41000000000003,1,1,1.0
15595,18,879.21,655.05,52.629999999999995,64.95000000000005,1,1,1.0
15595,19,1096.34,644.82,94.38000000000011,75.17999999999995,1,1,1.0
15600,1,702.66,549.65,57.29000000000008,100.35000000000002,1,1,1.0
15600,11,283.85,431.3,55.099999999999966,77.69999999999999,1,1,1.0
15600,12,424.0,248.99,48.75,86.25999999999999,1,1,1.0
15600,13,637.1,415.67,49.819999999999936,90.26999999999998,1,1,1.0
15600,15,331.55,680.2,66.64999999999998,39.799999999999955,1,1,1.0
15600,16,234.37,354.0,60.04000000000002,70.0,1,1,1.0
15600,17,406.5,359.0,51.25,83.75,1,1,1.0
15600,18,869.9,692.3,41.52999999999997,27.700000000000045,1,1,1.0
15600,19,1107.43,654.72,115.00999999999999,65.27999999999997,1,1,1.0
15605,1,711.1,568.96,57.289999999999964,100.33999999999992,1,1,1.0
15605,11,275.1,438.18,55.099999999999966,77.69999999999999,1,1,1.0
15605,12,412.75,278.0,40.05000000000001,61.620000000000005,1,1,1.0
15605,13,636.81,419.83,50.530000000000086,93.89000000000004,1,1,1.0
15605,15,334.67,688.34,72.78999999999996,31.659999999999968,1,1,1.0
15605,16,231.66,354.0,60.03999999999999,70.0,1,1,1.0
15605,17,415.86,370.04,51.25,66.81,1,1,1.0
15605,18,852.34,696.99,44.75,23.00999999999999,1,1,1.0
15605,19,1093.62,615.36,106.6400000000001,64.85000000000002,1,1,1.0
15610,1,709.9,570.58,57.30000000000007,100.34999999999991,1,1,1.0
15610,11,266.35,445.05,55.099999999999966,77.69999999999999,1,1,1.0
15610,12,401.5,257.75,48.75,86.25,1,1,1.0
15610,13,636.51,424.0,51.25,97.5,1,1,1.0
15610,15,337.8,696.48,78.92000000000002,23.519999999999982,1,1,1.0
15610,16,228.95,354.0,60.05000000000001,70.0,1,1,1.0
15610,17,406.95,371.44,51.19999999999999,70.13999999999999,1,1,1.0
15610,18,763.1,676.76,46.049999999999955,28.07000000000005,1,1,1.0
15610,19,1079.82,575.99,98.25,64.42999999999995,1,1,1.0
15615,1,719.87,580.52,45.76999999999998,81.55000000000007,1,1,1.0
15615,11,241.35,450.05,55.099999999999994,77.69999999999999,1,1,1.0
15615,12,397.2,280.8,40.80000000000001,65.30000000000001,1,1,1.0
15615,13,636.05,433.91,40.85000000000002,78.19,1,1,1.0
15615,15,340.92,704.62,85.06,15.379999999999995,1,1,1.0
15615,16,223.55,358.1,39.849999999999966,62.77999999999997,1,1,1.0
15615,17,408.08,372.86,51.23000000000002,66.19,1,1,1.0
15615,18,673.87,656.54,47.34000000000003,33.120000000000005,1,1,1.0
15615,19,1066.02,536.63,89.87000000000012,64.0,1,1,1.0
15620,1,698.48,563.8,43.90999999999997,82.79000000000008,1,1,1.0
15620,11,153.85,592.55,55.099999999999994,77.70000000000005,1,1,1.0
15620,12,252.6,185.25,288.9,398.75,1,1,1.0
15620,13,660.91,452.26,57.389999999999986,90.99000000000001,1,1,1.0
15620,15,344.05,712.75,91.19,7.25,1,1,1.0
15620,16,122.7,449.0,60.040000000000006,70.0,1,1,1.0
15620,17,536.5,704.01,51.25,15.990000000000009,1,1,1.0
15620,18,584.63,636.32,48.639999999999986,38.16999999999996,1,1,1.0
15620,19,1052.22,497.27,81.48000000000002,63.57000000000005,1,1,1.0
15625,1,677.09,547.09,42.049999999999955,84.02999999999997,1,1,1.0
15625,11,192.87,557.96,51.49000000000001,77.70999999999992,1,1,1.0
15625,12,309.73,199.11,250.52999999999997,342.71000000000004,1,1,1.0
15625,13,685.77,470.61,73.93000000000006,103.78999999999996,1,1,1.0
15625,15,358.42,707.85,90.52999999999997,9.100000000000023,1,1,1.0
15625,16,115.36,439.72,55.72000000000001,69.27999999999997,1,1,1.0
15625,17,543.2,696.21,51.25,17.409999999999968,1,1,1.0
15625,18,495.39,616.1,49.940000000000055,43.22000000000003,1,1,1.0
15625,19,1038.41,457.91,73.1099999999999,63.13999999999993,1,1,1.0
15630,1,655.7,530.37,40.18999999999994,85.26999999999998,1,1,1.0
15630,11,231.9,523.37,47.87999999999997,77.72000000000003,1,1,1.0
15630,12,331.28,193.88,212.16000000000008,286.66,1,1,1.0
15630,13,710.63,488.96,90.47000000000003,116.58999999999997,1,1,1.0
15630,15,372.79,702.95,89.87,10.949999999999932,1,1,1.0
15630,16,108.03,430.44,51.379999999999995,68.56,1,1,1.0
15630,17,549.9,688.41,51.25,18.82000000000005,1,1,1.0
15630,18,406.15,595.87,51.24000000000001,48.27999999999997,1,1,1.0
15630,19,1024.61,418.55,64.73000000000002,62.70999999999998,1,1,1.0
15635,1,634.32,513.65,38.319999999999936,86.51999999999998,1,1,1.0
15635,11,270.92,488.78,44.27999999999997,77.72000000000003,1,1,1.0
15635,12,322.8,165.5,215.8,408.5,1,1,1.0
15635,13,735.48,507.3,107.01999999999998,129.41000000000003,1,1,1.0
15635,15,387.15,698.04,89.22000000000003,12.81000000000006,1,1,1.0
15635,16,100.7,421.15,47.040000000000006,67.85000000000002,1,1,1.0
15635,17,556.59,680.61,51.25,20.24000000000001,1,1,1.0
15635,18,316.92,575.65,52.52999999999997,53.34000000000003,1,1,1.0
15635,19,1010.81,379.19,56.340000000000146,62.28000000000003,1,1,1.0
15640,1,612.93,496.93,36.47000000000003,87.77000000000004,1,1,1.0
15640,11,309.95,454.18,40.670000000000016,77.73999999999995,1,1,1.0
15640,12,322.54,191.12,163.43,293.17,1,1,1.0
15640,13,760.34,525.65,123.55999999999995,142.21000000000004,1,1,1.0
15640,15,401.52,693.14,88.55000000000001,14.659999999999968,1,1,1.0
15640,16,93.37,411.87,42.71000000000001,67.13,1,1,1.0
15640,17,563.29,672.81,51.25,21.660000000000082,1,1,1.0
15640,18,227.68,555.43,53.829999999999984,58.3900000000001,1,1,1.0
15640,19,997.01,339.82,47.960000000000036,61.860000000000014,1,1,1.0
15645,1,591.54,480.22,34.610000000000014,89.0,1,1,1.0
15645,11,348.97,419.59,37.059999999999945,77.74000000000001,1,1,1.0
15645,12,289.74,202.34,252.83000000000004,313.73,1,1,1.0
15645,13,785.2,544.0,140.0999999999999,155.01,1,1,1.0
15645,15,415.89,688.24,87.88999999999999,16.50999999999999,1,1,1.0
15645,16,86.03,402.58,38.379999999999995,66.42000000000002,1,1,1.0
15645,17,569.99,665.02,51.25,23.07000000000005,1,1,1.0
15645,18,138.44,535.21,55.129999999999995,63.43999999999994,1,1,1.0
15645,19,983.2,300.46,39.57999999999993,61.43000000000001,1,1,1.0
15650,1,570.15,463.5,32.75,90.25,1,1,1.0
15650,11,388.0,385.0,33.44999999999999,77.75,1,1,1.0
15650,12,309.0,346.5,58.69999999999999,62.5,1,1,1.0
15650,13,668.95,614.2,38.25,84.79999999999995,1,1,1.0
15650,15,430.26,683.33,87.23000000000002,18.370000000000005,1,1,1.0
15650,16,78.7,393.3,34.03999999999999,65.69999999999999,1,1,1.0
15650,17,576.68,657.22,51.260000000000105,24.480000000000018,1,1,1.0
15650,18,49.21,514.98,56.419999999999995,68.5,1,1,1.0
15650,19,969.4,261.1,31.200000000000045,61.0,1,1,1.0
15655,1,541.23,475.1,41.39999999999998,77.92999999999995,1,1,1.0
15655,11,361.27,391.53,44.27000000000004,77.73000000000002,1,1,1.0
15655,12,261.27,356.62,58.700000000000045,62.5,1,1,1.0
15655,13,639.27,619.3,44.039999999999964,80.43000000000006,1,1,1.0
15655,15,444.63,678.43,86.57000000000005,20.220000000000027,1,1,1.0
15655,16,39.35,394.77,35.79,67.85000000000002,1,1,1.0
15655,17,583.38,649.42,51.25,25.90000000000009,1,1,1.0
15655,18,0.0,516.43,60.8,68.49000000000001,1,1,1.0
15655,19,930.35,266.2,35.5,56.60000000000002,1,1,1.0
15660,1,512.3,486.7,50.06000000000006,65.59999999999997,1,1,1.0
15660,11,334.53,398.07,55.10000000000002,77.69999999999999,1,1,1.0
15660,12,213.54,366.75,58.70000000000002,62.5,1,1,1.0
15660,13,609.6,624.4,49.82999999999993,76.05000000000007,1,1,1.0
15660,15,459.0,673.53,85.90999999999997,22.07000000000005,1,1,1.0
15660,16,0.0,396.23,37.53,70.0,1,1,1.0
15660,17,590.08,641.62,51.25,27.32000000000005,1,1,1.0
15660,18,22.78,512.15,60.8,68.49000000000001,1,1,1.0
15660,19,891.3,271.3,39.80000000000007,52.19999999999999,1,1,1.0
15665,1,484.8,489.6,41.400000000000034,78.61000000000001,1,1,1.0
15665,11,309.94,403.85,55.10000000000002,77.69999999999999,1,1,1.0
15665,12,135.44,362.41,58.69999999999999,62.5,1,1,1.0
15665,13,569.2,627.3,49.729999999999905,84.72000000000003,1,1,1.0
15665,15,473.37,668.62,85.24000000000001,23.92999999999995,1,1,1.0
15665,16,18.61,400.99,37.53,70.0,1,1,1.0
15665,17,596.78,633.82,51.25,28.739999999999895,1,1,1.0
15665,18,45.56,507.86,60.8,68.5,1,1,1.0
15665,19,826.2,272.7,57.19999999999993,65.30000000000001,1,1,1.0
15670,1,450.11,486.67,57.289999999999964,100.33999999999997,1,1,1.0
15670,11,288.25,399.51,55.10000000000002,77.69999999999999,1,1,1.0
15670,12,81.93,376.87,58.69999999999999,62.5,1,1,1.0
15670,13,546.0,634.5,41.110000000000014,68.84000000000003,1,1,1.0
15670,15,487.73,663.72,84.59000000000003,25.779999999999973,1,1,1.0
15670,16,37.22,405.75,37.53,69.99000000000001,1,1,1.0
15670,17,603.47,626.03,51.25,30.139999999999986,1,1,1.0
15670,18,68.34,503.58,60.79999999999998,68.49000000000007,1,1,1.0
15670,19,800.2,279.9,55.69999999999993,66.76000000000005,1,1,1.0
15675,1,419.74,495.34,57.289999999999964,100.35000000000008,1,1,1.0
15675,11,263.66,398.79,55.099999999999966,77.69999999999999,1,1,1.0
15675,12,19.74,376.9,39.86,61.03000000000003,1,1,1.0
15675,13,511.3,631.6,45.44,88.39999999999998,1,1,1.0
15675,15,502.1,658.82,83.92999999999995,27.629999999999995,1,1,1.0
15675,16,55.82,410.5,37.54,70.0,1,1,1.0
15675,17,610.17,618.23,51.25,31.559999999999945,1,1,1.0
15675,18,91.12,499.3,60.79999999999998,68.48999999999995,1,1,1.0
15675,19,764.0,278.5,35.5,71.06,1,1,1.0
15680,1,389.36,495.34,57.289999999999964,100.35000000000008,1,1,1.0
15680,11,239.07,398.07,55.10000000000002,77.69999999999999,1,1,1.0
15680,12,48.58,372.19,40.3,61.06,1,1,1.0
15680,13,473.69,620.04,61.35999999999996,99.96000000000004,1,1,1.0
15680,15,516.47,653.91,83.26999999999998,29.49000000000001,1,1,1.0
15680,16,74.43,415.26,37.52999999999999,70.0,1,1,1.0
15680,17,616.87,610.43,51.25,32.98000000000002,1,1,1.0
15680,18,113.9,495.01,60.79999999999998,68.5,1,1,1.0
15680,19,717.8,284.28,42.700000000000045,76.92000000000002,1,1,1.0
15685,1,372.01,492.45,57.29000000000002,100.34999999999997,1,1,1.0
15685,11,223.16,403.13,55.099999999999994,77.69999999999999,1,1,1.0
15685,12,77.43,367.48,40.739999999999995,61.089999999999975,1,1,1.0
15685,13,449.1,611.36,61.35999999999996,99.96000000000004,1,1,1.0
15685,15,530.84,649.01,82.60000000000002,31.340000000000032,1,1,1.0
15685,16,93.04,420.01,37.52999999999999,70.0,1,1,1.0
15685,17,623.56,602.63,51.260000000000105,34.389999999999986,1,1,1.0
15685,18,136.68,490.73,60.78999999999999,68.49000000000001,1,1,1.0
15685,19,675.82,284.28,73.07999999999993,79.74000000000001,1,1,1.0
15690,1,343.08,501.13,57.29000000000002,100.35000000000002,1,1,1.0
15690,11,207.25,408.19,55.110000000000014,77.69999999999999,1,1,1.0
15690,12,106.27,362.76,41.17999999999999,61.129999999999995,1,1,1.0
15690,13,421.62,611.36,61.360000000000014,99.96000000000004,1,1,1.0
15690,15,545.21,644.11,81.93999999999994,33.18999999999994,1,1,1.0
15690,16,111.65,424.77,37.53,70.0,1,1,1.0
15690,17,630.26,594.83,51.25,35.809999999999945,1,1,1.0
15690,18,159.46,486.45,60.78999999999999,68.49000000000007,1,1,1.0
15690,19,646.9,295.8,49.930000000000064,60.99000000000001,1,1,1.0
15695,1,333.69,503.31,50.76999999999998,98.17000000000002,1,1,1.0
15695,11,194.24,406.02,55.099999999999994,77.70000000000005,1,1,1.0
15695,12,135.12,358.05,41.620000000000005,61.15999999999997,1,1,1.0
15695,13,402.81,624.38,49.79000000000002,86.22000000000003,1,1,1.0
15695,15,559.58,639.2,81.27999999999997,35.049999999999955,1,1,1.0
15695,16,130.25,429.53,37.53999999999999,69.99000000000001,1,1,1.0
15695,17,636.96,587.04,51.25,37.22000000000003,1,1,1.0
15695,18,182.24,482.16,60.78999999999999,68.49999999999994,1,1,1.0
15695,19,616.55,291.5,49.190000000000055,62.39999999999998,1,1,1.0
15700,1,324.3,505.5,44.25,95.98000000000002,1,1,1.0
15700,11,181.22,403.85,55.099999999999994,77.69999999999999,1,1,1.0
15700,12,163.96,353.34,42.06,61.200000000000045,1,1,1.0
15700,13,384.0,637.4,38.23000000000002,72.48000000000002,1,1,1.0
15700,15,573.94,634.3,80.63,36.90000000000009,1,1,1.0
15700,16,148.86,434.28,37.52999999999997,70.0,1,1,1.0
15700,17,643.66,579.24,51.25,38.639999999999986,1,1,1.0
15700,18,205.02,477.88,60.78999999999999,68.49000000000001,1,1,1.0
15700,19,586.2,287.2,48.43999999999994,63.80000000000001,1,1,1.0
15705,1,307.42,504.53,48.599999999999966,97.43000000000006,1,1,1.0
15705,11,168.2,401.68,55.10000000000002,77.69999999999999,1,1,1.0
15705,12,192.81,348.63,42.49000000000001,61.23000000000002,1,1,1.0
15705,13,359.42,631.61,45.94,81.63999999999999,1,1,1.0
15705,15,588.31,629.4,79.97000000000003,38.75,1,1,1.0
15705,16,167.47,439.04,37.53,70.0,1,1,1.0
15705,17,650.35,571.44,51.25,40.049999999999955,1,1,1.0
15705,18,227.8,473.6,60.789999999999964,68.49000000000001,1,1,1.0
15705,19,519.62,291.51,73.08000000000004,79.74000000000001,1,1,1.0
15710,1,290.54,503.55,52.94,98.89000000000004,1,1,1.0
15710,11,155.19,399.51,55.099999999999994,77.69999999999999,1,1,1.0
15710,12,221.66,343.91,42.92999999999998,61.26999999999998,1,1,1.0
15710,13,334.84,625.82,53.64000000000004,90.80999999999995,1,1,1.0
15710,15,602.68,624.49,79.30000000000007,40.610000000000014,1,1,1.0
15710,16,186.08,443.8,37.53,69.98999999999995,1,1,1.0
15710,17,657.05,563.64,51.25,41.47000000000003,1,1,1.0
15710,18,250.58,469.31,60.78999999999999,68.49999999999994,1,1,1.0
15710,19,492.86,293.68,73.08000000000004,79.74000000000001,1,1,1.0
15715,1,273.66,502.58,57.289999999999964,100.33999999999997,1,1,1.0
15715,11,152.4,398.27,55.099999999999994,77.70000000000005,1,1,1.0
15715,12,250.5,339.2,43.370000000000005,61.30000000000001,1,1,1.0
15715,13,310.26,620.04,61.35000000000002,99.96000000000004,1,1,1.0
15715,15,617.05,619.59,78.6400000000001,42.45999999999992,1,1,1.0
15715,16,204.68,448.55,37.53999999999999,69.99999999999994,1,1,1.0
15715,17,663.75,555.84,51.25,42.889999999999986,1,1,1.0
15715,18,273.36,465.03,60.789999999999964,68.49000000000001,1,1,1.0
15715,19,466.11,295.85,73.06999999999994,79.73999999999995,1,1,1.0
15720,1,295.99,501.83,56.70999999999998,100.13000000000005,1,1,1.0
15720,11,149.61,397.03,55.099999999999994,77.70000000000005,1,1,1.0
15720,12,279.35,334.49,43.799999999999955,61.329999999999984,1,1,1.0
15720,13,281.33,618.59,61.35000000000002,99.95999999999992,1,1,1.0
15720,15,631.42,614.69,77.98000000000002,44.309999999999945,1,1,1.0
15720,16,223.29,453.31,37.53999999999999,69.99999999999994,1,1,1.0
15720,17,670.44,548.05,51.25999999999999,44.30000000000007,1,1,1.0
15720,18,296.14,460.75,60.79000000000002,68.49000000000001,1,1,1.0
15720,19,474.8,287.9,44.900000000000034,74.70000000000005,1,1,1.0
15725,1,318.33,501.08,56.120000000000005,99.92000000000002,1,1,1.0
15725,11,146.82,395.79,55.099999999999994,77.69999999999999,1,1,1.0
15725,12,308.19,329.78,44.25,61.360000000000014,1,1,1.0
15725,13,300.58,615.42,60.85000000000002,99.19000000000005,1,1,1.0
15725,15,645.79,609.78,77.32000000000005,46.17000000000007,1,1,1.0
15725,16,241.9,458.06,37.53,69.99999999999994,1,1,1.0
15725,17,677.14,540.25,51.25,45.710000000000036,1,1,1.0
15725,18,318.92,456.46,60.789999999999964,68.50000000000006,1,1,1.0
15725,19,195.6,100.6,397.1,544.0,1,1,1.0
15730,1,340.67,500.33,55.52999999999997,99.69999999999999,1,1,1.0
15730,11,144.03,394.55,55.099999999999994,77.69999999999999,1,1,1.0
15730,12,337.04,325.06,44.68000000000001,61.410000000000025,1,1,1.0
15730,13,319.82,612.25,60.360000000000014,98.40999999999997,1,1,1.0
15730,15,660.16,604.88,76.64999999999998,48.01999999999998,1,1,1.0
15730,16,260.51,462.82,37.53000000000003,70.00000000000006,1,1,1.0
15730,17,683.84,532.45,51.25,47.129999999999995,1,1,1.0
15730,18,341.69,452.18,60.80000000000001,68.48999999999995,1,1,1.0
15730,19,199.71,101.4,388.54999999999995,533.9200000000001,1,1,1.0
15735,1,363.01,499.58,54.94,99.49000000000007,1,1,1.0
15735,11,141.24,393.31,55.099999999999994,77.69999999999999,1,1,1.0
15735,12,365.89,320.35,45.120000000000005,61.44,1,1,1.0
15735,13,339.07,609.08,59.85000000000002,97.63,1,1,1.0
15735,15,674.52,599.98,76.0,49.870000000000005,1,1,1.0
15735,16,279.11,467.58,37.539999999999964,69.99000000000007,1,1,1.0
15735,17,690.54,524.65,51.25,48.55000000000007,1,1,1.0
15735,18,364.47,447.9,60.799999999999955,68.49000000000001,1,1,1.0
15735,19,203.82,102.21,380.01000000000005,523.8299999999999,1,1,1.0
15740,1,385.35,498.83,54.349999999999966,99.27000000000004,1,1,1.0
15740,11,138.45,392.07,55.10000000000002,77.69999999999999,1,1,1.0
15740,12,394.73,315.64,45.56,61.47000000000003,1,1,1.0
15740,13,358.32,605.91,59.35000000000002,96.85000000000002,1,1,1.0
15740,15,688.89,595.07,75.34000000000003,51.729999999999905,1,1,1.0
15740,16,297.72,472.33,37.539999999999964,70.00000000000006,1,1,1.0
15740,17,697.23,516.85,51.25,49.97000000000003,1,1,1.0
15740,18,387.25,443.61,60.80000000000001,68.5,1,1,1.0
15740,19,207.93,103.01,371.46,513.75,1,1,1.0
15745,1,407.68,498.08,53.76999999999998,99.06,1,1,1.0
15745,11,135.66,390.83,55.099999999999994,77.69999999999999,1,1,1.0
15745,12,423.58,310.93,45.99000000000001,61.5,1,1,1.0
15745,13,377.57,602.74,58.85000000000002,96.06999999999994,1,1,1.0
15745,15,703.26,590.17,74.68000000000006,53.58000000000004,1,1,1.0
15745,16,316.33,477.09,37.53000000000003,70.00000000000006,1,1,1.0
15745,17,703.93,509.05,51.25,51.37999999999994,1,1,1.0
15745,18,410.03,439.33,60.80000000000001,68.49000000000001,1,1,1.0
15745,19,212.04,103.81,362.9200000000001,503.67,1,1,1.0
15750,1,430.02,497.33,53.18000000000001,98.84999999999997,1,1,1.0
15750,11,132.87,389.59,55.099999999999994,77.70000000000005,1,1,1.0
15750,12,452.42,306.21,46.44,61.54000000000002,1,1,1.0
15750,13,396.81,599.57,58.35000000000002,95.28999999999996,1,1,1.0
15750,15,717.63,585.27,74.01999999999998,55.430000000000064,1,1,1.0
15750,16,334.94,481.84,37.53000000000003,70.00000000000006,1,1,1.0
15750,17,710.63,501.26,51.25,52.789999999999964,1,1,1.0
15750,18,432.81,435.05,60.80000000000001,68.49000000000001,1,1,1.0
15750,19,216.15,104.62,354.37,493.58000000000004,1,1,1.0
15755,1,452.36,496.58,52.589999999999975,98.63000000000005,1,1,1.0
15755,11,130.08,388.35,55.099999999999994,77.69999999999999,1,1,1.0
15755,12,481.27,301.5,46.870000000000005,61.56999999999999,1,1,1.0
15755,13,416.06,596.39,57.85000000000002,94.52999999999997,1,1,1.0
15755,15,732.0,580.36,73.35000000000002,57.289999999999964,1,1,1.0
15755,16,353.54,486.6,37.539999999999964,70.0,1,1,1.0
15755,17,717.32,493.46,51.25999999999999,54.20999999999998,1,1,1.0
15755,18,455.59,430.76,60.80000000000001,68.5,1,1,1.0
15755,19,220.26,105.42,345.83000000000004,483.49999999999994,1,1,1.0
15760,1,474.7,495.83,52.00000000000006,98.42000000000002,1,1,1.0
15760,11,127.29,387.11,55.09999999999998,77.70999999999998,1,1,1.0
15760,12,510.11,296.79,47.319999999999936,61.60999999999996,1,1,1.0
15760,13,435.31,593.22,57.35000000000002,93.75,1,1,1.0
15760,15,746.37,575.46,72.68999999999994,59.139999999999986,1,1,1.0
15760,16,372.15,491.36,37.54000000000002,69.99000000000001,1,1,1.0
15760,17,724.02,485.66,51.25,55.61999999999995,1,1,1.0
15760,18,478.37,426.48,60.799999999999955,68.49000000000001,1,1,1.0
15760,19,224.37,106.22,337.28,473.41999999999996,1,1,1.0
15765,1,497.03,495.08,51.42000000000007,98.20999999999998,1,1,1.0
15765,11,124.5,385.88,55.110000000000014,77.69999999999999,1,1,1.0
15765,12,538.96,292.08,47.75,61.64000000000004,1,1,1.0
15765,13,454.56,590.05,56.839999999999975,92.97000000000003,1,1,1.0
15765,15,760.74,570.56,72.02999999999997,60.99000000000001,1,1,1.0
15765,16,390.76,496.11,37.53000000000003,70.0,1,1,1.0
15765,17,730.72,477.86,51.25,57.039999999999964,1,1,1.0
15765,18,501.15,422.2,60.80000000000007,68.49000000000001,1,1,1.0
15765,19,228.48,107.03,328.74,463.33000000000004,1,1,1.0
15770,1,519.37,494.33,50.83000000000004,97.99000000000007,1,1,1.0
15770,11,121.72,384.64,55.099999999999994,77.69999999999999,1,1,1.0
15770,12,567.81,287.36,48.180000000000064,61.68000000000001,1,1,1.0
15770,13,473.8,586.88,56.349999999999966,92.19000000000005,1,1,1.0
15770,15,775.1,565.65,71.38,62.85000000000002,1,1,1.0
15770,16,409.37,500.87,37.52999999999997,70.0,1,1,1.0
15770,17,737.42,470.06,51.25,58.45999999999998,1,1,1.0
15770,18,523.93,417.91,60.80000000000007,68.5,1,1,1.0
15770,19,232.59,107.83,320.18999999999994,453.25000000000006,1,1,1.0
15775,1,541.71,493.58,50.24000000000001,97.78000000000003,1,1,1.0
15775,11,118.93,383.4,55.099999999999994,77.70000000000005,1,1,1.0
15775,12,596.65,282.65,48.629999999999995,61.710000000000036,1,1,1.0
15775,13,493.05,583.71,55.849999999999966,91.40999999999997,1,1,1.0
15775,15,789.47,560.75,70.70999999999992,64.70000000000005,1,1,1.0
15775,16,427.97,505.63,37.539999999999964,69.99000000000001,1,1,1.0
15775,17,744.11,462.27,51.25,59.870000000000005,1,1,1.0
15775,18,546.71,413.63,60.799999999999955,68.49000000000001,1,1,1.0
15775,19,236.7,108.63,311.65000000000003,443.16999999999996,1,1,1.0
15780,1,564.05,492.83,49.65000000000009,97.56,1,1,1.0
15780,11,116.14,382.16,55.10000000000001,77.69999999999999,1,1,1.0
15780,12,625.5,277.94,49.059999999999945,61.74000000000001,1,1,1.0
15780,13,512.3,580.54,55.35000000000002,90.63999999999999,1,1,1.0
15780,15,803.84,555.85,70.04999999999995,66.54999999999995,1,1,1.0
15780,16,446.58,510.38,37.54000000000002,70.0,1,1,1.0
15780,17,750.81,454.47,51.25,61.27999999999997,1,1,1.0
15780,18,569.49,409.35,60.799999999999955,68.48999999999995,1,1,1.0
15780,19,240.81,109.44,303.09999999999997,433.08,1,1,1.0
15785,1,586.39,492.08,49.06000000000006,97.34999999999997,1,1,1.0
15785,11,113.35,380.92,55.099999999999994,77.69999999999999,1,1,1.0
15785,12,654.34,273.23,49.5,61.77999999999997,1,1,1.0
15785,13,531.54,577.37,54.85000000000002,89.86000000000001,1,1,1.0
15785,15,818.21,550.94,69.38999999999999,68.40999999999997,1,1,1.0
15785,16,465.19,515.14,37.53000000000003,70.0,1,1,1.0
15785,17,757.51,446.67,51.25,62.69999999999999,1,1,1.0
15785,18,592.27,405.06,60.80000000000007,68.5,1,1,1.0
15785,19,244.92,110.24,294.55000000000007,423.0,1,1,1.0
15790,1,608.72,491.33,48.48000000000002,97.14000000000004,1,1,1.0
15790,11,110.56,379.68,55.099999999999994,77.69999999999999,1,1,1.0
15790,12,683.19,268.51,49.93999999999994,61.81999999999999,1,1,1.0
15790,13,550.79,574.2,54.35000000000002,89.07999999999993,1,1,1.0
15790,15,832.58,546.04,68.7299999999999,70.25999999999999,1,1,1.0
15790,16,483.8,519.89,37.53000000000003,70.0,1,1,1.0
15790,17,764.2,438.87,51.25999999999999,64.12,1,1,1.0
15790,18,615.05,400.78,60.80000000000007,68.49000000000001,1,1,1.0
15790,19,249.04,111.04,286.0,412.92,1,1,1.0
15795,1,631.06,490.58,47.8900000000001,96.92000000000002,1,1,1.0
15795,11,107.77,378.44,55.10000000000001,77.69999999999999,1,1,1.0
15795,12,712.04,263.8,50.370000000000005,61.849999999999966,1,1,1.0
15795,13,570.04,571.03,53.85000000000002,88.30000000000007,1,1,1.0
15795,15,846.95,541.14,68.05999999999995,72.11000000000001,1,1,1.0
15795,16,502.4,524.65,37.54000000000008,70.0,1,1,1.0
15795,17,770.9,431.07,51.25,65.54000000000002,1,1,1.0
15795,18,637.83,396.5,60.799999999999955,68.49000000000001,1,1,1.0
15795,19,253.15,111.85,277.45000000000005,402.81999999999994,1,1,1.0
15800,1,653.4,489.83,47.30000000000007,96.70999999999998,1,1,1.0
15800,11,104.98,377.2,55.10000000000001,77.69999999999999,1,1,1.0
15800,12,740.88,259.09,50.82000000000005,61.88000000000005,1,1,1.0
15800,13,589.29,567.86,53.34000000000003,87.51999999999998,1,1,1.0
15800,15,861.31,536.23,67.41000000000008,73.97000000000003,1,1,1.0
15800,16,521.01,529.41,37.539999999999964,69.99000000000001,1,1,1.0
15800,17,777.6,423.28,51.25,66.94000000000005,1,1,1.0
15800,18,660.61,392.21,60.799999999999955,68.5,1,1,1.0
15800,19,257.26,112.65,268.90999999999997,392.74,1,1,1.0
15805,1,675.74,489.08,46.710000000000036,96.49000000000007,1,1,1.0
15805,11,102.19,375.96,55.099999999999994,77.70000000000005,1,1,1.0
15805,12,769.73,254.38,51.25,61.910000000000025,1,1,1.0
15805,13,608.53,564.69,52.85000000000002,86.7399999999999,1,1,1.0
15805,15,875.68,531.33,66.75,75.81999999999994,1,1,1.0
15805,16,539.62,534.16,37.52999999999997,70.0,1,1,1.0
15805,17,784.3,415.48,51.25,68.35999999999996,1,1,1.0
15805,18,683.39,387.93,60.80000000000007,68.49000000000001,1,1,1.0
15805,19,256.42,113.52,291.88999999999993,402.62,1,1,1.0
15810,1,698.07,488.33,46.129999999999995,96.28000000000003,1,1,1.0
15810,11,99.4,374.72,55.099999999999994,77.69999999999999,1,1,1.0
15810,12,798.57,249.66,51.68999999999994,61.95000000000002,1,1,1.0
15810,13,627.78,561.52,52.35000000000002,85.97000000000003,1,1,1.0
15810,15,890.05,526.43,66.09000000000003,77.67000000000007,1,1,1.0
15810,16,558.23,538.92,37.52999999999997,70.0,1,1,1.0
15810,17,790.99,407.68,51.25,69.77999999999997,1,1,1.0
15810,18,706.17,383.65,60.80000000000007,68.49000000000001,1,1,1.0
15810,19,255.59,114.39,314.87,412.49,1,1,1.0
15815,1,720.41,487.58,45.54000000000008,96.07,1,1,1.0
15815,11,96.61,373.48,55.10000000000001,77.69999999999999,1,1,1.0
15815,12,827.42,244.95,52.129999999999995,61.99000000000001,1,1,1.0
15815,13,647.03,558.35,51.84000000000003,85.18999999999994,1,1,1.0
15815,15,904.42,521.52,65.43000000000006,79.52999999999997,1,1,1.0
15815,16,576.83,543.67,37.539999999999964,70.0,1,1,1.0
15815,17,797.69,399.88,51.25,71.19,1,1,1.0
15815,18,728.95,379.36,60.799999999999955,68.5,1,1,1.0
15815,19,254.76,115.25,337.84000000000003,422.37,1,1,1.0
15820,1,742.75,486.83,44.950000000000045,95.84999999999997,1,1,1.0
15820,11,93.82,372.24,55.099999999999994,77.69999999999999,1,1,1.0
15820,12,856.26,240.24,52.57000000000005,62.01999999999998,1,1,1.0
15820,13,666.28,555.17,51.34000000000003,84.42000000000007,1,1,1.0
15820,15,918.79,516.62,64.75999999999999,81.38,1,1,1.0
15820,16,595.44,548.43,37.539999999999964,70.0,1,1,1.0
15820,17,804.39,392.08,51.25,72.61000000000001,1,1,1.0
15820,18,751.73,375.08,60.799999999999955,68.49000000000001,1,1,1.0
15820,19,253.93,116.12,360.82,432.24,1,1,1.0
15825,1,765.09,486.08,44.360000000000014,95.64000000000004,1,1,1.0
15825,11,91.03,371.0,55.099999999999994,77.69999999999999,1,1,1.0
15825,12,885.11,235.53,53.00999999999999,62.04999999999998,1,1,1.0
15825,13,685.52,552.0,50.85000000000002,83.63999999999999,1,1,1.0
15825,15,933.16,511.72,64.10000000000002,83.23000000000002,1,1,1.0
15825,16,614.05,553.19,37.530000000000086,70.0,1,1,1.0
15825,17,811.08,384.29,51.25999999999999,74.01999999999998,1,1,1.0
15825,18,774.51,370.8,60.799999999999955,68.49000000000001,1,1,1.0
15825,19,253.1,116.99,383.78999999999996,442.11,1,1,1.0
15830,1,787.43,485.33,43.770000000000095,95.43,1,1,1.0
15830,11,88.24,369.76,55.10000000000001,77.69999999999999,1,1,1.0
15830,12,913.96,230.81,53.43999999999994,62.089999999999975,1,1,1.0
15830,13,704.77,548.83,50.34000000000003,82.86000000000001,1,1,1.0
15830,15,947.53,506.81,63.440000000000055,85.08999999999997,1,1,1.0
15830,16,632.66,557.94,37.530000000000086,70.0,1,1,1.0
15830,17,817.78,376.49,51.25,75.44,1,1,1.0
15830,18,797.29,366.51,60.79000000000008,68.5,1,1,1.0
15830,19,290.0,106.14,335.85,458.19000000000005,1,1,1.0
15835,1,809.76,484.58,43.190000000000055,95.20999999999998,1,1,1.0
15835,11,85.45,368.52,55.10000000000001,77.70000000000005,1,1,1.0
15835,12,942.8,226.1,53.879999999999995,62.12000000000003,1,1,1.0
15835,13,724.02,545.66,49.84000000000003,82.08000000000004,1,1,1.0
15835,15,961.89,501.91,62.79000000000008,86.94,1,1,1.0
15835,16,651.27,562.7,37.52999999999997,70.0,1,1,1.0
15835,17,824.48,368.69,51.25,76.85000000000002,1,1,1.0
15835,18,820.07,362.23,60.789999999999964,68.49000000000001,1,1,1.0
15835,19,326.9,95.29,287.9,474.28000000000003,1,1,1.0
15840,1,832.1,483.83,42.60000000000002,95.00000000000006,1,1,1.0
15840,11,82.66,367.28,55.110000000000014,77.70000000000005,1,1,1.0
15840,12,971.65,221.39,54.32000000000005,62.150000000000034,1,1,1.0
15840,13,743.27,542.49,49.34000000000003,81.30999999999995,1,1,1.0
15840,15,976.26,497.01,62.12000000000012,88.78999999999996,1,1,1.0
15840,16,669.87,567.46,37.539999999999964,69.99000000000001,1,1,1.0
15840,17,831.18,360.89,51.25,78.27000000000004,1,1,1.0
15840,18,842.85,357.95,60.789999999999964,68.49000000000001,1,1,1.0
15840,19,363.8,84.45,239.95,490.34999999999997,1,1,1.0
15845,1,854.44,483.08,42.00999999999999,94.78000000000003,1,1,1.0
15845,11,79.88,366.04,55.099999999999994,77.69999999999999,1,1,1.0
15845,12,1000.49,216.68,54.75999999999999,62.19,1,1,1.0
15845,13,762.51,539.32,48.84000000000003,80.52999999999997,1,1,1.0
15845,15,990.63,492.1,61.45999999999992,90.64999999999998,1,1,1.0
15845,16,688.48,572.21,37.52999999999997,70.0,1,1,1.0
15845,17,837.87,353.09,51.25,79.69,1,1,1.0
15845,18,865.63,353.66,60.789999999999964,68.5,1,1,1.0
15845,19,400.7,73.6,252.7,591.3,1,1,1.0
15850,1,876.78,482.33,41.42000000000007,94.57,1,1,1.0
15850,11,77.09,364.8,55.099999999999994,77.69999999999999,1,1,1.0
15850,12,1029.34,211.96,55.190000000000055,62.22999999999999,1,1,1.0
15850,13,781.76,536.15,48.34000000000003,79.75,1,1,1.0
15850,15,1005.0,487.2,60.799999999999955,92.50000000000006,1,1,1.0
15850,16,707.09,576.97,37.52999999999997,70.0,1,1,1.0
15850,17,844.57,345.3,51.25,81.09999999999997,1,1,1.0
15850,18,888.41,349.38,60.79000000000008,68.49000000000001,1,1,1.0
15850,19,363.4,329.1,54.30000000000001,84.09999999999997,1,1,1.0
15855,1,873.52,477.96,45.389999999999986,93.15000000000003,1,1,1.0
15855,11,85.76,363.35,55.10000000000001,77.69999999999999,1,1,1.0
15855,12,1002.21,213.43,47.659999999999854,62.96999999999997,1,1,1.0
15855,13,781.04,527.48,51.960000000000036,84.78999999999996,1,1,1.0
15855,15,1002.1,477.7,50.69999999999993,93.30000000000001,1,1,1.0
15855,16,725.7,581.72,37.52999999999997,70.0,1,1,1.0
15855,17,830.83,340.96,44.729999999999905,76.04000000000002,1,1,1.0
15855,18,911.19,345.1,60.789999999999964,68.48999999999995,1,1,1.0
15855,19,372.55,324.8,42.25,80.68,1,1,1.0
15860,1,870.27,473.6,49.360000000000014,91.72000000000003,1,1,1.0
15860,11,94.44,361.91,55.099999999999994,77.69999999999999,1,1,1.0
15860,12,975.09,214.9,40.110000000000014,63.70000000000002,1,1,1.0
15860,13,780.31,518.8,55.59000000000003,89.83000000000004,1,1,1.0
15860,15,1003.6,465.4,41.999999999999886,108.5,1,1,1.0
15860,16,744.3,586.48,37.54000000000008,70.0,1,1,1.0
15860,17,817.09,336.62,38.20999999999992,70.98000000000002,1,1,1.0
15860,18,933.97,340.81,60.789999999999964,68.5,1,1,1.0
15860,19,381.7,330.6,44.69999999999999,67.15999999999997,1,1,1.0
15865,1,865.57,472.9,53.319999999999936,96.04000000000008,1,1,1.0
15865,11,103.12,360.46,55.099999999999994,77.70000000000005,1,1,1.0
15865,12,950.37,218.76,40.809999999999945,59.639999999999986,1,1,1.0
15865,13,781.6,514.54,56.23000000000002,90.96000000000004,1,1,1.0
15865,15,1000.0,464.68,48.49000000000001,107.07,1,1,1.0
15865,16,762.91,591.24,37.530000000000086,69.99000000000001,1,1,1.0
15865,17,805.04,331.81,33.879999999999995,70.0,1,1,1.0
15865,18,956.75,336.53,60.789999999999964,68.49000000000001,1,1,1.0
15865,19,390.84,307.4,52.870000000000005,82.64000000000004,1,1,1.0
15870,1,860.87,472.2,57.289999999999964,100.34999999999997,1,1,1.0
15870,11,113.24,360.46,55.10000000000001,77.70000000000005,1,1,1.0
15870,12,925.65,222.61,41.5,55.589999999999975,1,1,1.0
15870,13,782.88,510.28,56.870000000000005,92.09000000000003,1,1,1.0
15870,15,996.4,463.95,54.98000000000013,105.65000000000003,1,1,1.0
15870,16,781.52,595.99,37.52999999999997,70.0,1,1,1.0
15870,17,793.0,327.0,29.529999999999973,69.01999999999998,1,1,1.0
15870,18,979.53,332.25,60.789999999999964,68.49000000000001,1,1,1.0
15870,19,402.42,321.9,34.079999999999984,69.58000000000004,1,1,1.0
15875,1,854.87,468.69,57.299999999999955,100.34999999999997,1,1,1.0
15875,11,123.37,360.46,55.099999999999994,77.70000000000005,1,1,1.0
15875,12,900.94,226.47,42.18999999999994,51.52000000000001,1,1,1.0
15875,13,791.65,510.34,57.50999999999999,93.20999999999998,1,1,1.0
15875,15,1002.2,461.1,49.180000000000064,96.89999999999998,1,1,1.0
15875,16,800.13,600.75,37.52999999999997,70.0,1,1,1.0
15875,17,766.47,322.15,51.25,81.10000000000002,1,1,1.0
15875,18,1002.3,327.96,60.799999999999955,68.5,1,1,1.0
15875,19,402.42,313.18,52.85999999999996,82.63999999999999,1,1,1.0
15880,1,848.88,465.18,57.289999999999964,100.34999999999997,1,1,1.0
15880,11,128.91,363.84,55.099999999999994,77.70000000000005,1,1,1.0
15880,12,871.4,227.43,47.700000000000045,55.18000000000001,1,1,1.0
15880,13,800.41,510.4,58.14999999999998,94.33000000000004,1,1,1.0
15880,15,999.64,460.61,52.08000000000004,99.22000000000003,1,1,1.0
15880,16,818.73,605.51,37.539999999999964,69.99000000000001,1,1,1.0
15880,17,752.01,317.81,51.25,81.10000000000002,1,1,1.0
15880,18,1025.08,323.68,60.80000000000018,68.49000000000001,1,1,1.0
15880,19,404.58,311.67,52.870000000000005,82.64999999999998,1,1,1.0
15885,1,842.89,461.67,57.289999999999964,100.33999999999997,1,1,1.0
15885,11,134.46,367.21,55.099999999999994,77.70000000000005,1,1,1.0
15885,12,841.86,228.39,53.19999999999993,58.84000000000003,1,1,1.0
15885,13,809.18,510.46,58.79000000000008,95.45999999999998,1,1,1.0
15885,15,997.08,460.13,54.969999999999914,101.53999999999996,1,1,1.0
15885,16,837.34,610.26,37.539999999999964,70.0,1,1,1.0
15885,17,737.54,313.48,51.25,81.09999999999997,1,1,1.0
15885,18,1047.86,319.4,60.80000000000018,68.49000000000001,1,1,1.0
15885,19,406.75,310.17,52.860000000000014,82.63999999999999,1,1,1.0
15890,1,836.9,458.15,57.29000000000008,100.35000000000002,1,1,1.0
15890,11,140.0,370.59,55.099999999999994,77.70000000000005,1,1,1.0
15890,12,812.32,229.35,58.69999999999993,62.50000000000003,1,1,1.0
15890,13,817.95,510.52,59.42999999999995,96.58000000000004,1,1,1.0
15890,15,994.52,459.64,57.87000000000012,103.86000000000001,1,1,1.0
15890,16,855.95,615.02,37.52999999999997,70.0,1,1,1.0
15890,17,723.08,309.14,51.25,81.10000000000002,1,1,1.0
15890,18,1070.64,315.11,60.799999999999955,68.5,1,1,1.0
15890,19,408.92,308.66,52.85999999999996,82.63999999999999,1,1,1.0
15895,1,830.91,454.64,57.29000000000008,100.35000000000002,1,1,1.0
15895,11,145.55,373.96,55.099999999999994,77.70000000000005,1,1,1.0
15895,12,779.78,234.41,58.700000000000045,62.50000000000003,1,1,1.0
15895,13,826.71,510.58,60.069999999999936,97.70999999999998,1,1,1.0
15895,15,991.96,459.16,60.76999999999998,106.17000000000002,1,1,1.0
15895,16,874.56,619.77,37.530000000000086,70.0,1,1,1.0
15895,17,701.38,311.07,51.25,81.10000000000002,1,1,1.0
15895,18,1093.42,310.83,60.799999999999955,68.49000000000001,1,1,1.0
15895,19,411.09,307.15,52.860000000000014,82.65000000000003,1,1,1.0
15900,1,824.91,451.13,57.30000000000007,100.35000000000002,1,1,1.0
15900,11,151.09,377.34,55.099999999999994,77.70000000000005,1,1,1.0
15900,12,747.24,239.47,58.700000000000045,62.50000000000003,1,1,1.0
15900,13,822.31,508.9,60.72000000000003,98.84000000000003,1,1,1.0
15900,15,989.4,458.67,63.66999999999996,108.48999999999995,1,1,1.0
15900,16,893.16,624.53,37.54000000000008,70.0,1,1,1.0
15900,17,679.69,312.99,51.25,81.09999999999997,1,1,1.0
15900,18,1116.2,306.55,60.799999999999955,68.49000000000001,1,1,1.0
15900,19,413.26,305.65,52.860000000000014,82.64000000000004,1,1,1.0
15905,1,818.92,447.62,57.29000000000008,100.34000000000003,1,1,1.0
15905,11,156.63,380.71,55.099999999999994,77.70000000000005,1,1,1.0
15905,12,729.88,243.09,58.700000000000045,62.49999999999997,1,1,1.0
15905,13,817.92,539.04,61.35000000000002,99.97000000000003,1,1,1.0
15905,15,986.84,458.18,66.56000000000006,110.82,1,1,1.0
15905,16,911.77,629.29,37.539999999999964,69.99000000000001,1,1,1.0
15905,17,657.99,314.92,51.25,81.09999999999997,1,1,1.0
15905,18,1138.98,302.26,60.799999999999955,68.5,1,1,1.0
15905,19,415.43,304.14,52.860000000000014,82.63999999999999,1,1,1.0
15910,1,799.4,444.72,57.29000000000008,100.35000000000002,1,1,1.0
15910,11,153.02,379.99,55.099999999999994,77.69999999999999,1,1,1.0
15910,12,712.53,246.7,58.700000000000045,62.5,1,1,1.0
15910,13,833.83,513.01,61.34999999999991,99.96000000000004,1,1,1.0
15910,15,974.04,461.44,64.3900000000001,108.79000000000002,1,1,1.0
15910,16,930.38,634.04,37.52999999999997,70.0,1,1,1.0
15910,17,639.19,306.97,51.25,81.09999999999997,1,1,1.0
15910,18,1161.76,297.98,60.799999999999955,68.49000000000001,1,1,1.0
15910,19,403.14,303.6,52.860000000000014,82.63999999999999,1,1,1.0
15915,1,779.87,441.83,57.289999999999964,100.34999999999997,1,1,1.0
15915,11,149.4,379.26,55.099999999999994,77.69999999999999,1,1,1.0
15915,12,687.94,246.7,58.69999999999993,62.5,1,1,1.0
15915,13,821.77,513.49,56.55000000000007,95.62,1,1,1.0
15915,15,961.23,464.69,62.22000000000003,106.77000000000004,1,1,1.0
15915,16,948.99,638.8,37.52999999999997,70.0,1,1,1.0
15915,17,620.39,299.01,51.25,81.10000000000002,1,1,1.0
15915,18,1184.54,293.7,60.799999999999955,68.49000000000001,1,1,1.0
15915,19,390.84,303.06,52.870000000000005,82.63999999999999,1,1,1.0
15920,1,758.9,449.79,57.29000000000008,100.33999999999997,1,1,1.0
15920,11,145.79,378.54,55.099999999999994,77.69999999999999,1,1,1.0
15920,12,667.69,252.5,53.629999999999995,62.49000000000001,1,1,1.0
15920,13,809.72,513.97,51.74000000000001,91.28999999999996,1,1,1.0
15920,15,948.43,467.95,60.05000000000007,104.74000000000007,1,1,1.0
15920,16,967.59,643.55,37.539999999999964,70.0,1,1,1.0
15920,17,608.1,308.41,49.069999999999936,71.69999999999999,1,1,1.0
15920,18,1165.72,295.86,46.34999999999991,68.5,1,1,1.0
15920,19,380.72,305.23,52.85999999999996,82.63999999999999,1,1,1.0
15925,1,737.93,457.74,57.29000000000008,100.35000000000002,1,1,1.0
15925,11,142.17,377.82,55.10000000000002,77.69999999999999,1,1,1.0
15925,12,647.44,258.3,48.559999999999945,62.46999999999997,1,1,1.0
15925,13,797.67,514.45,46.930000000000064,86.94999999999993,1,1,1.0
15925,15,935.62,471.2,57.879999999999995,102.71999999999997,1,1,1.0
15925,16,941.56,663.8,37.530000000000086,56.200000000000045,1,1,1.0
15925,17,595.8,317.81,46.90000000000009,62.29000000000002,1,1,1.0
15925,18,1146.9,298.03,31.899999999999864,68.5,1,1,1.0
15925,19,370.6,307.4,52.85999999999996,82.64000000000004,1,1,1.0
15930,1,731.4,468.6,41.39999999999998,82.98000000000002,1,1,1.0
15930,11,133.49,377.82,55.099999999999994,77.69999999999999,1,1,1.0
15930,12,628.64,259.01,53.629999999999995,62.49000000000001,1,1,1.0
15930,13,793.23,516.23,47.26999999999998,87.25999999999999,1,1,1.0
15930,15,934.9,477.0,46.32000000000005,91.13,1,1,1.0
15930,16,924.93,651.5,41.870000000000005,68.5,1,1,1.0
15930,17,587.12,306.97,49.08000000000004,71.69,1,1,1.0
15930,18,1117.99,297.31,46.34999999999991,68.5,1,1,1.0
15930,19,355.41,311.73,52.85999999999996,82.64999999999998,1,1,1.0
15935,1,704.66,470.76,57.29000000000008,100.34000000000003,1,1,1.0
15935,11,124.81,377.82,55.099999999999994,77.69999999999999,1,1,1.0
15935,12,609.84,259.72,58.69999999999993,62.5,1,1,1.0
15935,13,788.79,518.01,47.620000000000005,87.57000000000005,1,1,1.0
15935,15,915.4,468.3,53.54000000000008,94.05000000000001,1,1,1.0
15935,16,908.3,639.2,46.200000000000045,80.79999999999995,1,1,1.0
15935,17,578.45,296.12,51.25,81.10000000000002,1,1,1.0
15935,18,1089.08,296.59,60.80000000000018,68.49000000000001,1,1,1.0
15935,19,340.22,316.07,52.85999999999996,82.65000000000003,1,1,1.0
15940,1,824.32,428.75,57.289999999999964,100.35000000000002,1,1,1.0
15940,11,84.33,441.45,55.10000000000001,77.69999999999999,1,1,1.0
15940,12,375.58,171.49,184.52000000000004,432.79999999999995,1,1,1.0
15940,13,893.65,514.81,47.960000000000036,87.88000000000011,1,1,1.0
15940,15,996.36,489.25,53.020000000000095,93.86000000000001,1,1,1.0
15940,16,969.37,644.4,46.200000000000045,75.60000000000002,1,1,1.0
15940,17,115.62,540.55,177.07999999999998,179.45000000000005,1,1,1.0
15940,18,1115.51,243.95,67.63000000000011,72.10000000000002,1,1,1.0
15940,19,226.82,250.73,52.35000000000002,82.64000000000001,1,1,1.0
15945,1,943.97,386.74,57.289999999999964,100.34999999999997,1,1,1.0
15945,11,43.84,505.09,55.099999999999994,77.69999999999999,1,1,1.0
15945,12,321.4,159.01,225.0,424.09000000000003,1,1,1.0
15945,13,998.52,511.61,48.299999999999955,88.18999999999994,1,1,1.0
15945,15,1077.31,510.2,52.50999999999999,93.67000000000002,1,1,1.0
15945,16,1030.44,649.6,46.200000000000045,70.39999999999998,1,1,1.0
15945,17,157.46,510.74,195.84,209.26,1,1,1.0
15945,18,1141.93,191.32,74.46000000000004,75.69999999999999,1,1,1.0
15945,19,113.41,185.39,51.849999999999994,82.63999999999999,1,1,1.0
15950,1,1063.63,344.74,57.289999999999964,100.33999999999997,1,1,1.0
15950,11,3.35,568.73,55.1,77.69999999999993,1,1,1.0
15950,12,369.11,155.6,175.85000000000002,327.17999999999995,1,1,1.0
15950,13,1103.39,508.41,48.63999999999987,88.49999999999994,1,1,1.0
15950,15,1158.27,531.15,52.0,93.49000000000001,1,1,1.0
15950,16,1091.5,654.8,46.210000000000036,65.20000000000005,1,1,1.0
15950,17,201.94,497.3,191.54000000000002,222.7,1,1,1.0
15950,18,1168.36,138.68,81.29000000000019,79.31,1,1,1.0
15950,19,0.0,120.05,51.35,82.64,1,1,1.0
15955,1,1089.54,359.08,57.289999999999964,100.35000000000002,1,1,1.0
15955,11,15.46,574.48,55.1,75.13999999999999,1,1,1.0
15955,12,308.3,140.61,238.09999999999997,299.69,1,1,1.0
15955,13,1106.92,509.52,48.99000000000001,88.81000000000006,1,1,1.0
15955,15,1158.37,528.19,52.56000000000017,93.30999999999995,1,1,1.0
15955,16,1057.09,646.7,46.200000000000045,65.34999999999991,1,1,1.0
15955,17,254.26,452.32,187.21000000000004,258.98999999999995,1,1,1.0
15955,18,1167.35,143.66,83.19000000000005,86.57,1,1,1.0
15955,19,0.0,116.14,47.81,82.64,1,1,1.0
15960,1,1115.46,373.43,57.289999999999964,100.34999999999997,1,1,1.0
15960,11,27.57,580.23,55.1,72.59000000000003,1,1,1.0
15960,12,306.02,130.57,246.71000000000004,269.33,1,1,1.0
15960,13,1110.45,510.63,49.32999999999993,89.12,1,1,1.0
15960,15,1158.48,525.24,53.11999999999989,93.12,1,1,1.0
15960,16,1022.68,638.59,46.20000000000016,65.5,1,1,1.0
15960,17,305.63,422.04,239.26999999999998,297.96,1,1,1.0
15960,18,1166.34,148.63,85.10000000000014,93.84,1,1,1.0
15960,19,0.0,112.24,44.27,82.64,1,1,1.0
15965,1,1141.38,387.78,57.289999999999964,100.35000000000002,1,1,1.0
15965,11,39.68,585.99,55.1,70.02999999999997,1,1,1.0
15965,12,249.8,113.69,291.99999999999994,354.71,1,1,1.0
15965,13,1113.98,511.74,49.680000000000064,89.41999999999996,1,1,1.0
15965,15,1158.58,522.29,53.680000000000064,92.93000000000006,1,1,1.0
15965,16,988.27,630.49,46.200000000000045,65.64999999999998,1,1,1.0
15965,17,271.9,401.65,276.84000000000003,296.65,1,1,1.0
15965,18,1165.34,153.61,86.99000000000001,101.1,1,1,1.0
15965,19,0.0,108.33,40.74,82.64,1,1,1.0
15970,1,1141.26,394.05,57.289999999999964,100.34999999999997,1,1,1.0
15970,11,51.79,591.74,55.1,67.48000000000002,1,1,1.0
15970,12,246.3,79.45,280.22999999999996,393.75,1,1,1.0
15970,13,1117.51,512.84,50.02999999999997,89.74000000000001,1,1,1.0
15970,15,1158.69,519.33,54.24000000000001,92.75,1,1,1.0
15970,16,953.85,622.38,46.19999999999993,65.79999999999995,1,1,1.0
15970,17,318.0,380.46,221.89,332.74000000000007,1,1,1.0
15970,18,1164.33,158.58,88.8900000000001,108.35999999999999,1,1,1.0
15970,19,8.43,133.24,41.09,82.63999999999999,1,1,1.0
15975,1,1141.15,400.31,57.289999999999964,100.35000000000002,1,1,1.0
15975,11,63.89,597.49,55.099999999999994,64.92999999999995,1,1,1.0
15975,12,300.7,45.22,210.56,422.67999999999995,1,1,1.0
15975,13,1121.05,513.95,50.36000000000013,90.04999999999995,1,1,1.0
15975,15,1158.79,516.38,54.799999999999955,92.56000000000006,1,1,1.0
15975,16,919.44,614.27,46.19999999999993,65.96000000000004,1,1,1.0
15975,17,375.2,350.89,211.79000000000002,333.46000000000004,1,1,1.0
15975,18,1163.32,163.56,90.78999999999996,115.62,1,1,1.0
15975,19,16.86,158.14,41.45,82.64000000000001,1,1,1.0
15980,1,1141.03,406.58,57.299999999999955,100.35000000000002,1,1,1.0
15980,11,76.0,603.25,55.099999999999994,62.370000000000005,1,1,1.0
15980,12,289.47,64.74,220.66999999999996,430.86,1,1,1.0
15980,13,1124.58,515.06,50.710000000000036,90.36000000000001,1,1,1.0
15980,15,1158.89,513.43,55.36999999999989,92.37,1,1,1.0
15980,16,885.03,606.17,46.200000000000045,66.10000000000002,1,1,1.0
15980,17,432.4,321.33,201.68000000000006,334.17,1,1,1.0
15980,18,1162.31,168.53,92.70000000000005,122.89000000000001,1,1,1.0
15980,19,25.3,183.04,41.8,82.64000000000001,1,1,1.0
15985,1,1140.92,412.85,57.289999999999964,100.35000000000002,1,1,1.0
15985,11,88.11,609.0,55.10000000000001,59.82000000000005,1,1,1.0
15985,12,278.23,84.27,230.79999999999995,439.03,1,1,1.0
15985,13,1128.11,516.17,51.05000000000018,90.66000000000008,1,1,1.0
15985,15,1159.0,510.47,55.92000000000007,92.18999999999994,1,1,1.0
15985,16,850.62,598.06,46.200000000000045,66.2600000000001,1,1,1.0
15985,17,467.5,335.55,195.87,352.2,1,1,1.0
15985,18,1161.31,173.51,94.59000000000015,130.15000000000003,1,1,1.0
15985,19,33.73,207.95,42.160000000000004,82.63999999999999,1,1,1.0
15990,1,1140.81,419.12,57.289999999999964,100.34000000000003,1,1,1.0
15990,11,100.22,614.75,55.099999999999994,57.26999999999998,1,1,1.0
15990,12,267.0,103.79,240.91000000000003,447.21,1,1,1.0
15990,13,1131.64,517.28,51.399999999999864,90.97000000000003,1,1,1.0
15990,15,1159.1,507.52,56.49000000000001,92.0,1,1,1.0
15990,16,816.2,589.95,46.19999999999993,66.40999999999997,1,1,1.0
15990,17,502.6,349.78,190.04999999999995,370.22,1,1,1.0
15990,18,1160.3,178.48,96.49000000000001,137.42,1,1,1.0
15990,19,42.16,232.85,42.52000000000001,82.64000000000001,1,1,1.0
15995,1,1140.69,425.38,57.289999999999964,100.35000000000002,1,1,1.0
15995,11,112.33,620.51,55.10000000000001,54.710000000000036,1,1,1.0
15995,12,319.63,123.39,212.36,392.98,1,1,1.0
15995,13,1135.18,518.38,51.73000000000002,91.28999999999996,1,1,1.0
15995,15,1159.21,504.57,57.039999999999964,91.81,1,1,1.0
15995,16,781.79,581.85,46.200000000000045,66.55999999999995,1,1,1.0
15995,17,534.4,326.35,180.01,357.35,1,1,1.0
15995,18,1159.29,183.46,98.3900000000001,144.67,1,1,1.0
15995,19,50.59,257.75,42.879999999999995,82.64999999999998,1,1,1.0
16000,1,1140.58,431.65,57.289999999999964,100.35000000000002,1,1,1.0
16000,11,124.43,626.26,55.099999999999994,52.14999999999998,1,1,1.0
16000,12,372.26,143.0,183.81000000000006,338.75,1,1,1.0
16000,13,1138.71,519.49,52.07999999999993,91.60000000000002,1,1,1.0
16000,15,1159.31,501.61,57.61000000000013,91.63,1,1,1.0
16000,16,747.38,573.74,46.200000000000045,66.71000000000004,1,1,1.0
16000,17,584.3,318.23,179.0300000000001,298.04999999999995,1,1,1.0
16000,18,1158.29,188.43,100.28999999999996,151.94,1,1,1.0
16000,19,59.02,282.66,43.24,82.63999999999999,1,1,1.0
16005,1,1140.46,437.92,57.289999999999964,100.34999999999997,1,1,1.0
16005,11,136.54,632.01,55.099999999999994,49.60000000000002,1,1,1.0
16005,12,376.43,119.21,190.7,350.31,1,1,1.0
16005,13,1142.24,520.6,52.430000000000064,91.89999999999998,1,1,1.0
16005,15,1159.41,498.66,58.169999999999845,91.44,1,1,1.0
16005,16,712.97,565.63,46.19999999999993,66.87,1,1,1.0
16005,17,587.2,264.55,196.8499999999999,410.84999999999997,1,1,1.0
16005,18,1157.28,193.41,102.19000000000005,159.20000000000002,1,1,1.0
16005,19,67.46,307.56,43.59,82.63999999999999,1,1,1.0
16010,1,1140.35,444.18,57.29000000000019,100.34999999999997,1,1,1.0
16010,11,148.65,637.77,55.099999999999994,47.039999999999964,1,1,1.0
16010,12,380.6,95.42,197.60000000000002,361.88,1,1,1.0
16010,13,1145.77,521.71,52.76999999999998,92.20999999999992,1,1,1.0
16010,15,1159.52,495.71,58.73000000000002,91.25000000000006,1,1,1.0
16010,16,678.55,557.53,46.200000000000045,67.00999999999999,1,1,1.0
16010,17,607.4,210.88,197.37,470.12,1,1,1.0
16010,18,1156.27,198.38,104.08999999999992,166.47000000000003,1,1,1.0
16010,19,75.89,332.46,43.94,82.65000000000003,1,1,1.0
16015,1,1140.23,450.45,57.299999999999955,100.34999999999997,1,1,1.0
16015,11,160.76,643.52,55.10000000000002,44.49000000000001,1,1,1.0
16015,12,413.4,56.93,203.29000000000008,429.87,1,1,1.0
16015,13,1149.31,522.81,53.11000000000013,92.53000000000009,1,1,1.0
16015,15,1159.62,492.75,59.29000000000019,91.07000000000005,1,1,1.0
16015,16,644.14,549.42,46.200000000000045,67.17000000000007,1,1,1.0
16015,17,628.24,208.14,193.31999999999994,411.98,1,1,1.0
16015,18,1155.26,203.36,105.99000000000001,173.72999999999996,1,1,1.0
16015,19,84.32,357.37,44.30000000000001,82.63999999999999,1,1,1.0
16020,1,1140.12,456.72,57.29000000000019,100.35000000000002,1,1,1.0
16020,11,172.87,649.27,55.099999999999994,41.940000000000055,1,1,1.0
16020,12,432.97,66.56,184.14,411.79,1,1,1.0
16020,13,1152.84,523.92,53.450000000000045,92.84000000000003,1,1,1.0
16020,15,1159.73,489.8,59.84999999999991,90.87999999999994,1,1,1.0
16020,16,609.73,541.31,46.19999999999993,67.32000000000005,1,1,1.0
16020,17,649.08,205.39,189.26,353.86,1,1,1.0
16020,18,1154.26,208.34,107.8900000000001,180.98,1,1,1.0
16020,19,92.75,382.27,44.66,82.64000000000004,1,1,1.0
16025,1,1140.01,462.99,57.289999999999964,100.34000000000003,1,1,1.0
16025,11,184.97,655.03,55.099999999999994,39.379999999999995,1,1,1.0
16025,12,452.53,76.18,164.99,393.71999999999997,1,1,1.0
16025,13,1156.37,525.03,53.80000000000018,93.13999999999999,1,1,1.0
16025,15,1159.83,486.85,60.41000000000008,90.68999999999994,1,1,1.0
16025,16,575.32,533.21,46.19999999999993,67.46999999999991,1,1,1.0
16025,17,631.35,196.62,185.19999999999993,395.48,1,1,1.0
16025,18,1153.25,213.31,109.78999999999996,188.25,1,1,1.0
16025,19,101.19,407.18,45.00999999999999,82.63999999999999,1,1,1.0
16030,1,1139.89,469.25,57.289999999999964,100.35000000000002,1,1,1.0
16030,11,197.08,660.78,55.099999999999994,36.83000000000004,1,1,1.0
16030,12,456.19,108.94,153.09999999999997,312.01,1,1,1.0
16030,13,1159.9,526.14,54.13999999999987,93.45000000000005,1,1,1.0
16030,15,1159.93,483.89,60.98000000000002,90.50999999999999,1,1,1.0
16030,16,540.9,525.1,46.200000000000045,67.62,1,1,1.0
16030,17,607.84,221.12,181.14,287.46,1,1,1.0
16030,18,1152.24,218.29,111.69000000000005,195.51000000000002,1,1,1.0
16030,19,109.62,432.08,45.370000000000005,82.64000000000004,1,1,1.0
16035,1,1139.78,475.52,57.289999999999964,100.35000000000002,1,1,1.0
16035,11,209.19,666.53,55.10000000000002,34.27999999999997,1,1,1.0
16035,12,417.9,95.42,200.46000000000004,389.38,1,1,1.0
16035,13,1163.43,527.24,54.49000000000001,93.76999999999998,1,1,1.0
16035,15,1160.04,480.94,61.52999999999997,90.32,1,1,1.0
16035,16,506.49,516.99,46.200000000000045,67.77999999999997,1,1,1.0
16035,17,595.9,179.08,177.08000000000004,358.81999999999994,1,1,1.0
16035,18,1151.24,223.26,113.58999999999992,202.78000000000003,1,1,1.0
16035,19,118.05,456.98,45.730000000000004,82.63999999999999,1,1,1.0
16040,1,1139.66,481.79,57.299999999999955,100.34999999999997,1,1,1.0
16040,11,221.3,672.29,55.099999999999966,31.720000000000027,1,1,1.0
16040,12,401.32,99.14,200.95,372.02000000000004,1,1,1.0
16040,13,1166.97,528.35,54.82999999999993,94.07999999999993,1,1,1.0
16040,15,1160.14,477.99,62.09999999999991,90.13,1,1,1.0
16040,16,472.08,508.89,46.19999999999999,67.91999999999996,1,1,1.0
16040,17,607.78,212.25,177.08000000000004,299.02,1,1,1.0
16040,18,1150.23,228.24,115.49000000000001,210.03999999999996,1,1,1.0
16040,19,126.48,481.89,46.08999999999999,82.63999999999999,1,1,1.0
16045,1,1139.55,488.06,57.289999999999964,100.33999999999997,1,1,1.0
16045,11,233.41,678.04,55.099999999999994,29.160000000000082,1,1,1.0
16045,12,384.75,102.85,201.41999999999996,354.66999999999996,1,1,1.0
16045,13,1170.5,529.46,55.17000000000007,94.38,1,1,1.0
16045,15,1160.25,475.03,62.65000000000009,89.95000000000005,1,1,1.0
16045,16,437.66,500.78,46.20999999999998,68.08000000000004,1,1,1.0
16045,17,530.72,199.85,178.48000000000002,321.65,1,1,1.0
16045,18,1149.22,233.21,117.38999999999987,217.29999999999998,1,1,1.0
16045,19,134.91,506.79,46.45000000000002,82.63999999999993,1,1,1.0
16050,1,1139.44,494.32,57.289999999999964,100.34999999999997,1,1,1.0
16050,11,245.51,683.79,55.10000000000002,26.610000000000014,1,1,1.0
16050,12,368.17,106.56,201.91000000000003,337.32,1,1,1.0
16050,13,1174.03,530.57,55.51999999999998,94.68999999999994,1,1,1.0
16050,15,1160.35,472.08,63.22000000000003,89.76000000000005,1,1,1.0
16050,16,403.25,492.67,46.19999999999999,68.22999999999996,1,1,1.0
16050,17,442.1,188.9,192.97000000000003,373.30000000000007,1,1,1.0
16050,18,1148.21,238.19,119.28999999999996,224.56,1,1,1.0
16050,19,143.35,531.69,46.78999999999999,82.63999999999999,1,1,1.0
16055,1,1139.32,500.59,57.289999999999964,100.35000000000008,1,1,1.0
16055,11,257.62,689.55,55.10000000000002,24.050000000000068,1,1,1.0
16055,12,434.76,63.63,126.70000000000005,338.77,1,1,1.0
16055,13,1177.56,531.67,55.86000000000013,95.00999999999999,1,1,1.0
16055,15,1160.45,469.13,63.77999999999997,89.57000000000005,1,1,1.0
16055,16,368.84,484.57,46.200000000000045,68.38000000000005,1,1,1.0
16055,17,289.74,131.83,182.88,392.06999999999994,1,1,1.0
16055,18,1147.21,243.16,121.19000000000005,231.83,1,1,1.0
16055,19,151.78,556.6,47.150000000000006,82.63999999999999,1,1,1.0
16060,1,1139.21,506.86,57.289999999999964,100.34000000000003,1,1,1.0
16060,11,269.73,695.3,55.099999999999966,21.5,1,1,1.0
16060,12,359.0,98.77,209.15999999999997,392.23,1,1,1.0
16060,13,1181.1,532.78,56.200000000000045,95.32000000000005,1,1,1.0
16060,15,1160.56,466.17,64.34000000000015,89.38999999999993,1,1,1.0
16060,16,334.43,476.46,46.19999999999999,68.53000000000003,1,1,1.0
16060,17,165.2,135.57,226.23000000000002,347.23,1,1,1.0
16060,18,1146.2,248.14,123.08999999999992,239.09000000000003,1,1,1.0
16060,19,160.21,581.5,47.50999999999999,82.63999999999999,1,1,1.0
16065,1,1139.09,513.12,57.30000000000018,100.35000000000002,1,1,1.0
16065,11,281.84,701.05,55.10000000000002,18.950000000000045,1,1,1.0
16065,12,339.7,93.75,246.03000000000003,348.85,1,1,1.0
16065,13,1184.63,533.89,56.539999999999964,95.62,1,1,1.0
16065,15,1160.66,463.22,64.89999999999986,89.19999999999993,1,1,1.0
16065,16,300.01,468.35,46.19999999999999,68.68999999999994,1,1,1.0
16065,17,99.9,143.94,217.6,256.16,1,1,1.0
16065,18,1145.19,253.11,124.99000000000001,246.36,1,1,1.0
16065,19,168.64,606.4,47.870000000000005,82.63999999999999,1,1,1.0
16070,1,1138.98,519.39,57.289999999999964,100.35000000000002,1,1,1.0
16070,11,258.64,691.96,55.10000000000002,23.149999999999977,1,1,1.0
16070,12,363.79,133.57,281.41,296.83,1,1,1.0
16070,13,1188.16,535.0,56.88999999999987,95.92999999999995,1,1,1.0
16070,15,1160.77,460.27,65.46000000000004,89.00999999999999,1,1,1.0
16070,16,265.6,460.25,46.19999999999999,68.83000000000004,1,1,1.0
16070,17,46.4,118.16,253.70000000000002,312.53999999999996,1,1,1.0
16070,18,1144.19,258.09,126.87999999999988,253.61,1,1,1.0
16070,19,165.68,590.46,48.22999999999999,82.64999999999998,1,1,1.0
16075,1,1138.87,525.66,57.29000000000019,100.35000000000002,1,1,1.0
16075,11,235.45,682.87,55.10000000000002,27.340000000000032,1,1,1.0
16075,12,462.07,138.05,162.83999999999997,327.15,1,1,1.0
16075,13,1191.69,536.1,57.24000000000001,96.25,1,1,1.0
16075,15,1160.87,457.31,66.02000000000021,88.82999999999998,1,1,1.0
16075,16,231.19,452.14,46.19999999999999,68.99000000000001,1,1,1.0
16075,17,48.2,178.71,177.07999999999998,179.46,1,1,1.0
16075,18,1143.18,263.06,128.78999999999996,260.88000000000005,1,1,1.0
16075,19,162.72,574.52,48.58000000000001,82.64999999999998,1,1,1.0
16080,1,1138.75,531.93,57.289999999999964,100.34000000000003,1,1,1.0
16080,11,212.25,673.78,55.110000000000014,31.540000000000077,1,1,1.0
16080,12,421.9,133.91,204.83000000000004,282.39,1,1,1.0
16080,13,1195.23,537.21,57.569999999999936,96.55999999999995,1,1,1.0
16080,15,1160.97,454.36,66.58999999999992,88.63999999999999,1,1,1.0
16080,16,196.78,444.03,46.19999999999999,69.13999999999999,1,1,1.0
16080,17,0.0,187.45,160.5,179.45,1,1,1.0
16080,18,1142.17,268.04,130.68999999999983,268.13999999999993,1,1,1.0
16080,19,159.76,558.59,48.94,82.63999999999999,1,1,1.0
16085,1,1138.64,538.19,57.289999999999964,100.34999999999991,1,1,1.0
16085,11,189.06,664.69,55.099999999999994,35.739999999999895,1,1,1.0
16085,12,424.8,127.22,186.03000000000003,327.17999999999995,1,1,1.0
16085,13,1198.76,538.32,57.92000000000007,96.8599999999999,1,1,1.0
16085,15,1161.08,451.41,67.1400000000001,88.44999999999999,1,1,1.0
16085,16,162.36,435.93,46.19999999999999,69.29000000000002,1,1,1.0
16085,17,4.34,189.49,151.22,171.69,1,1,1.0
16085,18,1141.17,273.01,132.57999999999993,275.40999999999997,1,1,1.0
16085,19,156.8,542.65,49.28999999999999,82.63999999999999,1,1,1.0
16090,1,1138.52,544.46,57.289999999999964,100.34999999999991,1,1,1.0
16090,11,165.87,655.6,55.099999999999994,39.92999999999995,1,1,1.0
16090,12,429.2,120.53,165.72999999999996,328.66999999999996,1,1,1.0
16090,13,1202.29,539.43,58.25999999999999,97.17000000000007,1,1,1.0
16090,15,1161.18,448.45,67.71000000000004,88.27000000000004,1,1,1.0
16090,16,127.95,427.82,46.2,69.44999999999999,1,1,1.0
16090,17,8.68,191.52,141.94,163.93999999999997,1,1,1.0
16090,18,1140.16,277.99,134.48000000000002,282.66999999999996,1,1,1.0
16090,19,153.83,526.71,49.66,82.63999999999999,1,1,1.0
16095,1,1138.41,550.73,57.289999999999964,100.35000000000002,1,1,1.0
16095,11,142.67,646.51,55.10000000000002,44.129999999999995,1,1,1.0
16095,12,439.1,135.11,157.91999999999996,309.0,1,1,1.0
16095,13,1205.82,540.54,58.61000000000013,97.48000000000002,1,1,1.0
16095,15,1161.29,445.5,68.25999999999999,88.09000000000003,1,1,1.0
16095,16,93.54,419.71,46.2,69.60000000000002,1,1,1.0
16095,17,13.02,193.56,132.66,156.18,1,1,1.0
16095,18,1139.15,282.97,136.38999999999987,289.91999999999996,1,1,1.0
16095,19,150.87,510.77,50.00999999999999,82.63999999999999,1,1,1.0
16100,1,1138.29,556.99,57.299999999999955,100.35000000000002,1,1,1.0
16100,11,119.48,637.42,55.10000000000001,48.33000000000004,1,1,1.0
16100,12,412.47,135.23,173.99,355.5,1,1,1.0
16100,13,1209.35,541.64,58.950000000000045,97.80000000000007,1,1,1.0
16100,15,1161.39,442.55,68.82999999999993,87.90000000000003,1,1,1.0
16100,16,59.13,411.61,46.199999999999996,69.75,1,1,1.0
16100,17,17.36,195.6,123.38000000000001,148.42,1,1,1.0
16100,18,1138.14,287.94,138.28999999999996,297.19,1,1,1.0
16100,19,147.91,494.83,50.370000000000005,82.64000000000004,1,1,1.0
16105,1,1067.91,540.45,55.23000000000002,98.69999999999993,1,1,1.0
16105,11,96.28,628.33,55.099999999999994,52.51999999999998,1,1,1.0
16105,12,385.85,135.35,190.04999999999995,402.0,1,1,1.0
16105,13,1212.89,542.75,59.289999999999964,98.11000000000001,1,1,1.0
16105,15,1143.91,255.28,94.80999999999995,87.72,1,1,1.0
16105,16,124.22,530.78,46.19999999999999,69.89999999999998,1,1,1.0
16105,17,21.7,197.63,114.10000000000001,140.67000000000002,1,1,1.0
16105,18,1137.14,292.92,140.17999999999984,304.45,1,1,1.0
16105,19,144.95,478.89,50.72,82.63999999999999,1,1,1.0
16110,1,997.52,523.91,53.180000000000064,97.05000000000007,1,1,1.0
16110,11,73.09,619.24,55.099999999999994,56.72000000000003,1,1,1.0
16110,12,359.22,135.47,206.11,448.51,1,1,1.0
16110,13,1216.42,543.86,59.63999999999987,98.40999999999997,1,1,1.0
16110,15,1126.42,68.02,120.79999999999995,87.53000000000002,1,1,1.0
16110,16,189.32,649.95,46.20000000000002,70.04999999999995,1,1,1.0
16110,17,26.04,199.67,104.82000000000002,132.9,1,1,1.0
16110,18,1136.13,297.89,142.07999999999993,311.72,1,1,1.0
16110,19,141.99,462.95,51.06999999999999,82.64000000000004,1,1,1.0
16115,1,927.14,507.37,51.110000000000014,95.39999999999998,1,1,1.0
16115,11,71.7,621.32,55.099999999999994,60.91999999999996,1,1,1.0
16115,12,332.6,135.59,222.16999999999996,495.01,1,1,1.0
16115,13,979.08,623.5,59.979999999999905,96.5,1,1,1.0
16115,15,1033.78,107.4,103.23000000000002,83.28,1,1,1.0
16115,16,189.98,650.96,46.20000000000002,69.03999999999996,1,1,1.0
16115,17,46.39,205.92,95.54,125.15,1,1,1.0
16115,18,1135.12,302.87,143.99,318.98,1,1,1.0
16115,19,143.43,431.52,51.43000000000001,82.63999999999999,1,1,1.0
16120,1,856.75,490.83,49.049999999999955,93.75000000000006,1,1,1.0
16120,11,70.32,623.4,55.10000000000001,65.11000000000001,1,1,1.0
16120,12,362.25,126.56,199.02999999999997,482.69,1,1,1.0
16120,13,909.88,535.73,55.99000000000001,87.60000000000002,1,1,1.0
16120,15,941.13,146.77,85.66999999999996,79.03999999999999,1,1,1.0
16120,16,190.64,651.98,46.20000000000002,68.01999999999998,1,1,1.0
16120,17,66.73,212.18,86.27,117.38999999999999,1,1,1.0
16120,18,1134.12,307.84,145.8800000000001,326.24000000000007,1,1,1.0
16120,19,144.87,400.09,51.78999999999999,82.64000000000004,1,1,1.0
16125,1,786.37,474.28,46.99000000000001,92.11000000000001,1,1,1.0
16125,11,68.93,625.48,55.099999999999994,69.30999999999995,1,1,1.0
16125,12,391.89,117.54,175.90999999999997,470.35999999999996,1,1,1.0
16125,13,840.68,447.95,52.0,78.69999999999999,1,1,1.0
16125,15,848.49,186.15,68.10000000000002,74.78999999999999,1,1,1.0
16125,16,191.3,652.99,46.19999999999999,67.00999999999999,1,1,1.0
16125,17,87.08,218.43,76.98,109.63,1,1,1.0
16125,18,1113.75,283.04,166.25,333.50999999999993,1,1,1.0
16125,19,146.31,368.66,52.150000000000006,82.63999999999999,1,1,1.0
16130,1,715.98,457.74,44.92999999999995,90.46000000000004,1,1,1.0
16130,11,67.54,627.56,55.099999999999994,73.5,1,1,1.0
16130,12,366.6,151.9,194.67999999999995,324.99,1,1,1.0
16130,13,771.48,360.18,48.00999999999999,69.80000000000001,1,1,1.0
16130,15,755.84,225.52,50.539999999999964,70.54999999999998,1,1,1.0
16130,16,191.96,654.01,46.19999999999999,65.99000000000001,1,1,1.0
16130,17,107.43,224.69,67.69999999999999,101.87,1,1,1.0
16130,18,1042.27,245.51,189.6400000000001,340.77,1,1,1.0
16130,19,83.87,458.72,52.50999999999999,82.63999999999999,1,1,1.0
16135,1,645.6,441.2,42.870000000000005,88.81,1,1,1.0
16135,11,337.34,416.31,40.660000000000025,73.38999999999999,1,1,1.0
16135,12,523.5,296.2,31.269999999999982,69.68,1,1,1.0
16135,13,702.28,272.4,44.01999999999998,60.900000000000034,1,1,1.0
16135,15,663.2,264.9,32.969999999999914,66.30000000000001,1,1,1.0
16135,16,342.68,575.84,46.19999999999999,80.79999999999995,1,1,1.0
16135,17,356.3,299.3,30.899999999999977,70.95999999999998,1,1,1.0
16135,18,607.9,309.7,33.10000000000002,62.10000000000002,1,1,1.0
16135,19,527.65,421.5,52.860000000000014,82.63999999999999,1,1,1.0
16140,1,635.77,430.1,41.90999999999997,87.61000000000001,1,1,1.0
16140,11,280.44,412.96,55.10000000000002,77.70000000000005,1,1,1.0
16140,12,496.7,296.2,58.06999999999999,69.69999999999999,1,1,1.0
16140,13,621.96,274.9,29.539999999999964,76.79000000000002,1,1,1.0
16140,15,591.24,271.4,32.97000000000003,53.32000000000005,1,1,1.0
16140,16,329.29,568.19,46.19999999999999,80.79999999999995,1,1,1.0
16140,17,343.52,296.5,40.08000000000004,74.31,1,1,1.0
16140,18,597.6,308.36,30.199999999999932,69.33999999999997,1,1,1.0
16140,19,477.45,409.79,52.85999999999996,82.63999999999999,1,1,1.0
16145,1,625.94,419.0,40.95999999999992,86.39999999999998,1,1,1.0
16145,11,268.73,397.9,55.099999999999966,77.70000000000005,1,1,1.0
16145,12,493.5,306.24,37.84000000000003,69.69999999999999,1,1,1.0
16145,13,595.18,278.4,25.220000000000027,56.55000000000001,1,1,1.0
16145,15,562.69,278.19,27.139999999999986,46.06999999999999,1,1,1.0
16145,16,315.9,560.55,46.200000000000045,80.80000000000007,1,1,1.0
16145,17,330.73,293.7,49.26999999999998,77.67000000000002,1,1,1.0
16145,18,591.9,309.83,35.200000000000045,69.17000000000002,1,1,1.0
16145,19,469.18,406.4,41.31999999999999,74.0,1,1,1.0
16150,1,616.11,422.4,41.389999999999986,85.86000000000001,1,1,1.0
16150,11,257.02,382.84,55.10000000000002,77.70000000000005,1,1,1.0
16150,12,483.1,316.28,24.810000000000002,55.22000000000003,1,1,1.0
16150,13,541.17,289.44,34.34000000000003,53.74000000000001,1,1,1.0
16150,15,511.7,290.2,25.71999999999997,54.77000000000004,1,1,1.0
16150,16,315.45,557.51,46.19999999999999,80.79999999999995,1,1,1.0
16150,17,333.9,303.8,42.47000000000003,68.13,1,1,1.0
16150,18,586.2,311.3,40.19999999999993,69.0,1,1,1.0
16150,19,433.4,403.09,28.30000000000001,76.81,1,1,1.0
16155,1,601.1,407.91,40.5,88.78999999999996,1,1,1.0
16155,11,235.49,386.27,49.31,77.70000000000005,1,1,1.0
16155,12,454.3,333.02,33.52999999999997,53.78000000000003,1,1,1.0
16155,13,497.1,291.0,37.27999999999997,62.360000000000014,1,1,1.0
16155,15,469.6,277.2,25.75,47.52000000000004,1,1,1.0
16155,16,314.99,554.46,46.19999999999999,80.79999999999995,1,1,1.0
16155,17,327.3,312.54,43.49000000000001,63.72999999999996,1,1,1.0
16155,18,572.81,324.3,32.99000000000001,56.0,1,1,1.0
16155,19,378.71,394.73,52.860000000000014,82.63999999999999,1,1,1.0
16160,1,597.2,408.4,38.539999999999964,81.53000000000003,1,1,1.0
16160,11,230.8,377.9,39.20999999999998,77.66000000000003,1,1,1.0
16160,12,431.44,329.67,39.25999999999999,69.69999999999999,1,1,1.0
16160,13,477.9,292.4,21.340000000000032,60.960000000000036,1,1,1.0
16160,15,434.0,291.6,22.860000000000014,43.15999999999997,1,1,1.0
16160,16,313.09,556.48,46.200000000000045,80.79999999999995,1,1,1.0
16160,17,320.01,313.98,40.870000000000005,78.91999999999996,1,1,1.0
16160,18,563.8,324.6,33.0,69.08999999999997,1,1,1.0
16160,19,347.3,393.05,34.06999999999999,63.849999999999966,1,1,1.0
16165,1,586.1,405.9,43.789999999999964,77.25,1,1,1.0
16165,11,200.12,369.45,55.099999999999994,77.69999999999999,1,1,1.0
16165,12,406.33,338.04,58.06999999999999,69.69999999999999,1,1,1.0
16165,13,443.7,297.6,27.090000000000032,72.48999999999995,1,1,1.0
16165,15,396.0,301.0,25.720000000000027,60.52999999999997,1,1,1.0
16165,16,311.19,558.5,46.19999999999999,80.79999999999995,1,1,1.0
16165,17,311.3,318.3,42.599999999999966,59.420000000000016,1,1,1.0
16165,18,543.3,337.7,30.07000000000005,55.99000000000001,1,1,1.0
16165,19,300.06,379.67,52.860000000000014,82.63999999999999,1,1,1.0
16170,1,566.0,403.6,43.809999999999945,72.85999999999996,1,1,1.0
16170,11,188.19,374.17,55.099999999999994,77.69999999999999,1,1,1.0
16170,12,379.56,346.41,58.06999999999999,58.0,1,1,1.0
16170,13,421.4,304.8,34.33000000000004,65.28999999999996,1,1,1.0
16170,15,358.4,310.6,31.53000000000003,47.589999999999975,1,1,1.0
16170,16,290.12,556.18,46.19999999999999,80.80000000000007,1,1,1.0
16170,17,294.5,331.8,35.30000000000001,68.09999999999997,1,1,1.0
16170,18,504.2,338.48,47.410000000000025,71.94,1,1,1.0
16170,19,263.25,377.99,52.860000000000014,82.63999999999999,1,1,1.0
16175,1,530.2,415.1,39.43999999999994,71.39999999999998,1,1,1.0
16175,11,157.5,389.0,43.49000000000001,63.25,1,1,1.0
16175,12,326.01,363.14,58.06999999999999,58.00999999999999,1,1,1.0
16175,13,369.7,323.3,35.829999999999984,55.15999999999997,1,1,1.0
16175,15,295.0,325.6,33.00999999999999,57.69,1,1,1.0
16175,16,269.04,553.85,46.19999999999999,80.79999999999995,1,1,1.0
16175,17,259.1,348.1,42.5,78.22999999999996,1,1,1.0
16175,18,455.67,355.21,47.40999999999997,71.95000000000005,1,1,1.0
16175,19,206.35,386.36,35.55000000000001,69.63999999999999,1,1,1.0
16180,1,461.5,426.7,49.56999999999999,81.56,1,1,1.0
16180,11,95.9,389.0,42.03,73.38,1,1,1.0
16180,12,260.75,398.28,58.06,58.01000000000005,1,1,1.0
16180,13,298.98,335.3,32.91999999999996,56.55000000000001,1,1,1.0
16180,15,212.36,341.14,32.97,86.59000000000003,1,1,1.0
16180,16,215.82,561.15,46.24000000000001,80.80000000000007,1,1,1.0
16180,17,193.1,381.57,30.99000000000001,66.63,1,1,1.0
16180,18,373.67,383.66,47.41999999999996,71.94,1,1,1.0
16180,19,127.7,404.77,32.60000000000001,73.93,1,1,1.0
16185,1,431.2,426.32,38.03000000000003,87.28000000000003,1,1,1.0
16185,11,53.6,392.88,27.580000000000005,76.22000000000003,1,1,1.0
16185,12,247.8,399.96,36.40999999999997,59.44,1,1,1.0
16185,13,259.5,355.8,32.89999999999998,57.96999999999997,1,1,1.0
16185,15,162.9,356.6,22.870000000000005,41.75,1,1,1.0
16185,16,187.77,579.49,46.23999999999998,80.79999999999995,1,1,1.0
16185,17,155.6,399.98,36.69,68.12,1,1,1.0
16185,18,334.28,392.34,47.410000000000025,71.94,1,1,1.0
16185,19,77.49,413.13,35.510000000000005,65.26999999999998,1,1,1.0
16190,1,366.81,449.74,36.49000000000001,80.96000000000004,1,1,1.0
16190,11,70.5,385.0,35.78,73.86000000000001,1,1,1.0
16190,12,117.53,318.8,58.06999999999999,58.00999999999999,1,1,1.0
16190,13,1074.33,457.5,32.90000000000009,78.97000000000003,1,1,1.0
16190,15,179.9,383.8,32.97,67.21999999999997,1,1,1.0
16190,16,133.71,588.3,46.25,80.80000000000007,1,1,1.0
16190,17,163.99,425.08,58.42999999999998,94.11000000000007,1,1,1.0
16190,18,273.27,422.15,47.410000000000025,71.94,1,1,1.0
16190,19,87.53,428.2,43.16999999999999,65.19999999999999,1,1,1.0
16195,1,299.87,454.76,44.23000000000002,75.13999999999999,1,1,1.0
16195,11,31.7,424.67,26.05,81.52999999999997,1,1,1.0
16195,12,16.06,335.16,58.06999999999999,58.00999999999999,1,1,1.0
16195,13,998.49,439.15,32.91000000000008,99.96000000000004,1,1,1.0
16195,15,112.36,441.87,36.33999999999999,80.83000000000004,1,1,1.0
16195,16,73.64,592.44,46.239999999999995,80.79999999999995,1,1,1.0
16195,17,189.09,423.41,58.43000000000001,94.10999999999996,1,1,1.0
16195,18,106.29,336.78,47.40999999999998,71.94000000000005,1,1,1.0
16195,19,115.5,403.9,44.139999999999986,50.670000000000016,1,1,1.0
16200,1,226.24,458.11,38.360000000000014,71.28999999999996,1,1,1.0
16200,11,31.1,451.44,55.1,77.69999999999999,1,1,1.0
16200,12,14.49,342.32,58.059999999999995,58.00999999999999,1,1,1.0
16200,13,928.2,462.58,32.91999999999996,99.95999999999998,1,1,1.0
16200,15,140.45,442.73,36.58000000000001,80.96000000000004,1,1,1.0
16200,16,15.16,614.89,46.25,80.80000000000007,1,1,1.0
16200,17,225.92,333.25,50.72999999999999,92.22000000000003,1,1,1.0
16200,18,95.66,351.59,45.56999999999999,71.94,1,1,1.0
16200,19,947.0,458.95,52.860000000000014,82.65000000000003,1,1,1.0
16205,1,215.48,482.77,38.70000000000002,67.81000000000006,1,1,1.0
16205,11,77.96,450.23,55.10000000000001,77.69999999999993,1,1,1.0
16205,12,12.91,349.49,58.07000000000001,58.00999999999999,1,1,1.0
16205,13,849.55,459.23,32.91000000000008,99.96000000000004,1,1,1.0
16205,15,173.83,451.34,36.829999999999984,81.07999999999998,1,1,1.0
16205,16,14.24,620.86,46.239999999999995,77.52999999999997,1,1,1.0
16205,17,174.1,638.88,58.43000000000001,81.12,1,1,1.0
16205,18,85.03,366.39,43.72999999999999,71.94,1,1,1.0
16205,19,879.35,467.31,35.44999999999993,70.98999999999995,1,1,1.0
16210,1,204.72,507.44,39.03999999999999,64.32,1,1,1.0
16210,11,4.32,464.83,55.1,77.69999999999999,1,1,1.0
16210,12,11.33,356.65,58.07000000000001,58.01000000000005,1,1,1.0
16210,13,789.3,465.92,32.92000000000007,99.96999999999997,1,1,1.0
16210,15,158.41,456.63,37.08000000000001,81.20000000000005,1,1,1.0
16210,16,13.31,626.84,46.25,74.25,1,1,1.0
16210,17,105.42,458.55,58.42999999999999,94.10999999999996,1,1,1.0
16210,18,74.4,381.2,41.89,71.94,1,1,1.0
16210,19,818.85,465.77,35.82999999999993,71.25,1,1,1.0
16215,1,193.97,532.1,39.379999999999995,60.82999999999993,1,1,1.0
16215,11,3.71,484.19,53.29,77.69999999999999,1,1,1.0
16215,12,9.75,363.82,58.06999999999999,58.00999999999999,1,1,1.0
16215,13,744.12,472.62,32.91999999999996,99.96000000000004,1,1,1.0
16215,15,142.99,461.92,37.31999999999999,81.32,1,1,1.0
16215,16,12.39,632.82,46.24,70.96999999999991,1,1,1.0
16215,17,56.89,456.88,58.42999999999999,94.11000000000001,1,1,1.0
16215,18,63.77,396.0,40.059999999999995,71.94,1,1,1.0
16215,19,775.06,464.23,36.23000000000002,71.50999999999999,1,1,1.0
16220,1,183.21,556.77,39.72,57.34000000000003,1,1,1.0
16220,11,3.09,503.56,51.489999999999995,77.69999999999999,1,1,1.0
16220,12,8.17,370.98,58.06999999999999,58.00999999999999,1,1,1.0
16220,13,688.9,464.25,32.90999999999997,99.96000000000004,1,1,1.0
16220,15,127.56,467.21,37.579999999999984,81.44,1,1,1.0
16220,16,11.47,638.8,46.24,67.69000000000005,1,1,1.0
16220,17,47.41,423.29,61.64,88.56,1,1,1.0
16220,18,53.14,410.81,38.22,71.94,1,1,1.0
16220,19,718.63,462.7,36.610000000000014,71.76000000000005,1,1,1.0
16225,1,172.46,581.43,40.04999999999998,53.860000000000014,1,1,1.0
16225,11,2.47,522.92,49.69,77.70000000000005,1,1,1.0
16225,12,6.6,378.15,58.07,58.01000000000005,1,1,1.0
16225,13,647.03,445.84,48.00999999999999,99.95999999999998,1,1,1.0
16225,15,112.14,472.5,37.82000000000001,81.57000000000005,1,1,1.0
16225,16,10.54,644.77,46.25,64.42000000000007,1,1,1.0
16225,17,37.93,389.7,64.86000000000001,83.02000000000004,1,1,1.0
16225,18,42.52,425.61,36.37,71.94,1,1,1.0
16225,19,690.54,453.41,37.0,72.03000000000003,1,1,1.0
16230,1,161.7,606.09,40.390000000000015,50.379999999999995,1,1,1.0
16230,11,1.85,542.28,47.879999999999995,77.70000000000005,1,1,1.0
16230,12,5.02,385.31,58.07000000000001,58.00999999999999,1,1,1.0
16230,13,600.17,439.15,48.00999999999999,99.96000000000004,1,1,1.0
16230,15,96.72,477.79,38.06999999999999,81.69,1,1,1.0
16230,16,9.62,650.75,46.24,61.14999999999998,1,1,1.0
16230,17,28.44,356.11,68.08,77.46999999999997,1,1,1.0
16230,18,31.89,440.42,34.53,71.94,1,1,1.0
16230,19,641.77,440.45,37.389999999999986,72.28000000000003,1,1,1.0
16235,1,150.95,630.76,40.73000000000002,46.879999999999995,1,1,1.0
16235,11,1.24,561.64,46.07,77.70000000000005,1,1,1.0
16235,12,3.44,392.48,58.07,58.00999999999999,1,1,1.0
16235,13,575.07,440.82,48.00999999999999,99.95999999999998,1,1,1.0
16235,15,81.29,483.08,38.33,81.81,1,1,1.0
16235,16,8.7,656.73,46.239999999999995,57.870000000000005,1,1,1.0
16235,17,18.96,322.52,71.30000000000001,71.92000000000002,1,1,1.0
16235,18,21.26,455.22,32.69,71.93999999999994,1,1,1.0
16235,19,609.66,435.51,37.76999999999998,72.54000000000002,1,1,1.0
16240,1,140.19,655.42,41.06999999999999,43.40000000000009,1,1,1.0
16240,11,0.62,581.0,44.27,77.71000000000004,1,1,1.0
16240,12,1.86,399.64,58.07,58.00999999999999,1,1,1.0
16240,13,549.97,440.82,48.00999999999999,99.95999999999998,1,1,1.0
16240,15,65.87,488.37,38.56999999999999,81.92999999999995,1,1,1.0
16240,16,7.77,662.7,46.25,54.59999999999991,1,1,1.0
16240,17,9.48,288.93,74.50999999999999,66.37,1,1,1.0
16240,18,10.63,470.03,30.86,71.94000000000005,1,1,1.0
16240,19,584.14,426.81,38.15999999999997,72.80000000000001,1,1,1.0
16245,1,129.44,680.08,41.400000000000006,39.91999999999996,1,1,1.0
16245,11,0.0,600.37,42.46,77.70000000000005,1,1,1.0
16245,12,0.29,406.81,58.06,58.00999999999999,1,1,1.0
16245,13,519.84,439.15,48.01999999999998,99.96000000000004,1,1,1.0
16245,15,50.45,493.66,38.81999999999999,82.06,1,1,1.0
16245,16,6.85,668.68,46.24,51.32000000000005,1,1,1.0
16245,17,0.0,255.34,77.73,60.82000000000002,1,1,1.0
16245,18,0.0,484.83,29.02,71.94,1,1,1.0
16245,19,561.22,433.8,38.549999999999955,73.06,1,1,1.0
16250,1,113.5,640.5,41.75,41.549999999999955,1,1,1.0
16250,11,0.0,585.09,42.21,77.69999999999993,1,1,1.0
16250,12,0.19,417.75,51.64,58.00999999999999,1,1,1.0
16250,13,498.09,427.43,48.01000000000005,99.96999999999997,1,1,1.0
16250,15,35.05,543.7,59.71000000000001,80.1099999999999,1,1,1.0
16250,16,145.59,663.49,43.59,52.110000000000014,1,1,1.0
16250,17,0.0,316.4,48.53,52.660000000000025,1,1,1.0
16250,18,3.64,493.88,29.519999999999996,71.94000000000005,1,1,1.0
16250,19,540.87,425.09,38.93999999999994,73.31,1,1,1.0
16255,1,97.57,600.92,42.08000000000001,43.180000000000064,1,1,1.0
16255,11,0.0,569.81,41.95,77.70000000000005,1,1,1.0
16255,12,0.1,428.7,45.21,58.0,1,1,1.0
16255,13,483.03,417.39,48.00999999999999,99.97000000000003,1,1,1.0
16255,15,19.65,593.74,80.61000000000001,78.16999999999996,1,1,1.0
16255,16,284.34,658.3,40.920000000000016,52.91000000000008,1,1,1.0
16255,17,0.0,377.46,19.34,44.5,1,1,1.0
16255,18,7.29,502.93,30.009999999999998,71.94999999999999,1,1,1.0
16255,19,530.79,422.4,39.32000000000005,73.58000000000004,1,1,1.0
16260,1,81.64,561.33,42.42,44.819999999999936,1,1,1.0
16260,11,0.0,554.53,41.69,77.70000000000005,1,1,1.0
16260,12,0.0,439.64,38.79,58.00999999999999,1,1,1.0
16260,13,472.99,432.6,48.00999999999999,86.42999999999995,1,1,1.0
16260,15,4.25,643.78,101.51,76.22000000000003,1,1,1.0
16260,16,423.08,653.1,38.27000000000004,53.70999999999992,1,1,1.0
16260,17,0.0,242.03,88.27,181.52,1,1,1.0
16260,18,10.93,511.99,30.509999999999998,71.93999999999994,1,1,1.0
16260,19,519.11,429.45,39.710000000000036,73.84000000000003,1,1,1.0
16265,1,65.71,521.75,42.75,46.450000000000045,1,1,1.0
16265,11,0.0,539.25,41.43,77.70000000000005,1,1,1.0
16265,12,0.0,440.05,33.28,58.0,1,1,1.0
16265,13,447.88,425.76,48.01999999999998,99.96000000000004,1,1,1.0
16265,15,8.1,643.02,99.93,76.52999999999997,1,1,1.0
16265,16,561.83,647.91,35.59999999999991,54.50999999999999,1,1,1.0
16265,17,159.55,132.74,218.39,404.67999999999995,1,1,1.0
16265,18,10.02,505.06,30.19,71.94,1,1,1.0
16265,19,658.08,438.21,40.08999999999992,74.08999999999997,1,1,1.0
16270,1,49.78,482.16,43.09,48.089999999999975,1,1,1.0
16270,11,0.0,523.96,41.17,77.69999999999993,1,1,1.0
16270,12,0.0,440.45,27.76,58.00999999999999,1,1,1.0
16270,13,0.0,155.18,42.1,176.92000000000002,1,1,1.0
16270,15,11.94,642.26,98.36,76.83000000000004,1,1,1.0
16270,16,700.57,642.72,32.94999999999993,55.299999999999955,1,1,1.0
16270,17,319.1,23.45,348.5,627.8499999999999,1,1,1.0
16270,18,9.11,498.14,29.869999999999997,71.94000000000005,1,1,1.0
16270,19,797.04,446.97,40.48000000000002,74.35000000000002,1,1,1.0
16275,1,33.85,442.58,43.43,49.72000000000003,1,1,1.0
16275,11,0.0,508.68,40.91,77.69999999999999,1,1,1.0
16275,12,0.0,440.86,22.24,58.00999999999999,1,1,1.0
16275,13,0.0,151.08,42.02,176.92,1,1,1.0
16275,15,15.79,641.5,96.78,77.13999999999999,1,1,1.0
16275,16,839.32,637.53,30.289999999999964,56.10000000000002,1,1,1.0
16275,17,277.35,42.7,360.13,619.15,1,1,1.0
16275,18,8.2,491.22,29.55,71.93999999999994,1,1,1.0
16275,19,936.01,455.72,40.870000000000005,74.62,1,1,1.0
16280,1,17.91,403.0,43.769999999999996,51.35000000000002,1,1,1.0
16280,11,0.0,493.4,40.65,77.70000000000005,1,1,1.0
16280,12,0.0,441.27,16.73,58.00999999999999,1,1,1.0
16280,13,0.0,146.98,41.95,176.92,1,1,1.0
16280,15,19.63,640.74,95.21000000000001,77.45000000000005,1,1,1.0
16280,16,978.06,632.33,27.63000000000011,56.89999999999998,1,1,1.0
16280,17,235.6,61.94,371.76,610.46,1,1,1.0
16280,18,7.29,484.3,29.230000000000004,71.94,1,1,1.0
16280,19,1074.98,464.48,41.25,74.87,1,1,1.0
16285,1,1.98,363.41,44.11000000000001,52.98999999999995,1,1,1.0
16285,11,0.0,478.12,40.39,77.70000000000005,1,1,1.0
16285,12,0.0,441.68,11.21,58.00999999999999,1,1,1.0
16285,13,0.0,142.88,41.88,176.92000000000002,1,1,1.0
16285,15,23.48,639.99,93.64,77.74000000000001,1,1,1.0
16285,16,1116.8,627.14,24.980000000000018,57.690000000000055,1,1,1.0
16285,17,215.0,102.11,437.53999999999996,587.1899999999999,1,1,1.0
16285,18,6.38,477.37,28.91,71.95000000000005,1,1,1.0
16285,19,1213.95,473.24,41.63999999999987,75.13,1,1,1.0
16290,1,3.98,364.25,44.440000000000005,54.620000000000005,1,1,1.0
16290,11,0.0,462.84,40.13,77.69999999999999,1,1,1.0
16290,12,0.0,452.57,13.23,58.00999999999999,1,1,1.0
16290,13,0.0,138.78,41.81,176.92,1,1,1.0
16290,15,27.32,639.23,92.07,78.04999999999995,1,1,1.0
16290,16,1122.24,631.26,25.710000000000036,56.5,1,1,1.0
16290,17,329.9,142.27,472.4,577.53,1,1,1.0
16290,18,5.47,470.45,28.590000000000003,71.94,1,1,1.0
16290,19,1196.84,488.88,47.350000000000136,73.78999999999996,1,1,1.0
16295,1,5.98,365.09,44.78,56.25,1,1,1.0
16295,11,0.0,447.56,39.87,77.69999999999999,1,1,1.0
16295,12,0.0,463.47,15.25,58.00999999999999,1,1,1.0
16295,13,0.0,134.68,41.74,176.92000000000002,1,1,1.0
16295,15,31.17,638.47,90.49,78.35000000000002,1,1,1.0
16295,16,1127.68,635.37,26.439999999999827,55.33000000000004,1,1,1.0
16295,17,327.5,95.8,400.70000000000005,585.3000000000001,1,1,1.0
16295,18,4.56,463.53,28.27,71.94000000000005,1,1,1.0
16295,19,1179.74,504.52,53.059999999999945,72.46000000000004,1,1,1.0
16300,1,7.98,365.92,45.120000000000005,57.879999999999995,1,1,1.0
16300,11,0.0,432.28,39.62,77.70000000000005,1,1,1.0
16300,12,0.0,474.36,17.26,58.00999999999999,1,1,1.0
16300,13,0.0,130.58,41.67,176.92,1,1,1.0
16300,15,35.01,637.71,88.92000000000002,78.65999999999997,1,1,1.0
16300,16,1133.12,639.49,27.170000000000073,54.139999999999986,1,1,1.0
16300,17,308.5,19.0,572.1,603.72,1,1,1.0
16300,18,3.64,456.61,27.96,71.93999999999994,1,1,1.0
16300,19,1162.64,520.16,58.76999999999998,71.12,1,1,1.0
16305,1,9.98,366.76,45.45,59.50999999999999,1,1,1.0
16305,11,0.0,417.0,39.36,77.69999999999999,1,1,1.0
16305,12,0.0,485.26,19.28,58.00999999999999,1,1,1.0
16305,13,0.0,126.48,41.6,176.91999999999996,1,1,1.0
16305,15,38.86,636.95,87.34,78.96999999999991,1,1,1.0
16305,16,1138.56,643.6,27.90000000000009,52.95999999999992,1,1,1.0
16305,17,343.7,108.8,606.0,611.2,1,1,1.0
16305,18,2.73,449.69,27.63,71.94,1,1,1.0
16305,19,1145.54,535.8,64.47000000000003,69.78000000000009,1,1,1.0
16310,1,11.97,367.6,45.800000000000004,61.139999999999986,1,1,1.0
16310,11,0.0,401.72,39.1,77.69999999999999,1,1,1.0
16310,12,0.0,496.16,21.29,57.99999999999994,1,1,1.0
16310,13,0.0,122.38,41.53,176.92000000000002,1,1,1.0
16310,15,42.7,636.19,85.77,79.26999999999998,1,1,1.0
16310,16,1144.0,647.72,28.6400000000001,51.76999999999998,1,1,1.0
16310,17,428.1,84.3,501.5,624.0,1,1,1.0
16310,18,1.82,442.76,27.31,71.95000000000005,1,1,1.0
16310,19,1128.44,551.44,70.17999999999984,68.43999999999994,1,1,1.0
16315,1,13.97,368.43,46.14,62.77999999999997,1,1,1.0
16315,11,0.0,386.44,38.84,77.69999999999999,1,1,1.0
16315,12,0.0,507.05,23.31,58.009999999999934,1,1,1.0
16315,13,0.0,118.28,41.45,176.92999999999998,1,1,1.0
16315,15,46.55,635.43,84.19000000000001,79.58000000000004,1,1,1.0
16315,16,1149.44,651.84,29.36999999999989,50.57999999999993,1,1,1.0
16315,17,363.4,140.6,546.0,577.5,1,1,1.0
16315,18,0.91,435.84,26.99,71.94,1,1,1.0
16315,19,1111.34,567.09,75.8900000000001,67.10000000000002,1,1,1.0
16320,1,15.97,369.27,46.47,64.41000000000003,1,1,1.0
16320,11,0.0,371.16,38.58,77.69999999999999,1,1,1.0
16320,12,0.0,517.95,25.33,58.00999999999999,1,1,1.0
16320,13,0.0,114.18,41.38,176.93,1,1,1.0
16320,15,50.39,634.67,82.61999999999999,79.88999999999999,1,1,1.0
16320,16,1154.87,655.95,30.110000000000127,49.39999999999998,1,1,1.0
16320,17,387.7,95.0,517.0,596.9,1,1,1.0
16320,18,0.0,428.92,26.67,71.94,1,1,1.0
16320,19,1094.24,582.73,81.59999999999991,65.75999999999999,1,1,1.0
16325,1,17.97,370.11,46.81,66.03999999999996,1,1,1.0
16325,11,0.0,355.88,38.32,77.69999999999999,1,1,1.0
16325,12,0.0,528.84,27.34,58.00999999999999,1,1,1.0
16325,13,0.0,110.08,41.31,176.93,1,1,1.0
16325,15,54.24,633.92,81.03999999999999,80.18000000000006,1,1,1.0
16325,16,1160.31,660.07,30.840000000000146,48.20999999999992,1,1,1.0
16325,17,462.0,84.22,486.0,622.0799999999999,1,1,1.0
16325,18,3.77,476.64,27.62,68.05000000000007,1,1,1.0
16325,19,1077.14,598.37,87.29999999999995,64.41999999999996,1,1,1.0
16330,1,19.97,370.94,47.14,67.68,1,1,1.0
16330,11,0.0,340.6,38.06,77.69999999999999,1,1,1.0
16330,12,0.0,539.74,29.36,58.00999999999999,1,1,1.0
16330,13,0.0,105.98,41.24,176.93,1,1,1.0
16330,15,58.08,633.16,79.47000000000001,80.49000000000001,1,1,1.0
16330,16,1165.75,664.18,31.569999999999936,47.030000000000086,1,1,1.0
16330,17,373.0,85.16,551.82,628.5400000000001,1,1,1.0
16330,18,7.54,524.36,28.560000000000002,64.15999999999997,1,1,1.0
16330,19,1060.04,614.01,93.00999999999999,63.08000000000004,1,1,1.0
16335,1,21.97,371.78,47.480000000000004,69.31,1,1,1.0
16335,11,0.0,325.32,37.8,77.69999999999999,1,1,1.0
16335,12,0.0,550.63,31.37,58.00999999999999,1,1,1.0
16335,13,0.0,101.89,41.17,176.92000000000002,1,1,1.0
16335,15,61.92,632.4,77.89999999999999,80.80000000000007,1,1,1.0
16335,16,1171.19,668.3,32.309999999999945,45.84000000000003,1,1,1.0
16335,17,426.28,57.06,485.0400000000001,611.7,1,1,1.0
16335,18,11.31,572.07,29.5,60.26999999999998,1,1,1.0
16335,19,1042.94,629.65,98.72000000000003,61.75,1,1,1.0
16340,1,10.98,394.54,36.31999999999999,70.94,1,1,1.0
16340,11,0.0,310.04,37.54,77.69999999999999,1,1,1.0
16340,12,0.0,561.53,33.39,58.00999999999999,1,1,1.0
16340,13,0.0,97.79,41.1,176.91999999999996,1,1,1.0
16340,15,65.77,631.64,76.33,81.10000000000002,1,1,1.0
16340,16,1176.63,672.42,33.039999999999964,44.65000000000009,1,1,1.0
16340,17,431.2,87.04,447.25000000000006,632.96,1,1,1.0
16340,18,15.08,619.79,30.440000000000005,56.379999999999995,1,1,1.0
16340,19,1025.84,645.29,104.43000000000006,60.41000000000008,1,1,1.0
16345,1,0.0,417.29,25.15,72.57999999999998,1,1,1.0
16345,11,0.0,294.76,37.28,77.69999999999999,1,1,1.0
16345,12,0.0,572.43,35.41,58.0,1,1,1.0
16345,13,0.0,93.69,41.03,176.92000000000002,1,1,1.0
16345,15,69.61,630.88,74.76,81.40999999999997,1,1,1.0
16345,16,1182.07,676.53,33.76999999999998,43.47000000000003,1,1,1.0
16345,17,379.6,34.2,408.49,684.0,1,1,1.0
16345,18,18.85,667.51,31.39,52.49000000000001,1,1,1.0
16345,19,1008.74,660.93,110.12999999999988,59.07000000000005,1,1,1.0
16350,1,0.0,419.27,50.69,74.22000000000003,1,1,1.0
16350,11,101.47,330.13,38.43000000000001,77.07999999999998,1,1,1.0
16350,12,0.0,563.74,34.01,55.35000000000002,1,1,1.0
16350,13,9.03,108.04,64.71,176.93,1,1,1.0
16350,15,60.91,617.55,70.69,81.71000000000004,1,1,1.0
16350,16,1182.3,674.38,34.5,45.620000000000005,1,1,1.0
16350,17,305.4,167.37,338.77,552.63,1,1,1.0
16350,18,22.03,646.78,32.33,53.629999999999995,1,1,1.0
16350,19,1029.39,656.31,106.76999999999998,60.460000000000036,1,1,1.0
16355,1,0.0,421.26,76.24,75.85000000000002,1,1,1.0
16355,11,202.94,365.49,39.58000000000001,76.48000000000002,1,1,1.0
16355,12,0.0,555.05,32.62,52.690000000000055,1,1,1.0
16355,13,6.77,113.7,61.010000000000005,169.60000000000002,1,1,1.0
16355,15,52.21,604.22,66.63,82.01999999999998,1,1,1.0
16355,16,1182.53,672.24,35.24000000000001,47.75999999999999,1,1,1.0
16355,17,265.3,97.08,350.42,622.92,1,1,1.0
16355,18,25.21,626.04,33.269999999999996,54.780000000000086,1,1,1.0
16355,19,1050.05,651.69,103.40000000000009,61.83999999999992,1,1,1.0
16360,1,0.0,423.24,101.79,77.48000000000002,1,1,1.0
16360,11,304.41,400.86,40.72999999999996,75.86000000000001,1,1,1.0
16360,12,0.0,546.36,31.23,50.02999999999997,1,1,1.0
16360,13,4.51,119.35,57.31,162.28,1,1,1.0
16360,15,43.51,590.89,62.57,82.32000000000005,1,1,1.0
16360,16,1182.76,670.09,35.97000000000003,49.90999999999997,1,1,1.0
16360,17,287.9,67.52,405.56000000000006,606.96,1,1,1.0
16360,18,28.39,605.31,34.21,55.92000000000007,1,1,1.0
16360,19,1070.71,647.07,100.02999999999997,63.229999999999905,1,1,1.0
16365,1,0.0,425.22,127.34,79.11999999999995,1,1,1.0
16365,11,405.88,436.23,41.870000000000005,75.24000000000001,1,1,1.0
16365,12,0.0,537.67,29.84,47.370000000000005,1,1,1.0
16365,13,2.26,125.0,53.6,154.95999999999998,1,1,1.0
16365,15,34.81,577.56,58.5,82.63000000000011,1,1,1.0
16365,16,1182.99,667.94,36.710000000000036,52.059999999999945,1,1,1.0
16365,17,302.7,103.78,383.31,616.22,1,1,1.0
16365,18,31.56,584.57,35.16,57.069999999999936,1,1,1.0
16365,19,1091.37,642.45,96.66000000000008,64.62,1,1,1.0
16370,1,0.0,427.2,152.88,80.75,1,1,1.0
16370,11,507.35,471.6,43.01999999999998,74.63,1,1,1.0
16370,12,0.0,528.98,28.44,44.710000000000036,1,1,1.0
16370,13,0.0,130.66,49.9,147.64000000000001,1,1,1.0
16370,15,26.11,564.23,54.44,82.92999999999995,1,1,1.0
16370,16,1183.22,665.8,37.440000000000055,54.200000000000045,1,1,1.0
16370,17,264.0,64.45,391.04999999999995,652.05,1,1,1.0
16370,18,34.74,563.84,36.1,58.20999999999992,1,1,1.0
16370,19,1112.02,637.83,93.28999999999996,66.00999999999999,1,1,1.0
16375,1,0.0,489.76,134.74,82.38,1,1,1.0
16375,11,608.82,506.97,44.16999999999996,74.00999999999999,1,1,1.0
16375,12,0.0,520.29,27.05,42.05000000000007,1,1,1.0
16375,13,0.0,94.37,121.4,318.43,1,1,1.0
16375,15,17.4,550.9,50.39000000000001,83.24000000000001,1,1,1.0
16375,16,1183.45,663.65,38.169999999999845,56.35000000000002,1,1,1.0
16375,17,233.0,25.13,422.1,689.07,1,1,1.0
16375,18,27.79,584.64,34.910000000000004,57.0,1,1,1.0
16375,19,1044.95,641.52,89.91999999999985,64.11000000000001,1,1,1.0
16380,1,0.0,552.31,116.59,84.0200000000001,1,1,1.0
16380,11,710.29,542.34,45.32000000000005,73.39999999999998,1,1,1.0
16380,12,0.0,511.6,25.66,39.389999999999986,1,1,1.0
16380,13,0.0,58.08,192.9,489.21999999999997,1,1,1.0
16380,15,8.7,537.57,46.33,83.53999999999996,1,1,1.0
16380,16,1183.68,661.5,38.909999999999854,58.5,1,1,1.0
16380,17,273.47,41.02,467.63,671.38,1,1,1.0
16380,18,20.85,605.44,33.71,55.789999999999964,1,1,1.0
16380,19,977.87,645.2,86.55000000000007,62.229999999999905,1,1,1.0
16385,1,0.0,614.87,98.44,85.63999999999999,1,1,1.0
16385,11,811.76,577.71,46.460000000000036,72.77999999999997,1,1,1.0
16385,12,0.0,502.91,24.27,36.73999999999995,1,1,1.0
16385,13,0.0,21.8,264.4,660.0,1,1,1.0
16385,15,0.0,524.24,42.26,83.85000000000002,1,1,1.0
16385,16,1183.91,659.35,39.63999999999987,60.64999999999998,1,1,1.0
16385,17,313.94,40.46,407.91,615.89,1,1,1.0
16385,18,13.9,626.24,32.52,54.58000000000004,1,1,1.0
16385,19,910.8,648.89,83.18000000000006,60.33000000000004,1,1,1.0
16390,1,464.19,633.1,93.48999999999995,77.15999999999997,1,1,1.0
16390,11,913.22,613.08,47.620000000000005,72.16999999999996,1,1,1.0
16390,12,616.52,571.0,28.019999999999982,39.10000000000002,1,1,1.0
16390,13,0.0,58.4,382.8,595.27,1,1,1.0
16390,15,576.07,580.59,42.89999999999998,83.44999999999993,1,1,1.0
16390,16,1184.14,657.21,40.36999999999989,62.789999999999964,1,1,1.0
16390,17,354.41,39.9,348.19,560.41,1,1,1.0
16390,18,6.95,647.03,31.320000000000004,53.379999999999995,1,1,1.0
16390,19,843.72,652.57,79.81999999999994,58.44999999999993,1,1,1.0
16395,1,928.38,651.34,88.54999999999995,68.65999999999997,1,1,1.0
16395,11,1014.69,648.45,48.76999999999998,71.54999999999995,1,1,1.0
16395,12,1233.03,639.08,31.779999999999973,41.469999999999914,1,1,1.0
16395,13,70.21,14.0,604.79,611.55,1,1,1.0
16395,15,1152.15,636.94,43.52999999999997,83.05999999999995,1,1,1.0
16395,16,1184.37,655.06,41.11000000000013,64.94000000000005,1,1,1.0
16395,17,394.89,88.72,271.03999999999996,455.53999999999996,1,1,1.0
16395,18,0.0,667.83,30.13,52.16999999999996,1,1,1.0
16395,19,776.65,656.26,76.44000000000005,56.56000000000006,1,1,1.0
16400,1,942.54,650.35,83.59000000000015,69.64999999999998,1,1,1.0
16400,11,967.39,656.58,49.90999999999997,63.41999999999996,1,1,1.0
16400,12,1159.63,655.65,35.52999999999997,34.75999999999999,1,1,1.0
16400,13,230.94,11.95,594.24,565.6099999999999,1,1,1.0
16400,15,1048.74,653.11,44.180000000000064,66.88999999999999,1,1,1.0
16400,16,1184.6,652.91,41.840000000000146,67.09000000000003,1,1,1.0
16400,17,344.2,102.46,294.77000000000004,460.88000000000005,1,1,1.0
16400,18,0.0,660.58,99.16,54.99000000000001,1,1,1.0
16400,19,709.57,659.94,73.07999999999993,54.66999999999996,1,1,1.0
16405,1,956.69,649.36,78.64999999999986,70.63999999999999,1,1,1.0
16405,11,920.09,664.72,51.059999999999945,55.27999999999997,1,1,1.0
16405,12,1086.22,672.22,39.289999999999964,28.049999999999955,1,1,1.0
16405,13,391.67,9.9,583.69,519.6800000000001,1,1,1.0
16405,15,945.34,669.28,44.809999999999945,50.72000000000003,1,1,1.0
16405,16,1184.83,650.77,42.580000000000155,69.23000000000002,1,1,1.0
16405,17,293.52,116.2,318.48,466.21,1,1,1.0
16405,18,215.45,665.27,90.54000000000002,51.77999999999997,1,1,1.0
16405,19,642.49,663.63,69.71000000000004,52.77999999999997,1,1,1.0
16410,1,970.85,648.37,73.68999999999994,71.63,1,1,1.0
16410,11,872.79,672.86,52.210000000000036,47.139999999999986,1,1,1.0
16410,12,1012.82,688.79,43.04999999999984,21.350000000000023,1,1,1.0
16410,13,552.39,7.86,573.15,473.72999999999996,1,1,1.0
16410,15,841.93,685.45,45.450000000000045,34.549999999999955,1,1,1.0
16410,16,1185.06,648.62,43.309999999999945,71.38,1,1,1.0
16410,17,242.83,129.94,342.2099999999999,471.55,1,1,1.0
16410,18,430.9,669.97,81.90999999999997,48.549999999999955,1,1,1.0
16410,19,575.42,667.31,66.34000000000003,50.8900000000001,1,1,1.0
16415,1,985.0,647.38,68.75,72.62,1,1,1.0
16415,11,825.49,681.0,53.35000000000002,39.0,1,1,1.0
16415,12,939.42,705.36,46.80000000000007,14.639999999999986,1,1,1.0
16415,13,713.12,5.81,562.61,427.8,1,1,1.0
16415,15,738.53,701.62,46.09000000000003,18.379999999999995,1,1,1.0
16415,16,1185.29,646.47,44.039999999999964,73.52999999999997,1,1,1.0
16415,17,192.15,143.68,365.93000000000006,476.87999999999994,1,1,1.0
16415,18,646.35,674.66,73.28999999999996,45.34000000000003,1,1,1.0
16415,19,508.34,671.0,62.96999999999997,49.0,1,1,1.0
16420,1,974.63,673.83,63.80000000000007,46.16999999999996,1,1,1.0
16420,11,750.92,677.68,54.5,42.32000000000005,1,1,1.0
16420,12,776.78,621.41,50.56000000000006,29.090000000000032,1,1,1.0
16420,13,817.54,6.78,452.96000000000004,614.9200000000001,1,1,1.0
16420,15,605.76,628.56,46.72000000000003,41.120000000000005,1,1,1.0
16420,16,1185.61,689.87,44.7800000000002,30.129999999999995,1,1,1.0
16420,17,24.8,43.54,445.33,662.76,1,1,1.0
16420,18,690.77,690.32,64.65999999999997,29.67999999999995,1,1,1.0
16420,19,537.65,580.02,51.860000000000014,51.81000000000006,1,1,1.0
16425,1,948.77,693.49,58.85000000000002,26.50999999999999,1,1,1.0
16425,11,676.34,674.36,55.65999999999997,45.639999999999986,1,1,1.0
16425,12,614.15,537.46,54.31000000000006,43.549999999999955,1,1,1.0
16425,13,945.19,0.0,334.80999999999995,525.2,1,1,1.0
16425,15,472.99,555.51,47.360000000000014,63.85000000000002,1,1,1.0
16425,16,1140.46,710.04,43.5,9.960000000000036,1,1,1.0
16425,17,69.3,61.94,389.12,643.3599999999999,1,1,1.0
16425,18,842.65,552.05,56.02999999999997,50.81000000000006,1,1,1.0
16425,19,566.96,489.05,40.74000000000001,54.61999999999995,1,1,1.0
16430,1,928.7,356.9,44.24000000000001,69.36000000000001,1,1,1.0
16430,11,151.6,464.83,45.20000000000002,71.87000000000006,1,1,1.0
16430,12,451.52,453.5,58.06999999999999,58.00999999999999,1,1,1.0
16430,13,561.68,368.87,36.270000000000095,59.79000000000002,1,1,1.0
16430,15,340.21,482.45,48.01000000000005,86.58999999999997,1,1,1.0
16430,16,1116.6,418.5,40.3900000000001,67.22000000000003,1,1,1.0
16430,17,555.58,544.5,47.219999999999914,75.07000000000005,1,1,1.0
16430,18,994.52,413.79,47.41000000000008,71.94,1,1,1.0
16430,19,596.26,398.07,29.639999999999986,57.43000000000001,1,1,1.0
16435,1,930.05,350.83,46.66000000000008,77.10000000000002,1,1,1.0
16435,11,157.29,464.83,47.52000000000001,73.04000000000002,1,1,1.0
16435,12,495.03,445.14,58.07000000000005,58.00999999999999,1,1,1.0
16435,13,590.13,372.22,36.26999999999998,59.789999999999964,1,1,1.0
16435,15,337.54,482.11,48.0,86.60000000000002,1,1,1.0
16435,16,1134.17,408.26,46.25,80.80000000000001,1,1,1.0
16435,17,537.17,505.42,68.50999999999999,104.10999999999996,1,1,1.0
16435,18,1022.97,412.11,47.41000000000008,71.94,1,1,1.0
16435,19,618.02,396.4,52.860000000000014,82.64000000000004,1,1,1.0
16440,1,931.4,344.75,49.07000000000005,84.85000000000002,1,1,1.0
16440,11,162.98,464.83,49.84,74.19999999999999,1,1,1.0
16440,12,499.71,440.12,58.06999999999999,58.00999999999999,1,1,1.0
16440,13,595.71,372.78,36.25999999999999,59.79000000000002,1,1,1.0
16440,15,334.86,481.78,48.0,86.59000000000003,1,1,1.0
16440,16,1139.75,408.26,46.25,80.80000000000001,1,1,1.0
16440,17,527.13,511.0,68.50999999999999,104.11000000000001,1,1,1.0
16440,18,1026.32,413.23,47.41000000000008,71.94,1,1,1.0
16440,19,659.85,383.01,52.860000000000014,82.63999999999999,1,1,1.0
16445,1,932.75,338.68,51.49000000000001,92.59999999999997,1,1,1.0
16445,11,168.67,464.83,52.160000000000025,75.37000000000006,1,1,1.0
16445,12,504.4,435.1,58.07000000000005,58.0,1,1,1.0
16445,13,601.28,373.34,36.26999999999998,59.79000000000002,1,1,1.0
16445,15,332.18,481.44,48.0,86.59999999999997,1,1,1.0
16445,16,1145.33,408.26,46.24000000000001,80.80000000000001,1,1,1.0
16445,17,517.09,516.57,68.50999999999999,104.1099999999999,1,1,1.0
16445,18,1029.67,414.34,47.409999999999854,71.94,1,1,1.0
16445,19,668.22,376.32,52.860000000000014,82.63999999999999,1,1,1.0
16450,1,934.1,332.6,53.89999999999998,100.34999999999997,1,1,1.0
16450,11,174.36,464.83,54.47999999999999,76.54000000000002,1,1,1.0
16450,12,509.08,430.08,58.06999999999999,58.0,1,1,1.0
16450,13,606.86,373.89,36.26999999999998,59.79000000000002,1,1,1.0
16450,15,329.5,481.11,48.0,86.59000000000003,1,1,1.0
16450,16,1150.91,408.26,46.24000000000001,80.80000000000001,1,1,1.0
16450,17,507.04,522.15,68.51999999999992,104.11000000000001,1,1,1.0
16450,18,1033.01,415.46,47.41000000000008,71.94,1,1,1.0
16450,19,676.59,369.62,52.860000000000014,82.64999999999998,1,1,1.0
16455,1,949.4,364.1,46.129999999999995,65.5,1,1,1.0
16455,11,180.05,464.83,56.79999999999998,77.69999999999999,1,1,1.0
16455,12,513.77,425.06,58.07000000000005,58.0,1,1,1.0
16455,13,615.23,373.34,36.26999999999998,59.79000000000002,1,1,1.0
16455,15,326.83,480.78,48.0,86.59000000000003,1,1,1.0
16455,16,1164.29,402.41,46.25,80.79999999999995,1,1,1.0
16455,17,497.84,513.79,68.52000000000004,104.11000000000001,1,1,1.0
16455,18,1035.24,414.06,47.41000000000008,71.94999999999999,1,1,1.0
16455,19,715.5,397.4,37.379999999999995,63.23000000000002,1,1,1.0
16460,1,949.16,325.91,53.89999999999998,100.34999999999997,1,1,1.0
16460,11,185.07,461.9,56.80000000000001,77.70000000000005,1,1,1.0
16460,12,518.46,420.04,58.069999999999936,58.0,1,1,1.0
16460,13,623.6,372.78,36.25999999999999,59.79000000000002,1,1,1.0
16460,15,321.81,478.27,48.0,86.59000000000003,1,1,1.0
16460,16,1177.68,396.55,46.25,80.80000000000001,1,1,1.0
16460,17,488.64,505.42,68.50999999999999,104.10999999999996,1,1,1.0
16460,18,1037.47,412.67,47.41000000000008,71.94,1,1,1.0
16460,19,703.36,372.97,52.860000000000014,82.63999999999999,1,1,1.0
16465,1,980.99,342.6,35.460000000000036,83.65999999999997,1,1,1.0
16465,11,190.09,458.97,56.79999999999998,77.69999999999993,1,1,1.0
16465,12,527.94,415.01,58.069999999999936,58.00999999999999,1,1,1.0
16465,13,631.96,372.22,36.26999999999998,59.789999999999964,1,1,1.0
16465,15,316.79,475.76,48.0,86.59000000000003,1,1,1.0
16465,16,1201.9,413.4,36.52999999999997,63.39000000000004,1,1,1.0
16465,17,488.64,505.42,36.75999999999999,85.68,1,1,1.0
16465,18,1039.71,411.27,47.409999999999854,71.95000000000005,1,1,1.0
16465,19,736.83,387.9,52.860000000000014,71.06,1,1,1.0
16470,1,999.4,335.91,35.45999999999992,83.64999999999998,1,1,1.0
16470,11,195.11,456.05,56.79999999999998,77.69999999999999,1,1,1.0
16470,12,537.42,409.99,58.07000000000005,58.00999999999999,1,1,1.0
16470,13,649.54,364.69,36.25999999999999,59.79000000000002,1,1,1.0
16470,15,315.53,471.15,48.0,86.60000000000002,1,1,1.0
16470,16,1211.55,404.14,41.38000000000011,72.09000000000003,1,1,1.0
16470,17,481.11,502.91,36.75999999999999,85.68,1,1,1.0
16470,18,1041.94,409.88,47.409999999999854,71.94,1,1,1.0
16470,19,745.2,383.78,52.8599999999999,76.85000000000002,1,1,1.0
16475,1,1017.8,329.21,35.47000000000003,83.66000000000003,1,1,1.0
16475,11,200.13,453.12,56.80000000000001,77.70000000000005,1,1,1.0
16475,12,546.9,404.97,58.07000000000005,58.00999999999999,1,1,1.0
16475,13,667.11,357.16,36.25999999999999,59.789999999999964,1,1,1.0
16475,15,314.28,466.55,48.0,86.58999999999997,1,1,1.0
16475,16,1221.19,394.88,46.25,80.80000000000001,1,1,1.0
16475,17,473.58,500.4,36.75999999999999,85.68000000000006,1,1,1.0
16475,18,1044.17,408.49,47.409999999999854,71.94,1,1,1.0
16475,19,753.57,379.67,52.8599999999999,82.63999999999999,1,1,1.0
16480,1,1037.05,327.54,35.460000000000036,83.65999999999997,1,1,1.0
16480,11,202.92,446.42,56.80000000000004,77.69999999999999,1,1,1.0
16480,12,557.78,402.46,58.07000000000005,58.01000000000005,1,1,1.0
16480,13,685.51,353.81,36.26999999999998,59.79000000000002,1,1,1.0
16480,15,313.02,461.95,48.0,86.58999999999997,1,1,1.0
16480,16,1241.27,391.53,38.73000000000002,80.80000000000001,1,1,1.0
16480,17,477.48,492.59,36.75999999999999,85.68,1,1,1.0
16480,18,1046.4,407.09,47.409999999999854,71.94,1,1,1.0
16480,19,756.08,377.16,52.860000000000014,82.63999999999999,1,1,1.0
16485,1,1056.29,325.87,35.47000000000003,83.64999999999998,1,1,1.0
16485,11,205.71,439.73,56.79999999999998,77.69999999999993,1,1,1.0
16485,12,568.66,399.95,58.07000000000005,58.00999999999999,1,1,1.0
16485,13,702.25,357.16,36.26999999999998,59.789999999999964,1,1,1.0
16485,15,311.77,457.35,48.0,86.59000000000003,1,1,1.0
16485,16,1241.27,391.53,38.73000000000002,80.80000000000001,1,1,1.0
16485,17,481.38,484.78,36.76999999999998,85.68000000000006,1,1,1.0
16485,18,1056.44,407.09,47.409999999999854,71.94,1,1,1.0
16485,19,758.59,374.65,52.860000000000014,82.64000000000004,1,1,1.0
16490,1,1081.39,314.15,35.4699999999998,83.66000000000003,1,1,1.0
16490,11,208.5,433.04,56.80000000000001,77.69999999999999,1,1,1.0
16490,12,577.86,390.75,58.069999999999936,58.00999999999999,1,1,1.0
16490,13,722.33,343.77,36.26999999999998,59.79000000000002,1,1,1.0
16490,15,311.77,457.35,48.0,86.59000000000003,1,1,1.0
16490,16,1241.27,391.53,38.73000000000002,80.80000000000001,1,1,1.0
16490,17,485.29,476.97,36.759999999999934,85.67999999999995,1,1,1.0
16490,18,1068.15,402.07,47.409999999999854,71.94,1,1,1.0
16490,19,776.99,371.3,52.860000000000014,82.63999999999999,1,1,1.0
16495,1,1096.46,294.09,57.200000000000045,85.31,1,1,1.0
16495,11,208.5,433.04,56.80000000000001,77.69999999999999,1,1,1.0
16495,12,587.07,381.55,58.069999999999936,58.0,1,1,1.0
16495,13,722.33,343.77,59.66999999999996,59.79000000000002,1,1,1.0
16495,15,311.77,457.35,48.0,86.59000000000003,1,1,1.0
16495,16,1241.27,391.53,38.73000000000002,80.80000000000001,1,1,1.0
16495,17,485.29,476.97,36.759999999999934,85.67999999999995,1,1,1.0
16495,18,1084.89,381.99,47.409999999999854,71.94,1,1,1.0
16495,19,784.7,371.3,45.14999999999998,69.09999999999997,1,1,1.0
